<?xml version="1.0"?>
<?xml-stylesheet type="text/xsl" href="billres.xsl"?>
<!DOCTYPE resolution PUBLIC "-//US Congress//DTDs/res.dtd//EN" "res.dtd">
<resolution resolution-stage="Introduced-in-House" dms-id="H44319C6A822C4B7CB21EC2CC5F4B0AD3" public-private="public" resolution-type="house-concurrent" star-print="no-star-print" key="H"><metadata xmlns:dc="http://purl.org/dc/elements/1.1/">
<dublinCore>
<dc:title>117 HCON 110 IH: Commending the bravery, courage, and resolve of the women and men of Iran demonstrating in more than 80 cities and risking their safety to speak out against the Iranian regime’s human rights abuses.</dc:title>
<dc:publisher>U.S. House of Representatives</dc:publisher>
<dc:date>2022-09-29</dc:date>
<dc:format>text/xml</dc:format>
<dc:language>EN</dc:language>
<dc:rights>Pursuant to Title 17 Section 105 of the United States Code, this file is not subject to copyright protection and is in the public domain.</dc:rights>
</dublinCore>
</metadata>
<form>
<distribution-code display="yes">IV</distribution-code><congress display="yes">117th CONGRESS</congress><session display="yes">2d Session</session><legis-num display="yes">H. CON. RES. 110</legis-num><current-chamber>IN THE HOUSE OF REPRESENTATIVES</current-chamber><action display="yes"><action-date date="20220929">September 29, 2022</action-date><action-desc><sponsor name-id="T000478">Ms. Tenney</sponsor> (for herself, <cosponsor name-id="M001157">Mr. McCaul</cosponsor>, and <cosponsor name-id="M001203">Mr. Malinowski</cosponsor>) submitted the following concurrent resolution; which was referred to the <committee-name committee-id="HFA00">Committee on Foreign Affairs</committee-name></action-desc></action><legis-type>CONCURRENT RESOLUTION</legis-type><official-title display="yes">Commending the bravery, courage, and resolve of the women and men of Iran demonstrating in more than 80 cities and risking their safety to speak out against the Iranian regime’s human rights abuses.</official-title></form><preamble><whereas><text>Whereas, on September 16, 2022, 22-year-old Mahsa Amini passed away in the custody of Iranian <quote>morality police</quote> following a 3-day coma due to wounds, including bone fracture, hemorrhage, and cerebral edema consistent with severe beating, inflicted by the police for purportedly wearing a hijab improperly;</text></whereas><whereas><text>Whereas, on September 17, Iranians gathered in the streets of Tehran to protest the killing of Mahsa Amini;</text></whereas><whereas><text>Whereas demonstrations have since spread to more than 80 cities and 20 universities in Iran, where women are removing or burning hijabs, cutting their hair, and dancing in front of Iranian security forces, joined by their fellow Iranian citizens;</text></whereas><whereas><text>Whereas Iranian security forces have responded to such demonstrations with violence and detentions, including detentions of journalists and activists for covering the protests;</text></whereas><whereas><text>Whereas the security forces have killed a reported 76 protestors, including at least 4 children; however, the number of injuries and deaths is likely higher but unobtainable due to internet blackouts;</text></whereas><whereas><text>Whereas at least 1,200 Iranians have been arrested across Iran according to official sources, and many thousands more have been detained according to independent reports; </text></whereas><whereas><text>Whereas videos, images, and demonstrations have spread to social media platforms and are an important way for the voices of the Iranian people to be heard;</text></whereas><whereas><text>Whereas internet monitoring groups have reported that the Iranian regime has—</text><paragraph id="id29F32A1AB5104E7DB06A048623895E0E"><enum>(1)</enum><text>caused near-total disruption of internet connectivity in parts of Iran and partial disruptions in city centers; and </text></paragraph><paragraph id="id77C112C60F4D4F1B8B1272CC41BC0452"><enum>(2)</enum><text>blocked WhatsApp, Twitter, Telegram, Facebook, Instagram, and video games with chat functions;</text></paragraph></whereas><whereas><text>Whereas common protest chants include— </text><paragraph id="id40100ED703F0418392E3A1BE8341B12C"><enum>(1)</enum><text><quote>Women, life, and freedom!</quote>; </text></paragraph><paragraph id="id457CF22737E84DCB8DE652E36D6CC6ED"><enum>(2)</enum><text><quote>Iranians die but will not be suppressed!</quote>; and </text></paragraph><paragraph id="idA397A538C7A44A9A89753FB5EF88E97A"><enum>(3)</enum><text><quote>Death to the dictator Ayatollah Ali Khamenei!</quote>;</text></paragraph></whereas><whereas><text>Whereas the Iranian regime has a long history of structural and legal discrimination against women, including barriers for women seeking justice against domestic violence and criminal prohibitions against women singing or showing hair in public and studying certain technical subjects;</text></whereas><whereas><text>Whereas the Iranian regime approved of <quote>depriving one social right or more</quote> for any woman who posts an unveiled picture of herself on social media, and, in August 2022, approved of enforcing mandatory hijab laws through facial recognition; </text></whereas><whereas><text>Whereas, through misogynistic criminal statutes, the Iranian regime for decades has detained and engaged in the ongoing persecution of women, including—</text><paragraph id="id2444191ce5e24000b88e5b3394013fd1"><enum>(1)</enum><text>Saba Kord Afshari, who was sentenced to 15 years in prison for posting videos to social media without a hijab and transferred into Ward 6 of the notorious Qarchak Women's Prison, identified by the Secretary of the Treasury for gross violations of human rights;</text></paragraph><paragraph id="id1543241FB8AD4B1C877A05C364BBADC7"><enum>(2)</enum><text>Raheleh Ahmadi, mother of Afshari, who was sentenced to 2 years in prison for advocacy on behalf of Afshari; </text></paragraph><paragraph id="id923f11e8978e42639eb92e00701962a4"><enum>(3)</enum><text>Yasaman Aryani, her mother Monireh Arabshahi, and Mojgan Keshavarz, who were sentenced to between 16 and 23 years in prison for posting a video for International Women’s Day in 2019, during which they walked without headscarves through a metro train in Tehran, handing flowers to female passengers;</text></paragraph><paragraph id="id6f97c8258dd44348bb55f613e08dbb61"><enum>(4)</enum><text>human rights attorney Nasrin Sotoudeh, who was sentenced in 2019 to 38 years in prison and 148 lashes for providing legal defense services to women charged with not wearing a hijab;</text></paragraph><paragraph id="ida5e57a8b619340ca9c75edd5d883dffb"><enum>(5)</enum><text>Narges Mohammadi, a prominent rights advocate, who—</text><subparagraph id="id7CA0561967914194BB81D0E7239751F3"><enum>(A)</enum><text>was arrested in November 2019 on the second anniversary of countrywide protests and is currently serving a 2-year sentence in prison; and</text></subparagraph><subparagraph id="idADD2392B7425418D8638D44635479F32"><enum>(B)</enum><text>previously, had been sentenced to 10 years in prison in May 2015 for <quote>establishing an illegal group</quote>, <quote>assembly and collusion to act against national security</quote>, and <quote>propaganda against the state</quote>;</text></subparagraph></paragraph><paragraph id="id7526ae90198e422e8667be5cb52375a4"><enum>(6)</enum><text>former Vice President for Women and Family Affairs Shahindokht Molaverdi, who was charged with encouraging <quote>corruption, prostitution, and sexual deviance</quote>, a common charge against women refusing mandatory hijab laws, and sentenced in December 2020 to 30 months in prison for defending the right of women to attend sporting events and criticizing the practice of child marriage;</text></paragraph><paragraph id="id51ccde0ed5354117a2e06672a4dc58d0"><enum>(7)</enum><text>six women who were sentenced by the Culture and Media Court of Tehran in July 2022 to each serve 1 year in prison for the offense of singing songs in public; </text></paragraph><paragraph id="idA37667501F194019AD182406746A38A1"><enum>(8)</enum><text>Niloufar Hamedi, one of the first Iranian journalists to report on Mahsa Amini’s death, who was arrested on September 22, 2022, and is being held in solitary confinement; and</text></paragraph><paragraph id="id0420d8e03cd64370b899030d5bcb0ea1"><enum>(9)</enum><text>countless other women; and</text></paragraph></whereas><whereas><text>Whereas peaceful protests in Iran over the last year have focused on grievances that include—</text><paragraph id="idB7FB1C1746AD42B1915992677CC9BF60"><enum>(1)</enum><text>mismanagement of the economy and national resources; </text></paragraph><paragraph id="id24F2B15BC11A421D9D50A3FD5B21F395"><enum>(2)</enum><text>prioritization of funding for terror groups and pariah regimes over social services for the people of Iran; and</text></paragraph><paragraph id="idC957380A482A475EB36018A9EAE513C1"><enum>(3)</enum><text>widespread political corruption: Now, therefore, be it</text></paragraph></whereas></preamble><resolution-body style="traditional" id="H80FF1395DD1345A38A7C821E98059862"><section display-inline="yes-display-inline" section-type="undesignated-section" id="HBAB267466F0B4C05B1F9107CF50910F8"><enum/><text>That Congress—</text><paragraph id="H7A683D1C14D148FAAC3BC8F3D12AF898"><enum>(1)</enum><text>commends the bravery, courage, and resolve of the women and men of Iran who are—</text><subparagraph id="HC4731224E3C246B3BEF7DB83C8EB81F0"><enum>(A)</enum><text>participating in the current protests to defend their fundamental human rights; and </text></subparagraph><subparagraph id="H62B43FE67CC6411E919408F5C1AFDC1C"><enum>(B)</enum><text>risking their safety to speak out against the human rights abuses committed by the Iranian regime;</text></subparagraph></paragraph><paragraph id="H5C60F531ECC143CCB49B30EC609E3030"><enum>(2)</enum><text>condemns—</text><subparagraph id="H8720C352C2DF4DDEAA7CB5BFD0133935"><enum>(A)</enum><text>the brutal beating and death of Mahsa Amini; and</text></subparagraph><subparagraph id="H8C9BDDA9958A40FA9733EF4787A225BA"><enum>(B)</enum><text> the violent suppression by the Iranian regime of women and men participating in the current demonstrations, including children, and calls for transparent accountability for all killings of protesters by Iranian security forces;</text></subparagraph></paragraph><paragraph id="H427D66472AD641109D0D9027F7FFCFFB"><enum>(3)</enum><text>supports internet freedom programs that circumvent the regime, including the Open Technology Fund, which provides support for VPNs and other alternatives that can be used to bypass attempts by authoritarian governments to censor internet access during times of protest, and commends private entities willing to provide programs to circumvent such censorship;</text></paragraph><paragraph id="H343BD8EB0F104DB1A6DE80CDEE742F51"><enum>(4)</enum><text>encourages continued efforts by the Biden Administration to respond to the protests, including the recent sanctioning of the Iranian morality police, and further encourages the Biden Administration—</text><subparagraph id="HCF37456491004D43814197561134B238"><enum>(A)</enum><text>to immediately impose, under existing authorities, additional human rights sanctions on officials and entities responsible for the repression of the current protests; </text></subparagraph><subparagraph id="HEED8671E47B24CF8802EE674A22A29C9"><enum>(B)</enum><text>to prioritize efforts to expand unrestricted internet access in Iran, consistent with existing law; and</text></subparagraph><subparagraph id="H1BB67D65546E412DBCE4E04A72C57FAD"><enum>(C)</enum><text>to work to develop a strategy to prevent the Iranian regime from obtaining and exploiting facial recognition data and software for the use of mass surveillance and enforcement of mandatory hijab;</text></subparagraph></paragraph><paragraph id="H3DCA7E23CE784305A4D1B2EF34837B91"><enum>(5)</enum><text>encourages the private sector, following the recent clarification by the Biden Administration of sanctions exemptions on communications technology, to work with the Biden Administration to ensure protestors and activists have access to tools needed to circumvent government surveillance and repression; and</text></paragraph><paragraph id="HF6CD7210E0D14B3D8508A4B9755D6861"><enum>(6)</enum><text>welcomes the efforts of the international community to support protestors in Iran, and calls on the international community—</text><subparagraph id="HDD8C72463CC746A59D7B0DA2DB27008A"><enum>(A)</enum><text>to publicly condemn violence by the Iranian regime against peaceful protesters; </text></subparagraph><subparagraph id="H7E015384E76C46BEA313B9796C7E00D1"><enum>(B)</enum><text>to speak out against violations by the regime of fundamental human rights, including the freedom of expression, assembly, and redress of grievances of the Iranian people; and</text></subparagraph><subparagraph id="H8974E5555FA74F74B8E9303118EB053C"><enum>(C)</enum><text>impose human rights sanctions on officials and entities that are responsible for the repression of current protests and involved in violating the human rights of the Iranian people. </text></subparagraph></paragraph></section></resolution-body></resolution> 

