<?xml version="1.0"?>
<?xml-stylesheet type="text/xsl" href="billres.xsl"?>
<!DOCTYPE resolution PUBLIC "-//US Congress//DTDs/res.dtd//EN" "res.dtd">
<resolution resolution-stage="Engrossed-in-House" dms-id="HFDEFB66645A04AB1B26C4880D73E3EBE" public-private="public" resolution-type="house-concurrent" star-print="no-star-print" key="H" stage-count="1"> 
<metadata xmlns:dc="http://purl.org/dc/elements/1.1/">
<dublinCore>
<dc:title>117 HCON 70 EH: Condemning threats of violence against historically Black colleges and universities (“HBCUs”) and reaffirming support for HBCUs and their students.</dc:title>
<dc:publisher>U.S. House of Representatives</dc:publisher>
<dc:date></dc:date>
<dc:format>text/xml</dc:format>
<dc:language>EN</dc:language>
<dc:rights>Pursuant to Title 17 Section 105 of the United States Code, this file is not subject to copyright protection and is in the public domain.</dc:rights>
</dublinCore>
</metadata>
<form>
<distribution-code display="no">IV</distribution-code> 
<congress display="yes">117th CONGRESS</congress> 
<session display="yes">2d Session</session> 
<legis-num display="yes">H. CON. RES. 70</legis-num> 
<current-chamber display="no">IN THE HOUSE OF REPRESENTATIVES</current-chamber> 
<legis-type>CONCURRENT RESOLUTION</legis-type> 
<official-title display="no">Condemning threats of violence against historically Black colleges and universities (<quote>HBCUs</quote>) and reaffirming support for HBCUs and their students.</official-title> 
</form> 
<preamble> 
<whereas><text>Whereas the Federal Bureau of Investigation is investigating the bomb threats made in January and February 2022 against HBCUs as racially or ethnically motivated violent extremism and hate crimes;</text></whereas> <whereas><text>Whereas a high-quality education is central to economic prosperity and social well-being in the United States;</text></whereas> 
<whereas><text>Whereas HBCUs provide educational and economic opportunities for postsecondary students;</text></whereas> <whereas><text>Whereas these institutions educate and produce a significant share of the Nation’s Black leaders and innovators;</text></whereas> 
<whereas><text>Whereas as early as the 19th century, HBCUs were established in response to discriminatory practices that excluded Black Americans from pursuing an education in the United States;</text></whereas> <whereas><text>Whereas, on January 5, 2022, at least 8 HBCUs received bomb threats, including Howard University, Xavier University, University of Arkansas at Pine Bluff, Prairie View A&amp;M University, North Carolina Central University, Florida Memorial University, Norfolk State University, and Spelman College;</text></whereas> 
<whereas><text>Whereas, on January 31, 2022, at least 6 HBCUs received bomb threats, including Southern University and A&amp;M, Howard University, Bethune-Cookman University, Albany State University, Bowie State University, and Delaware State University;</text></whereas> <whereas><text>Whereas, on February 1, 2022, the first day of Black History Month, at least 18 HBCUs received bomb threats, including Shorter College, Philander Smith College, Arkansas Baptist College, the University of the District of Columbia, Howard University, Edward Waters University, Spelman College, Fort Valley State University, Kentucky State University, Xavier University, Coppin State University, Morgan State University, Jackson State University, Alcorn State University, Mississippi Valley State University, Rust College, Tougaloo College, and Harris-Stowe State University;</text></whereas> 
<whereas><text>Whereas HBCUs provide an environment of belonging, safety, and security for Black students, faculty, and administrators; and</text></whereas> <whereas><text>Whereas these threats against HBCUs disrupt campus environments, obstruct educational opportunities, increase anxiety, and instill fear: Now, therefore, be it</text></whereas></preamble> 
<resolution-body style="OLC" id="HB32D99893C6D49DEA017F9EF4288C578"> 
<section id="H573BAF285CFB4E2BBFAB7DB051764307" display-inline="yes-display-inline" section-type="undesignated-section"><text display-inline="yes-display-inline">That Congress—</text> <paragraph id="HBBB6BD30D0F54C9F906C08D177AC6D26"><enum>(1)</enum><text>condemns violence and the threat of violence against HBCUs, including bomb threats made against several HBCUs on January 5, 2022, January 31, 2022, and February 1, 2022; and</text></paragraph> 
<paragraph id="H05632258D4B949E9B5FD88C2F2A1097E"><enum>(2)</enum><text>reaffirms the commitment of the United States Federal Government to combat violence against HBCU students, faculty, and staff.</text></paragraph></section> </resolution-body> <attestation><attestation-group><attestation-date date="20220308" chamber="House">Passed the House of Representatives March 8, 2022.</attestation-date><attestor display="no">Cheryl L. Johnson,</attestor><role>Clerk.</role></attestation-group></attestation> <endorsement display="yes"></endorsement> </resolution> 

