<?xml version="1.0"?>
<?xml-stylesheet type="text/xsl" href="billres.xsl"?>
<!DOCTYPE resolution PUBLIC "-//US Congress//DTDs/res.dtd//EN" "res.dtd">
<resolution resolution-stage="Introduced-in-House" dms-id="HD613AF5CBCCB446986D47AE2392F5111" public-private="public" resolution-type="house-concurrent" star-print="no-star-print" key="H"><metadata xmlns:dc="http://purl.org/dc/elements/1.1/">
<dublinCore>
<dc:title>117 HCON 77 IH: Supporting United States bids to host the Men’s and Women’s Rugby World Cup tournaments.</dc:title>
<dc:publisher>U.S. House of Representatives</dc:publisher>
<dc:date>2022-03-03</dc:date>
<dc:format>text/xml</dc:format>
<dc:language>EN</dc:language>
<dc:rights>Pursuant to Title 17 Section 105 of the United States Code, this file is not subject to copyright protection and is in the public domain.</dc:rights>
</dublinCore>
</metadata>
<form>
<distribution-code display="yes">IV</distribution-code><congress display="yes">117th CONGRESS</congress><session display="yes">2d Session</session><legis-num display="yes">H. CON. RES. 77</legis-num><current-chamber>IN THE HOUSE OF REPRESENTATIVES</current-chamber><action display="yes"><action-date date="20220303">March 3, 2022</action-date><action-desc><sponsor name-id="M001195">Mr. Mooney</sponsor> (for himself, <cosponsor name-id="N000147">Ms. Norton</cosponsor>, <cosponsor name-id="G000565">Mr. Gosar</cosponsor>, <cosponsor name-id="C001117">Mr. Casten</cosponsor>, and <cosponsor name-id="H001067">Mr. Hudson</cosponsor>) submitted the following concurrent resolution; which was referred to the <committee-name committee-id="HFA00">Committee on Foreign Affairs</committee-name></action-desc></action><legis-type>CONCURRENT RESOLUTION</legis-type><official-title display="yes">Supporting United States bids to host the Men’s and Women’s Rugby World Cup tournaments.</official-title></form><preamble><whereas><text>Whereas, on October 20, 2021, USA Rugby, the national governing body for the sport in the United States, and partner organizations publicly launched the United States bid to host the Men’s Rugby World Cup in 2027 or 2031, and the Women’s Rugby World Cup in 2029;</text></whereas><whereas><text>Whereas rugby is one of the fastest growing sports in the United States, with more than 100,000 USA Rugby members playing in over 2,500 clubs nationwide, college and high school age players comprising nearly half of the community, and new professional and top-level rugby organizations continuing to build interest in the game;</text></whereas><whereas><text>Whereas the Women’s Rugby World Cup tournament will bring teams from 16 nations and the Men’s Rugby World Cup tournament will bring teams from 20 nations, presenting an opportunity for the United States as host country to demonstrate the highest achievable standards for hosting a global sporting event and to serve as a benchmark for future organizers;</text></whereas><whereas><text>Whereas hosting Men’s and Women’s Rugby World Cup tournaments in the United States brings with it the prospect of record-setting attendance and financial performance, with recent Rugby World Cup events bringing more than 242,000 fans from around the world to host countries and more than 1,700,000 spectators to stadiums, allowing revenues and tourism generated by the competition to be used for the further development of rugby and economic growth throughout our Nation;</text></whereas><whereas><text>Whereas 28 American cities are working with USA Rugby to plan for hosting upcoming Men’s and Women’s Rugby World Cup matches, with each of these cities embodying the diversity and enthusiasm of the world’s leading sports market and guaranteeing each participating team and its followers an exciting and welcoming atmosphere;</text></whereas><whereas><text>Whereas the United States offers a valuable and receptive market within which to further develop the sport of rugby, which in turn will have significant impact on and off the field through the sport’s contributions to healthy lifestyles, community development, and economic growth;</text></whereas><whereas><text>Whereas the United States possesses all necessary state-of-the-art infrastructure in its stadiums and potential host cities to ensure that the tournaments set a new standard of quality, comfort, security, and safety for players, officials, spectators, media, and sponsors alike;</text></whereas><whereas><text>Whereas hosting Men’s and Women’s Rugby World Cup tournaments in the United States would serve as a tremendous impetus to national and international goodwill, as the competition would bring people from many nations, along with a diverse domestic audience, together to enjoy a sport rooted in respect, inclusivity, and integrity; and</text></whereas><whereas><text>Whereas pursuant to World Rugby bidding procedures, certain Federal agencies have been asked to issue guarantees that, upon authorization or appropriation, would establish the conditions required to help make Men’s and Women’s Rugby World Cup tournaments hosted in the United States the most successful in history: Now, therefore, be it</text></whereas></preamble><resolution-body style="OLC" id="HF46A96B0EDA24E1D98E022EB4DE53788"><section id="HC1B39760037E4863BAC1707F99AAFFFC" display-inline="yes-display-inline" section-type="undesignated-section"><text>That Congress—</text><paragraph id="H5C0991979DDB48FFA0633A54A44BE791"><enum>(1)</enum><text>recognizes and supports the efforts of USA Rugby and its partners to bring upcoming Men’s and Women’s Rugby World Cup tournaments to the United States;</text></paragraph><paragraph id="H3C131751577046E5BBF45D51AAB5C981"><enum>(2)</enum><text>encourages the President of the United States and appropriate Federal agencies to support USA Rugby in its efforts to meet all requirements for the United States to host upcoming Men’s and Women’s Rugby World Cup tournaments; and</text></paragraph><paragraph id="H2CE44B48CCF645659F5D36ECE782488E"><enum>(3)</enum><text>stands prepared to give full consideration to legislative proposals or other requests by the President to provide support related to upcoming Men’s and Women’s Rugby World Cup tournaments if the United States is selected to host these events.</text></paragraph></section></resolution-body></resolution> 

