<?xml version="1.0"?>
<?xml-stylesheet type="text/xsl" href="billres.xsl"?>
<!DOCTYPE resolution PUBLIC "-//US Congress//DTDs/res.dtd//EN" "res.dtd">
<resolution resolution-stage="Introduced-in-House" dms-id="HAAB04FF9E7784F30882E97507E11AA0D" public-private="public" resolution-type="house-concurrent" star-print="no-star-print" key="H"><metadata xmlns:dc="http://purl.org/dc/elements/1.1/">
<dublinCore>
<dc:title>117 HCON 90 IH: Expressing the sense of Congress that the President should invoke the authorities provided under the Defense Production Act of 1950 to increase the production of baby formula and provide for the equitable distribution of baby formula through Federally qualified health centers.</dc:title>
<dc:publisher>U.S. House of Representatives</dc:publisher>
<dc:date>2022-05-17</dc:date>
<dc:format>text/xml</dc:format>
<dc:language>EN</dc:language>
<dc:rights>Pursuant to Title 17 Section 105 of the United States Code, this file is not subject to copyright protection and is in the public domain.</dc:rights>
</dublinCore>
</metadata>
<form>
<distribution-code display="yes">IV</distribution-code><congress display="yes">117th CONGRESS</congress><session display="yes">2d Session</session><legis-num display="yes">H. CON. RES. 90</legis-num><current-chamber>IN THE HOUSE OF REPRESENTATIVES</current-chamber><action display="yes"><action-date date="20220517">May 17, 2022</action-date><action-desc><sponsor name-id="G000583">Mr. Gottheimer</sponsor> (for himself, <cosponsor name-id="T000468">Ms. Titus</cosponsor>, <cosponsor name-id="B000574">Mr. Blumenauer</cosponsor>, <cosponsor name-id="B001298">Mr. Bacon</cosponsor>, <cosponsor name-id="M001135">Ms. Manning</cosponsor>, <cosponsor name-id="S001201">Mr. Suozzi</cosponsor>, <cosponsor name-id="S001215">Ms. Stevens</cosponsor>, <cosponsor name-id="S000344">Mr. Sherman</cosponsor>, <cosponsor name-id="P000614">Mr. Pappas</cosponsor>, <cosponsor name-id="P000616">Mr. Phillips</cosponsor>, <cosponsor name-id="S001208">Ms. Slotkin</cosponsor>, <cosponsor name-id="S001207">Ms. Sherrill</cosponsor>, <cosponsor name-id="C001055">Mr. Case</cosponsor>, <cosponsor name-id="C001059">Mr. Costa</cosponsor>, <cosponsor name-id="G000581">Mr. Vicente Gonzalez of Texas</cosponsor>, <cosponsor name-id="K000391">Mr. Krishnamoorthi</cosponsor>, <cosponsor name-id="H001085">Ms. Houlahan</cosponsor>, and <cosponsor name-id="C001067">Ms. Clarke of New York</cosponsor>) submitted the following concurrent resolution; which was referred to the <committee-name committee-id="HBA00">Committee on Financial Services</committee-name></action-desc></action><legis-type>CONCURRENT RESOLUTION</legis-type><official-title display="yes">Expressing the sense of Congress that the President should invoke the authorities provided under the Defense Production Act of 1950 to increase the production of baby formula and provide for the equitable distribution of baby formula through Federally qualified health centers.</official-title></form><resolution-body style="traditional" id="HB813F658E3984D31BB1BD1619105C38A"> 
<section display-inline="yes-display-inline" section-type="undesignated-section" id="HB33EFB47409B4474BDBC75BE4F9B1D12"><text display-inline="yes-display-inline">That it is the sense of Congress that the President should invoke the authorities provided under the Defense Production Act of 1950 (including the use of the prioritization of contracts, loans, loan guarantees, direct purchase authority, and the authority to procure and install equipment in private industrial facilities) to increase the production of baby formula and provide for the equitable distribution of baby formula through Federally qualified health centers.</text></section> </resolution-body></resolution>

