<?xml version="1.0"?>
<?xml-stylesheet type="text/xsl" href="billres.xsl"?>
<!DOCTYPE resolution PUBLIC "-//US Congress//DTDs/res.dtd//EN" "res.dtd">
<resolution resolution-stage="Introduced-in-House" dms-id="H361035E5529F4A888ECE1A702D0D3583" public-private="public" resolution-type="house-concurrent" star-print="no-star-print" key="H"><metadata xmlns:dc="http://purl.org/dc/elements/1.1/">
<dublinCore>
<dc:title>117 HCON 114 IH: Expressing support for the designation of the week of November 13 through November 19, 2022, as “National Caregiving Youth Week” to raise awareness and encourage national recognition of children and adolescents under 18 years of age who serve as a primary or secondary caregiver for family or household members.</dc:title>
<dc:publisher>U.S. House of Representatives</dc:publisher>
<dc:date>2022-11-15</dc:date>
<dc:format>text/xml</dc:format>
<dc:language>EN</dc:language>
<dc:rights>Pursuant to Title 17 Section 105 of the United States Code, this file is not subject to copyright protection and is in the public domain.</dc:rights>
</dublinCore>
</metadata>
<form>
<distribution-code display="yes">IV</distribution-code><congress display="yes">117th CONGRESS</congress><session display="yes">2d Session</session><legis-num display="yes">H. CON. RES. 114</legis-num><current-chamber>IN THE HOUSE OF REPRESENTATIVES</current-chamber><action display="yes"><action-date date="20221115">November 15, 2022</action-date><action-desc><sponsor name-id="F000462">Ms. Lois Frankel of Florida</sponsor> (for herself, <cosponsor name-id="L000551">Ms. Lee of California</cosponsor>, <cosponsor name-id="S000168">Ms. Salazar</cosponsor>, <cosponsor name-id="J000032">Ms. Jackson Lee</cosponsor>, <cosponsor name-id="D000631">Ms. Dean</cosponsor>, <cosponsor name-id="G000586">Mr. Garc&#237;a of Illinois</cosponsor>, and <cosponsor name-id="A000370">Ms. Adams</cosponsor>) submitted the following concurrent resolution; which was referred to the <committee-name committee-id="HED00">Committee on Education and Labor</committee-name></action-desc></action><legis-type>CONCURRENT RESOLUTION</legis-type><official-title display="yes">Expressing support for the designation of the week of November 13 through November 19, 2022, as <quote>National Caregiving Youth Week</quote> to raise awareness and encourage national recognition of children and adolescents under 18 years of age who serve as a primary or secondary caregiver for family or household members.</official-title></form><preamble> 
<whereas><text>Whereas the term <quote>caregiving youth</quote> refers to children and adolescents aged 18 years and under who serve as a primary or secondary caregiver for family or household members who are aging, have a chronic illness, disability, frailty, or other health condition for which they require assistance on a regular basis, including military families and veterans;</text></whereas> <whereas><text>Whereas there are an estimated three to five million caregiving youth nationwide;</text></whereas> 
<whereas><text>Whereas there has not been a comprehensive census calculating this population since 2005, leaving the actual number of youth in this population today unknown due to limited data collection, lack of formal recognition, and the hesitance of many families to share information on caregiving youth;</text></whereas> <whereas><text>Whereas the need for new national research is urgent in order to identify and support this underserved population;</text></whereas> 
<whereas><text>Whereas caregiving youth are distinct because they care specifically for a loved one who has one or more medical conditions or functional decline requiring care and support to undertake everyday activities;</text></whereas> <whereas><text>Whereas caregiving duties range from assisting with personal care, such as dressing, bathing, eating, toileting, or assisting with mobility, to managing medical equipment, administering medications, caring for a wound, preparing meals, translating language in medical settings, and more, all of which would typically be the responsibility of an adult;</text></whereas> 
<whereas><text>Whereas many caregiving youth also provide significant ongoing emotional support, particularly when a family member is struggling with a terminal or chronic illness;</text></whereas> <whereas><text>Whereas caregiving youth face challenges balancing their caregiving responsibilities with their education, mental health, and overall well-being because of the inherent challenges, demands, and stressors of providing care for an ill or disabled family member, therefore putting this population at greater risk of experiencing anxiety and depression, school dropout, and reduced educational options during transitions to adulthood;</text></whereas> 
<whereas><text>Whereas caregiving youth often do not have access to the resources and services available to adult family caregivers;</text></whereas> <whereas><text>Whereas families of color and low-income families are disproportionately likely to rely on caregiving youth;</text></whereas> 
<whereas><text>Whereas the number of caregiving youth is increasing due to an aging population, more multigeneration households, the opioid epidemic, lack of home care insurance and services, advances in technology allowing for complex care at home including for veterans, more single parent/grandparent households, and the COVID–19 pandemic; and</text></whereas> <whereas><text>Whereas when caregiving youth receive recognition and support, many of the challenges they experience can be mitigated, resulting in academic and personal success: Now, therefore, be it</text></whereas></preamble><resolution-body style="OLC" id="HD0C17694D45F43EABD4337E7B24E2BDC"> 
<section id="HB9CFE1090A1E42D8B87309EB4859C50D" display-inline="yes-display-inline" section-type="undesignated-section"><text>That Congress— </text> <paragraph id="HB0EA9F409A4C4FA0BD1E9C07D4BC9A1E"><enum>(1)</enum><text>supports the designation of <quote>National Caregiving Youth Week</quote>;</text></paragraph> 
<paragraph id="HA113A6075D734E81AD26D5B0CC13EEF8"><enum>(2)</enum><text>recognizes caregiving youth in the United States as an underserved and underrecognized population;</text></paragraph> <paragraph id="H96642BB381A24D07B5FDA17498C3FFB3"><enum>(3)</enum><text>encourages educators, research institutions, health care professionals, community leaders, policymakers, and others to become more familiar with the work, needs, and contributions of caregiving youth; and</text></paragraph> 
<paragraph id="H41A612534CDF4863AFB88A362F6A95FF"><enum>(4)</enum><text>supports Federal initiatives to provide up-to-date nationwide research on caregiving youth.</text></paragraph></section> </resolution-body></resolution>

