<?xml version="1.0"?>
<?xml-stylesheet type="text/xsl" href="billres.xsl"?>
<!DOCTYPE resolution PUBLIC "-//US Congress//DTDs/res.dtd//EN" "res.dtd">
<resolution resolution-stage="Introduced-in-House" dms-id="H9A91D1E70415437E82F738D495CCBD8B" public-private="public" resolution-type="house-concurrent" star-print="no-star-print" key="H"><metadata xmlns:dc="http://purl.org/dc/elements/1.1/">
<dublinCore>
<dc:title>117 HCON 99 IH: Recognizing the People’s Republic of China as the greatest foreign threat to United States peace, security, and stability.</dc:title>
<dc:publisher>U.S. House of Representatives</dc:publisher>
<dc:date>2022-07-13</dc:date>
<dc:format>text/xml</dc:format>
<dc:language>EN</dc:language>
<dc:rights>Pursuant to Title 17 Section 105 of the United States Code, this file is not subject to copyright protection and is in the public domain.</dc:rights>
</dublinCore>
</metadata>
<form>
<distribution-code display="yes">IV</distribution-code><congress display="yes">117th CONGRESS</congress><session display="yes">2d Session</session><legis-num display="yes">H. CON. RES. 99</legis-num><current-chamber>IN THE HOUSE OF REPRESENTATIVES</current-chamber><action display="yes"><action-date date="20220713">July 13, 2022</action-date><action-desc><sponsor name-id="B001302">Mr. Biggs</sponsor> submitted the following concurrent resolution; which was referred to the <committee-name committee-id="HFA00">Committee on Foreign Affairs</committee-name></action-desc></action><legis-type>CONCURRENT RESOLUTION</legis-type><official-title display="yes">Recognizing the People&#8217;s Republic of China as the greatest foreign threat to United States peace, security, and stability.</official-title></form><preamble> 
<whereas><text>Whereas the People’s Republic of China (PRC) has a population of approximately 1,400,000,000, compared to the United States population of approximately 330,000,000;</text></whereas> <whereas><text>Whereas the PRC’s economy is the second largest in the world, as measured by gross domestic product (GDP), behind only the United States;</text></whereas> 
<whereas><text>Whereas the PRC’s GDP will likely surpass United States GDP in the coming decades;</text></whereas> <whereas><text>Whereas the PRC has the largest active duty military in the world;</text></whereas> 
<whereas><text>Whereas the PRC has committed to aggressively modernizing its military capabilities in the coming decades;</text></whereas> <whereas><text>Whereas the PRC possesses nuclear-capable intercontinental ballistic missiles;</text></whereas> 
<whereas><text>Whereas the PRC does not share the democratic or free market values of the United States;</text></whereas> <whereas><text>Whereas Xi Jinping has been the de facto paramount leader of the PRC since November 2012, when he attained the positions of General Secretary of the Chinese Communist Party and Chairman of the Central Military Commission;</text></whereas> 
<whereas><text>Whereas Xi became the head of state of the PRC in March 2013, with a title usually labeled <quote>President</quote> in Western sources;</text></whereas> <whereas><text>Whereas President Xi has decisively broken with the foreign policy restraint practiced by his immediate predecessors;</text></whereas> 
<whereas><text>Whereas President Xi declared in a 2018 speech before the National People’s Congress that the PRC <quote>must ride on the mighty east wind of the new era, charge forward with a full tank and steadily steer the wheel with full power</quote>;</text></whereas> <whereas><text>Whereas the PRC has neoimperial ambitions to spread its power throughout the world;</text></whereas> 
<whereas><text>Whereas the PRC launched the Belt and Road Initiative (BRI) in 2013, to offer financing for transportation and energy infrastructure projects in dozens of countries;</text></whereas> <whereas><text>Whereas many of the BRI-participating countries are poor, unstable, or potentially vulnerable to debt dependence on Beijing;</text></whereas> 
<whereas><text>Whereas the PRC has released few details about the BRI, despite widespread calls from the United States, the International Monetary Fund, and other governments and multinational organizations for greater transparency;</text></whereas> <whereas><text>Whereas while the PRC has been opaque about the BRI, it has been very clear about its ambitions in the South China Sea in recent years;</text></whereas> 
<whereas><text>Whereas the PRC claims <quote>indisputable sovereignty over the South China Sea islands and their adjacent waters</quote>;</text></whereas> <whereas><text>Whereas this assertion of sovereignty is not, in fact, <quote>indisputable</quote> to the other countries in the region;</text></whereas> 
<whereas><text>Whereas Taiwan, Vietnam, Malaysia, Brunei, Indonesia, and the Philippines, a United States treaty ally, all dispute the PRC’s expansive South China Sea claims;</text></whereas> <whereas><text>Whereas the PRC continues to construct militarized artificial islands in the South China Sea to bolster its position;</text></whereas> 
<whereas><text>Whereas trillions of dollars of ship-borne commerce pass through the South China Sea each year, including to United States markets;</text></whereas> <whereas><text>Whereas the PRC continues to aggressively claim sovereignty over Taiwan;</text></whereas> 
<whereas><text>Whereas, on September 30, 2020, the PRC’s Premier, Li Keqiang, proclaimed that <quote>we will … resolutely oppose and curb any <quote>Taiwan independence</quote> separatist behaviors and external interference, … and promote … the reunification of the motherland</quote>;</text></whereas> <whereas><text>Whereas Beijing’s claims of sovereignty over Taiwan are belied by the fact that the Taiwanese people have independently governed their island for over 70 years;</text></whereas> 
<whereas><text>Whereas Taiwan is a vitally important friend and regional security partner of the United States;</text></whereas> <whereas><text>Whereas the Taiwan-United States bond has been solidified by the Taiwan Relations Act, the Taiwan Travel Act, and the <quote>Six Assurances</quote> first promulgated by the Reagan administration in 1982;</text></whereas> 
<whereas><text>Whereas the PRC continues to curtail the rights of the residents of the Hong Kong Special Administrative Region;</text></whereas> <whereas><text>Whereas, on June 30, 2020, the PRC’s National People’s Congress passed an expansive national security law to broadly criminalize democratic participation and protest in Hong Kong;</text></whereas> 
<whereas><text>Whereas this law and other efforts to curtail democratic participation in Hong Kong violates the PRC’s commitments in 1984 and 1997 to the United Kingdom to respect Hong Kong’s long tradition of economic and democratic freedoms for 50 years, beginning on July 1, 1997;</text></whereas> <whereas><text>Whereas the Beijing government’s increasingly hostile actions threaten the 85,000 American residents and 1,300 United States firms operating in Hong Kong;</text></whereas> 
<whereas><text>Whereas, in addition to the above and other geostrategic threats, the PRC wields enormous influence over the United States economy;</text></whereas> <whereas><text>Whereas the PRC holds over $1,000,000,000,000 in United States Treasury bonds, more than any other foreign nation except Japan;</text></whereas> 
<whereas><text>Whereas in recent years the PRC has maintained a massive trade surplus over the United States, valued at $345,600,000,000 in 2019, by manipulating its currency and maintaining unreasonably high tariffs, among other tactics;</text></whereas> <whereas><text>Whereas the PRC routinely pressures United States companies entering its market to cede their intellectual property and market licensing rights;</text></whereas> 
<whereas><text>Whereas the PRC frequently carries out cyberattacks on United States companies to steal trade secrets or other sensitive information it cannot obtain by other means;</text></whereas> <whereas><text>Whereas cyberattacks originating from the PRC target not only companies, but also United States Government and United States defense interests, academic institutions, nonprofit organizations, and average citizens; and</text></whereas> 
<whereas><text>Whereas it is likely that the PRC has access to the personal data of most citizens of the United States: Now, therefore, be it</text></whereas></preamble><resolution-body style="traditional" id="H0D987924D23843B28E72F718414258AA"> <section display-inline="yes-display-inline" section-type="undesignated-section" id="HECC927AA220A46D4B4CB489340DCE14C"><text>That Congress—</text> 
<paragraph id="HE1DD90CDE826450E804CF0C01A236139"><enum>(1)</enum><text display-inline="yes-display-inline">recognizes that the People’s Republic of China (PRC) currently poses the greatest foreign threat to United States peace, security, and stability;</text></paragraph> <paragraph id="H0604BE4B306143DAB790EB0EFB134CE7"><enum>(2)</enum><text>recognizes that the PRC, regardless of future leadership, will likely continue to be a major rival of the United States in the coming decades, due to the enormous cumulative size and scale of its population, economy, and military capabilities; and</text></paragraph> 
<paragraph id="H83E351A0DD3A4FCC907D05BDD67AEE83"><enum>(3)</enum><text display-inline="yes-display-inline"> supports a strategic approach to the PRC, grounded in principled realism and firm-but-measured competitive engagement whenever United States national interests are at stake, that has been outlined in sources including but not limited to—</text> <subparagraph id="HC2B2D9B997934217A780658E63BBD01F"><enum>(A)</enum><text>the United States Strategic Approach to the People’s Republic of China (May 2020);</text></subparagraph> 
<subparagraph id="H01C5946744A24A1485BB726D9A3BCA5E"><enum>(B)</enum><text>the National Defense Strategy of the United States of America (October 2018);</text></subparagraph> <subparagraph id="H0803E8ECD005477F96C57D46B3C61946"><enum>(C)</enum><text>the National Cyber Strategy of the United States of America (September 2018); and</text></subparagraph> 
<subparagraph id="H7316456D46BE43838F18AA02FACFC23B"><enum>(D)</enum><text>the National Security Strategy of the United States of America (December 2017).</text></subparagraph></paragraph></section> </resolution-body></resolution>

