<?xml version="1.0"?>
<?xml-stylesheet type="text/xsl" href="billres.xsl"?>
<!DOCTYPE resolution PUBLIC "-//US Congress//DTDs/res.dtd//EN" "res.dtd">
<resolution resolution-stage="Introduced-in-House" dms-id="H9B23EF19EE8E4A5E85286F6B263C8432" public-private="public" resolution-type="house-concurrent" star-print="no-star-print" key="H"><metadata xmlns:dc="http://purl.org/dc/elements/1.1/">
<dublinCore>
<dc:title>117 HCON 117 IH: Expressing the sense of Congress that public health professionals should be commended for their dedication and service to the United States on “Public Health Thank You Day”, November 21, 2022.</dc:title>
<dc:publisher>U.S. House of Representatives</dc:publisher>
<dc:date>2022-11-17</dc:date>
<dc:format>text/xml</dc:format>
<dc:language>EN</dc:language>
<dc:rights>Pursuant to Title 17 Section 105 of the United States Code, this file is not subject to copyright protection and is in the public domain.</dc:rights>
</dublinCore>
</metadata>
<form>
<distribution-code display="yes">IV</distribution-code><congress display="yes">117th CONGRESS</congress><session display="yes">2d Session</session><legis-num display="yes">H. CON. RES. 117</legis-num><current-chamber>IN THE HOUSE OF REPRESENTATIVES</current-chamber><action display="yes"><action-date date="20221117">November 17, 2022</action-date><action-desc><sponsor name-id="W000804">Mr. Wittman</sponsor> (for himself and <cosponsor name-id="R000486">Ms. Roybal-Allard</cosponsor>) submitted the following concurrent resolution; which was referred to the <committee-name committee-id="HIF00">Committee on Energy and Commerce</committee-name></action-desc></action><legis-type>CONCURRENT RESOLUTION</legis-type><official-title display="yes">Expressing the sense of Congress that public health professionals should be commended for their dedication and service to the United States on <quote>Public Health Thank You Day</quote>, November 21, 2022.</official-title></form><preamble> 
<whereas><text>Whereas the health, security, and well-being of all people in the United States is integral to a functioning democracy and strong economy;</text></whereas> <whereas><text>Whereas public health research and practice advances each of these core attributes of a thriving Nation;</text></whereas> 
<whereas><text>Whereas emerging and reemerging infectious and zoonotic diseases are an ongoing threat to the health of people in the United States and globally;</text></whereas> <whereas><text>Whereas COVID–19 has affirmed the dedication of public health professionals, including public health nurses, epidemiologists, mental health professionals, microbiologists, environmental health professionals, health educators, and many other critical professionals;</text></whereas> 
<whereas><text>Whereas the dedicated individuals who work to advance the public health play an instrumental role in lessening the burden of disease through research, surveillance and monitoring, education, and prevention by developing strategies, tools, policies, and programs, and in so doing are essential to improving quality of life and extending life expectancy;</text></whereas> <whereas><text>Whereas public health professionals have continuously shown their value in reducing and abating health and environmental threats such as influenza, tracing and addressing food-borne illnesses and other disease outbreaks, and promoting wellness by encouraging healthy behaviors;</text></whereas> 
<whereas><text>Whereas almost half a million Americans die each year from smoking, and more than 2,800 cases of acute vaping-related disease have been documented across the country since February 2020;</text></whereas> <whereas><text>Whereas poor air quality, poor water quality, inadequate sanitation, social determinants, and behavioral factors exacerbate disease;</text></whereas> 
<whereas><text>Whereas, as of November 1, 2022, COVID–19, a global pandemic, has claimed the lives of more than 1,070,000 Americans and 6,600,000 individuals across the globe;</text></whereas> <whereas><text>Whereas 1 in 13 adults in the United States have <quote>long COVID</quote> symptoms;</text></whereas> 
<whereas><text>Whereas there have been 77,092 confirmed Monkeypox cases in 2022, with 36 total deaths being reported as of October 31, 2022;</text></whereas> <whereas><text>Whereas Ebola will claim the lives of 50 percent of those who contract it, on average;</text></whereas> 
<whereas><text>Whereas Respiratory Syncytial Virus has been detected 27,594 times in the United States in October 2022 alone;</text></whereas> <whereas><text>Whereas, in 2021, approximately 1,600,000 people died of Tuberculosis, 650,000 people died of HIV/AIDS, and a projected 627,000 people died of malaria;</text></whereas> 
<whereas><text>Whereas first responders who put themselves in harm’s way to protect and defend the public health are an imperative resource to the United States and its citizens;</text></whereas> <whereas><text>Whereas public health professionals are devoted to preventing infectious diseases from spreading and to reducing the impact of the spectrum of longstanding and emerging global health threats, in order to forestall and minimize the damage of future outbreaks;</text></whereas> 
<whereas><text>Whereas public health professionals play a critical role in combating opioid addiction and opioid-related overdose deaths, which are devastating communities across the Nation, an epidemic concurrent with the COVID–19 pandemic;</text></whereas> <whereas><text>Whereas public health professionals are pivotal to combating antimicrobial resistance, which affects 2,800,000 people in the United States and leads to the deaths of at least 35,000 Americans and 1,700,000 individuals globally each year;</text></whereas> 
<whereas><text>Whereas public health professionals play a central role in reducing racial, ethnic, and geographical disparities in health and health care that erode the Nation’s strength, prosperity, and productivity;</text></whereas> <whereas><text>Whereas COVID–19 has intensified health disparities, disproportionately affecting communities of color and creating acute health care challenges in rural areas of the Nation; and</text></whereas> 
<whereas><text>Whereas public health professionals are among the heroic first responders who confront and work to prevent natural disasters and environmental hazards that present a persistent threat to the life, health, and safety of all individuals in the United States: Now, therefore, be it</text></whereas></preamble><resolution-body style="traditional" id="HFC106C283BAB46BAA1F29A0F1D6036D2"> <section display-inline="yes-display-inline" section-type="undesignated-section" id="HC97EBB9A74974A9FBCC4F988E31773AF"><text>That it is the sense of Congress that public health professionals are to be applauded, extolled, and thanked on <quote>Public Health Thank You Day</quote> for their widespread and meaningful contributions to the Nation and global community.</text></section> 
</resolution-body></resolution>

