<?xml version="1.0"?>
<?xml-stylesheet type="text/xsl" href="billres.xsl"?>
<!DOCTYPE resolution PUBLIC "-//US Congress//DTDs/res.dtd//EN" "res.dtd">
<resolution dms-id="H7BFE1B96BD274B5987F8E76BEDF5B7A2" public-private="public" resolution-stage="Enrolled-Bill" resolution-type="house-concurrent" star-print="no-star-print" key="H" stage-count="1"> 
<metadata xmlns:dc="http://purl.org/dc/elements/1.1/">
<dublinCore>
<dc:title> HCON 123 ENR: Providing for a correction in the enrollment of H.R. 1437.</dc:title>
<dc:publisher>U.S. House of Representatives</dc:publisher>
<dc:date>2022-12-15</dc:date>
<dc:format>text/xml</dc:format>
<dc:language>EN</dc:language>
<dc:rights>Pursuant to Title 17 Section 105 of the United States Code, this file is not subject to copyright protection and is in the public domain.</dc:rights>
</dublinCore>
</metadata>
<form>
<distribution-code display="no">IV</distribution-code> 
<congress display="yes">One Hundred Seventeenth Congress of the United States of America</congress> 
<session display="yes">At the Second Session</session><enrolled-dateline>Begun and held at the City of Washington on Monday, the third day of January, two thousand and twenty-two</enrolled-dateline> 
<legis-num>H. CON. RES. 123</legis-num> 
<current-chamber display="no"></current-chamber>
<action>
<action-date date="20221215">December 15, 2022</action-date>
<action-desc>Agreed to</action-desc>
</action> 
<legis-type>CONCURRENT RESOLUTION</legis-type> 
<official-title display="no">Providing for a correction in the enrollment of H.R. 1437.</official-title> 
</form> 
<resolution-body style="traditional" id="H4D309C7788024EBDBE7B154C0366B7F2"> 
<section display-inline="yes-display-inline" section-type="undesignated-section" id="HF3D18743CF5147CD9F28D47174905C9D"><text>That, in the enrollment of H.R. 1437, the Clerk of the House of Representatives shall amend the title so as to read: <quote>Making further continuing appropriations for the fiscal year ending September 30, 2023, and for other purposes.</quote>. </text></section> </resolution-body> <attestation><attestation-group><role>Clerk of the House of Representatives.</role></attestation-group><attestation-group><role>Secretary of the Senate.</role></attestation-group></attestation> </resolution> 

