<?xml version="1.0"?>
<?xml-stylesheet type="text/xsl" href="billres.xsl"?>
<!DOCTYPE resolution PUBLIC "-//US Congress//DTDs/res.dtd//EN" "res.dtd">
<resolution resolution-stage="Introduced-in-House" dms-id="HB7DF85D4E2534A35856FDA260F5B7DDD" public-private="public" resolution-type="house-concurrent" star-print="no-star-print" key="H">
<metadata xmlns:dc="http://purl.org/dc/elements/1.1/">
<dublinCore>
<dc:title>117 HCON 73 IH: Recognizing the need to improve physical access to many federally funded facilities for all people of the United States, particularly people with disabilities.</dc:title>
<dc:publisher>U.S. House of Representatives</dc:publisher>
<dc:date>2022-02-18</dc:date>
<dc:format>text/xml</dc:format>
<dc:language>EN</dc:language>
<dc:rights>Pursuant to Title 17 Section 105 of the United States Code, this file is not subject to copyright protection and is in the public domain.</dc:rights>
</dublinCore>
</metadata>
<form>
<distribution-code display="yes">IV</distribution-code>
<congress display="yes">117th CONGRESS</congress>
<session display="yes">2d Session</session>
<legis-num display="yes">H. CON. RES. 73</legis-num>
<current-chamber>IN THE HOUSE OF REPRESENTATIVES</current-chamber>
<action display="yes">
<action-date date="20220218">February 18, 2022</action-date>
<action-desc><sponsor name-id="H001081">Mrs. Hayes</sponsor> (for herself, <cosponsor name-id="L000590">Mrs. Lee of Nevada</cosponsor>, <cosponsor name-id="L000559">Mr. Langevin</cosponsor>, <cosponsor name-id="H001047">Mr. Himes</cosponsor>, <cosponsor name-id="C001069">Mr. Courtney</cosponsor>, <cosponsor name-id="P000604">Mr. Payne</cosponsor>, and <cosponsor name-id="Y000033">Mr. Young</cosponsor>) submitted the following concurrent resolution; which was referred to the <committee-name committee-id="HED00">Committee on Education and Labor</committee-name>, and in addition to the Committees on <committee-name committee-id="HJU00">the Judiciary</committee-name>, <committee-name committee-id="HPW00">Transportation and Infrastructure</committee-name>, <committee-name committee-id="HIF00">Energy and Commerce</committee-name>, and <committee-name committee-id="HGO00">Oversight and Reform</committee-name>, for a period to be subsequently determined by the Speaker, in each case for consideration of such provisions as fall within the jurisdiction of the committee concerned</action-desc>
</action>
<legis-type>CONCURRENT RESOLUTION</legis-type>
<official-title display="yes">Recognizing the need to improve physical access to many federally funded facilities for all people of the United States, particularly people with disabilities.</official-title>
</form>
<preamble>
<whereas><text>Whereas the First Amendment to the Constitution prevents Congress from making any law respecting an establishment of religion, prohibiting the free exercise of religion, or abridging the freedom of speech, the freedom of the press, the right to peaceably assemble, or to petition for a governmental redress of grievances, and was adopted on December 15, 1791, as 1 of the 10 amendments that constitute the Bill of Rights;</text></whereas> <whereas><text>Whereas the Bill of Rights, specifically the First Amendment to the Constitution, calls for the right of all persons to peaceably assemble, and to this end, all persons, regardless of their physical ability, shall be offered equal opportunity to access all federally funded, in whole or part, amenities;</text></whereas>
<whereas commented="no"><text>Whereas, in the 32 years since the signing of the Americans with Disabilities Act of 1990 (<external-xref legal-doc="usc" parsable-cite="usc/42/12101">42 U.S.C. 12101 et seq.</external-xref>) (in this preamble referred to as the <quote>ADA</quote>), there have been unprecedented advances in all forms of technology, typified by automatic doors;</text></whereas> <whereas><text>Whereas, in 2018, the Centers for Disease Control and Prevention found that 1 in 4 adults, or 61,000,000 people, have a disability;</text></whereas>
<whereas><text>Whereas disability is a universal concern, as an aging population increases the incidence of frailty and disability;</text></whereas> <whereas><text>Whereas, as significant advances in medical treatment result in increased survival rates, the incidence of disability increases;</text></whereas>
<whereas><text>Whereas, in 2020, the Bureau of Labor Statistics found that 4,700,000 veterans received service-related disability benefits;</text></whereas> <whereas><text>Whereas, in 2019, the percentage of people in the United States who reported having a work limitation due to a disability was 10.1 percent;</text></whereas>
<whereas><text>Whereas the Act entitled <quote>An Act to insure that certain buildings financed with Federal funds are so designed and constructed as to be accessible to the physically handicapped</quote>, approved August 12, 1968 (<external-xref legal-doc="usc" parsable-cite="usc/42/4151">42 U.S.C. 4151 et seq.</external-xref>) (commonly known as the Architectural Barriers Act of 1968), was enacted to ensure that certain federally funded facilities are designed and constructed to be accessible to people with disabilities;</text></whereas> <whereas><text>Whereas the United States Access Board (in this preamble referred to as the <quote>Board</quote>) is in the process of developing new guidelines for public rights-of-way that will address various issues, including access for blind pedestrians at street crossings, wheelchair access to on-street parking, and various constraints posed by space limitations, roadway design practices, slope, and terrain;</text></whereas>
<whereas><text>Whereas the Board’s new guidelines, when finalized, will cover pedestrian access to sidewalks and streets, including crosswalks, curb ramps, street furnishings, pedestrian signals, parking, and other components of public rights-of-way;</text></whereas> <whereas><text>Whereas the Board’s aim in developing these guidelines is to ensure that access for persons with disabilities is provided wherever a pedestrian way is newly built or altered, and that the same degree of convenience, connection, and safety afforded the public generally is available to pedestrians with disabilities;</text></whereas>
<whereas><text>Whereas, once these guidelines are adopted by the Department of Justice, they will become enforceable standards under title II of the ADA; and</text></whereas> <whereas><text>Whereas the United States was founded on principles of equality and freedom, and these principles require that all people, including people with disabilities, are able to engage as equal members of society: Now, therefore, be it</text></whereas></preamble>
<resolution-body style="traditional" id="H16D03E7362124567882A04B21844EFA9">
<section display-inline="yes-display-inline" section-type="undesignated-section" id="H9DFC567AFF9C4C28990CFF891296B9C8"><enum/><text>That Congress—</text> <paragraph id="HB33C6BEEA3264C36BD5E737972D9E361"><enum>(1)</enum><text display-inline="yes-display-inline">recognizes that people with disabilities in the United States experience barriers to access on a daily basis;</text></paragraph>
<paragraph id="HC43BBF00E5E5493083E25ED394D836E5"><enum>(2)</enum><text display-inline="yes-display-inline">reaffirms its support of the Architectural Barriers Act of 1968 (<external-xref legal-doc="usc" parsable-cite="usc/42/4151">42 U.S.C. 4151 et seq.</external-xref>) and the Americans with Disabilities Act of 1990 (<external-xref legal-doc="usc" parsable-cite="usc/42/12101">42 U.S.C. 12101 et seq.</external-xref>), and encourages full compliance with such Acts; and</text></paragraph> <paragraph id="HE717DDCFCFD340C2B701CA986FD37A0D"><enum>(3)</enum><text>pledges to make universal and inclusive design a guiding principle for all infrastructure bills and projects and will continue working to identify and remove the barriers that prevent all people of the United States from having equal access to the services provided by the Federal Government.</text></paragraph></section>
</resolution-body>
</resolution> 


