<?xml version="1.0"?>
<?xml-stylesheet type="text/xsl" href="billres.xsl"?>
<!DOCTYPE resolution PUBLIC "-//US Congress//DTDs/res.dtd//EN" "res.dtd">
<resolution resolution-stage="Introduced-in-House" dms-id="HB1449CC1E8A349B284A97EAFE2DC0350" public-private="public" resolution-type="house-concurrent" star-print="no-star-print" key="H"><metadata xmlns:dc="http://purl.org/dc/elements/1.1/">
<dublinCore>
<dc:title>117 HCON 75 IH: Expressing the sense of Congress that the United Nations should take immediate procedural actions necessary to amend Article 23 of the Charter of the United Nations to remove the Russian Federation as a permanent member of the United Nations Security Council.</dc:title>
<dc:publisher>U.S. House of Representatives</dc:publisher>
<dc:date>2022-03-01</dc:date>
<dc:format>text/xml</dc:format>
<dc:language>EN</dc:language>
<dc:rights>Pursuant to Title 17 Section 105 of the United States Code, this file is not subject to copyright protection and is in the public domain.</dc:rights>
</dublinCore>
</metadata>
<form>
<distribution-code display="yes">IV</distribution-code><congress display="yes">117th CONGRESS</congress><session display="yes">2d Session</session><legis-num display="yes">H. CON. RES. 75</legis-num><current-chamber>IN THE HOUSE OF REPRESENTATIVES</current-chamber><action display="yes"><action-date date="20220301">March 1, 2022</action-date><action-desc><sponsor name-id="T000478">Ms. Tenney</sponsor> (for herself, <cosponsor name-id="W000795">Mr. Wilson of South Carolina</cosponsor>, <cosponsor name-id="C000266">Mr. Chabot</cosponsor>, <cosponsor name-id="P000048">Mr. Pfluger</cosponsor>, <cosponsor name-id="W000812">Mrs. Wagner</cosponsor>, <cosponsor name-id="B001298">Mr. Bacon</cosponsor>, <cosponsor name-id="M001180">Mr. McKinley</cosponsor>, <cosponsor name-id="J000292">Mr. Johnson of Ohio</cosponsor>, <cosponsor name-id="L000578">Mr. LaMalfa</cosponsor>, <cosponsor name-id="F000246">Mr. Fallon</cosponsor>, <cosponsor name-id="H001053">Mrs. Hartzler</cosponsor>, <cosponsor name-id="M001156">Mr. McHenry</cosponsor>, <cosponsor name-id="M001199">Mr. Mast</cosponsor>, <cosponsor name-id="J000295">Mr. Joyce of Ohio</cosponsor>, <cosponsor name-id="B001309">Mr. Burchett</cosponsor>, <cosponsor name-id="C001114">Mr. Curtis</cosponsor>, <cosponsor name-id="I000056">Mr. Issa</cosponsor>, and <cosponsor name-id="S001214">Mr. Steube</cosponsor>) submitted the following concurrent resolution; which was referred to the <committee-name committee-id="HFA00">Committee on Foreign Affairs</committee-name></action-desc></action><legis-type>CONCURRENT RESOLUTION</legis-type><official-title display="yes">Expressing the sense of Congress that the United Nations should take immediate procedural actions necessary to amend Article 23 of the Charter of the United Nations to remove the Russian Federation as a permanent member of the United Nations Security Council.</official-title></form><preamble><whereas><text>Whereas the United Nations Security Council is tasked with upholding international peace and security among the countries of the world;</text></whereas><whereas><text>Whereas the primary responsibility of the United Nations Security Council is to determine the existence of a threat to international peace or act of aggression and to recommend what necessary action should be taken;</text></whereas><whereas><text>Whereas Article 39 of the Charter of the United Nations states that <quote>The Security Council shall determine the existence of any threat to the peace, breach of the peace, or act of aggression and shall make recommendations, or decide what measures shall be taken in accordance with Articles 41 and 42, to maintain or restore international peace and security</quote>;</text></whereas><whereas><text>Whereas the United Nations Security Council currently has five permanent members: the United States of America, the United Kingdom, France, the People’s Republic of China, and the Russian Federation;</text></whereas><whereas><text>Whereas the acts of aggression and malign influence by the Russian Federation and its proxies in Ukraine are a threat to the territorial integrity and democratic sovereignty of Ukraine and run counter to both the letter and spirit of the Security Council’s responsibility to maintain peace and security;</text></whereas><whereas><text>Whereas the build-up of nearly 200,000 Russian Federation military troops, artillery, tanks, armor, and other military equipment on Ukraine’s border since March 2021 has significantly threatened the safety, security, stability, and sovereignty of Ukraine and has destabilized the security of the continent of Europe;</text></whereas><whereas><text>Whereas, on February 21, 2022, the Russian Federation deployed additional military forces into two Russian-declared separatist regions of eastern Ukraine, which are under Ukrainian government control;</text></whereas><whereas><text>Whereas, on February 22, 2022, Russian Federation President Vladimir Putin recognized the independence of the two Russian-backed separatist republics in eastern Ukraine, the Donetsk and Luhansk People’s Republics, and secured parliamentary authorization to deploy additional Russian forces abroad, setting conditions for a further offensive against Ukraine; </text></whereas><whereas><text>Whereas, on February 24, 2022, Russian Federation President Vladimir Putin launched a well-coordinated disinformation campaign, announcing the start of a <quote>special military operation</quote> aimed at the <quote>demilitarization and denazification of Ukraine</quote> in order <quote>to protect the people who have been abused by <quote>the genocide</quote> of the Kyiv regime for 8 years</quote>; </text></whereas><whereas><text>Whereas, on February 24, 2022, the Russian Federation launched multiple unprovoked missile strikes in Kyiv, Ukraine, as well as in numerous key eastern Ukrainian cities, including Kharkiv, Odessa, Mariupol, Dnipro, and Kramatorsk, jeopardizing the safety of civilians and with the intent to strike Ukrainian military infrastructure, including airfields, military depots, air defenses and command and control sites; and</text></whereas><whereas><text>Whereas the increased aggression of the Russian Federation against the sovereignty of Ukraine has destabilized the security of the continent of Europe and could cause massive casualties, energy shortages, and financial instability across the globe: Now, therefore, be it</text></whereas></preamble><resolution-body style="traditional" id="HBF3C12E7E55A4FFEB7B5D37A0A6B84CE"><section id="HBBA54BF2ABFA4EAC96F472EEE0786C87" section-type="undesignated-section" display-inline="yes-display-inline"><enum/><text display-inline="yes-display-inline">That Congress—</text><paragraph id="HEA1E81E5CAE94B2088E77262E68CB867"><enum>(1)</enum><text>condemns the Russian Federation’s invasion of Ukraine’s sovereign territory and its ongoing support of proxy militias in the region, which together pose a direct threat to international peace and security and run contrary to its responsibilities and obligations as a permanent member of the United Nations Security Council;</text></paragraph><paragraph id="HFB820B10095A423184B20C8CA14D9793"><enum>(2)</enum><text display-inline="yes-display-inline">urges the President to direct the United States representative to the United Nations to use the voice, vote, and influence of the United States to take all necessary steps to remove the Russian Federation as a Permanent Member of the United Nations Security Council; and</text></paragraph><paragraph id="H8C96009CF54748698256128F5AB227D5"><enum>(3)</enum><text>urges other member states to support such efforts to hold the Russian Federation accountable at the United Nations by supporting such efforts.</text></paragraph></section></resolution-body></resolution> 

