<?xml version="1.0"?>
<?xml-stylesheet type="text/xsl" href="billres.xsl"?>
<!DOCTYPE resolution PUBLIC "-//US Congress//DTDs/res.dtd//EN" "res.dtd">
<resolution resolution-stage="Introduced-in-House" dms-id="HB1C9064BF731431BB4F91242EBB8040B" public-private="public" resolution-type="house-concurrent" star-print="no-star-print" key="H"><metadata xmlns:dc="http://purl.org/dc/elements/1.1/">
<dublinCore>
<dc:title>117 HCON 72 IH: Directing the Joint Committee on the Library to revise the statue commemorating women’s suffrage which is located in the rotunda of the United States Capitol, commonly known as the “Portrait Monument”, by placing on the statue an inscription which is based on the original inscription which was on the statue when the statue was delivered to the United States Capitol in 1921, and for other purposes.</dc:title>
<dc:publisher>U.S. House of Representatives</dc:publisher>
<dc:date>2022-02-15</dc:date>
<dc:format>text/xml</dc:format>
<dc:language>EN</dc:language>
<dc:rights>Pursuant to Title 17 Section 105 of the United States Code, this file is not subject to copyright protection and is in the public domain.</dc:rights>
</dublinCore>
</metadata>
<form>
<distribution-code display="yes">IV</distribution-code><congress display="yes">117th CONGRESS</congress><session display="yes">2d Session</session><legis-num display="yes">H. CON. RES. 72</legis-num><current-chamber>IN THE HOUSE OF REPRESENTATIVES</current-chamber><action display="yes"><action-date date="20220215">February 15, 2022</action-date><action-desc><sponsor name-id="M000087">Mrs. Carolyn B. Maloney of New York</sponsor> (for herself, <cosponsor name-id="C001080">Ms. Chu</cosponsor>, <cosponsor name-id="C001084">Mr. Cicilline</cosponsor>, <cosponsor name-id="C001067">Ms. Clarke of New York</cosponsor>, <cosponsor name-id="C001078">Mr. Connolly</cosponsor>, <cosponsor name-id="D000096">Mr. Danny K. Davis of Illinois</cosponsor>, <cosponsor name-id="D000617">Ms. DelBene</cosponsor>, <cosponsor name-id="D000624">Mrs. Dingell</cosponsor>, <cosponsor name-id="D000482">Mr. Michael F. Doyle of Pennsylvania</cosponsor>, <cosponsor name-id="E000299">Ms. Escobar</cosponsor>, <cosponsor name-id="K000368">Mrs. Kirkpatrick</cosponsor>, <cosponsor name-id="L000582">Mr. Lieu</cosponsor>, <cosponsor name-id="M000312">Mr. McGovern</cosponsor>, <cosponsor name-id="M001188">Ms. Meng</cosponsor>, <cosponsor name-id="M001160">Ms. Moore of Wisconsin</cosponsor>, <cosponsor name-id="M001206">Mr. Morelle</cosponsor>, <cosponsor name-id="N000147">Ms. Norton</cosponsor>, <cosponsor name-id="O000173">Ms. Omar</cosponsor>, <cosponsor name-id="R000486">Ms. Roybal-Allard</cosponsor>, <cosponsor name-id="R000515">Mr. Rush</cosponsor>, <cosponsor name-id="S001175">Ms. Speier</cosponsor>, <cosponsor name-id="T000468">Ms. Titus</cosponsor>, and <cosponsor name-id="W000788">Ms. Williams of Georgia</cosponsor>) submitted the following concurrent resolution; which was referred to the <committee-name committee-id="HHA00">Committee on House Administration</committee-name></action-desc></action><legis-type>CONCURRENT RESOLUTION</legis-type><official-title display="yes">Directing the Joint Committee on the Library to revise the statue commemorating women’s suffrage which is located in the rotunda of the United States Capitol, commonly known as the <quote>Portrait Monument</quote>, by placing on the statue an inscription which is based on the original inscription which was on the statue when the statue was delivered to the United States Capitol in 1921, and for other purposes.</official-title></form><preamble><whereas><text>Whereas, on August 18, 1920, the 19th amendment to the Constitution was ratified, giving women in the United States the right to vote;</text></whereas><whereas><text>Whereas in recognition of this historic achievement, on February 10, 1921, the National Woman's Party presented to Congress a monument, commonly known as the <quote>Portrait Monument</quote>, in honor of the pioneers of the suffrage movement that won women the right to vote;</text></whereas><whereas><text>Whereas the monument was accepted on behalf of Congress by the Joint Committee on the Library;</text></whereas><whereas><text>Whereas, on February 15, 1921, the 101st anniversary of the birth of Susan B. Anthony, an unveiling ceremony was held in the rotunda of the Capitol;</text></whereas><whereas><text>Whereas sculpted by Adelaide Johnson and originally referred to as the Memorial to the Pioneers of the Woman’s Suffrage Movement, the monument includes busts of Elizabeth Cady Stanton, Susan B. Anthony, and Lucretia Mott, as well as an uncarved marble block as a reminder that the work of women gaining equality was not completed with the passage of the 19th amendment;</text></whereas><whereas><text>Whereas the original monument also included an inscription that read:</text><quoted-block display-inline="no-display-inline" id="HD8AAEC6EA7A94BCDA02F4D2F70023FE7" style="OLC"><paragraph id="HE06810A5DDA6497E9383B4E7FD703476"><enum/><text display-inline="yes-display-inline">Lucretia Mott, Elizabeth Cady Stanton, Susan B. Anthony, the three great destiny characters of the world whose spiritual import and historical significance transcend that of all others of any country or age.</text></paragraph><paragraph id="H9620E5CF03FB4F4EBD3A6D7769A61AE4"><enum/><text display-inline="yes-display-inline">Lucretia Mott and Elizabeth Cady Stanton in the call of that first woman’s rights convention of 1848 initiated and Susan B. Anthony marshalling the latent forces through three generations down more than a half century of time guided the only fundamental universal uprising on our planet. The woman’s revolution.</text></paragraph><paragraph id="H3CEEB3C97D2A4AECB40F8D8B285DDD7A"><enum/><text display-inline="yes-display-inline">Principle not policy; justice, not favor; men, their rights and nothing more; women, their rights and nothing less, was the clarion call to the most astounding upheaval of all time. A call which waked the world, signaled and inaugurated a revolution without tradition or precedent, and proclaimed the first incontrovertible concept of human freedom—that of individual liberty—personal responsibility, including women.</text></paragraph><paragraph id="H0FA56B94F8C74AED99361EEA0D640D69"><enum/><text display-inline="yes-display-inline">Woman, first denied a soul, then called mindless, now arisen declared herself an entity to be reckoned.</text></paragraph><paragraph id="H3E7AE46A8C984C6EAC730FA5A2D8C62B"><enum/><text display-inline="yes-display-inline">This mightiest of revolutions encircling the globe accomplishing without bloodshed the overthrow of entrenched dogma and hoary bigotries reached to the farthermost roots of being. Here indeed was the first, the only impeachable demand for right as might ever made.</text></paragraph><paragraph id="H6D848EF7D41E40108C1BD6A8F8E2B686"><enum/><text display-inline="yes-display-inline">Spiritually the woman movement is the all-enfolding one. It represents the emancipation of womanhood. The release of the feminine principle in humanity. The moral integration of human evolution come to rescue torn and struggling humanity from its savage self.</text></paragraph><paragraph id="HD8CA07A1949644FBBFA9B2EFAF9DDAC4"><enum/><text display-inline="yes-display-inline">Historically these three stand unique and peerless.</text></paragraph><after-quoted-block>;</after-quoted-block></quoted-block></whereas><whereas><text>Whereas shortly after it was unveiled in the Capitol in 1921, Congress moved the monument to the Capitol <quote>Crypt</quote>, which was not open to the public at the time, and ordered that the inscription be removed from the monument;</text></whereas><whereas><text>Whereas at the time of the unveiling, the inscription was considered <quote>blasphemous</quote>;</text></whereas><whereas><text>Whereas the monument remained in the Capitol <quote>Crypt</quote> until Congress passed H. Con. Res. 216 on September 27, 1996, directing the Architect of the Capitol to relocate the monument to the rotunda of the Capitol;</text></whereas><whereas><text>Whereas, since May 14, 1997, the Portrait Monument has been on display in the rotunda of the Capitol; and</text></whereas><whereas><text>Whereas the original Portrait Monument inscription was never restored or replaced: Now, therefore, be it</text></whereas></preamble><resolution-body style="OLC" id="H85C060C3AA294454ADA55A4C6D24CDC2"><section display-inline="no-display-inline" id="HAD92BE0B080F49C982C1534F220E670D" section-type="section-one"><enum>1.</enum><header>Restoration of original inscription on Portrait Monument</header><subsection id="H701169516C704553B3E67E87FA1AAC41"><enum>(a)</enum><header>Restoration</header><text display-inline="yes-display-inline">Not later than one year after the date of the adoption of this resolution, the Joint Committee on the Library shall revise the statue commemorating women’s suffrage located in the rotunda of the United States Capitol (commonly known as the <quote>Portrait Monument</quote>) by placing on the statue an inscription which is based on the original inscription that was on the statue when the statue was delivered to the United States Capitol on February 10, 1921.</text></subsection><subsection id="H291F40FC688C455D9453AE6F4D372405"><enum>(b)</enum><header>Use of rotunda of United States Capitol for unveiling ceremony</header><text>The rotunda of the United States Capitol is authorized to be used on a date mutually agreed to by the Speaker of the House of Representatives and the majority leader of the Senate for a ceremony to unveil the Portrait Monument as revised by the Joint Committee on the Library under subsection (a). The Architect of the Capitol and the Capitol Police Board shall take such action as may be necessary with respect to physical preparations and security for the ceremony.</text></subsection><subsection id="HA6890C3A38974F7F9E756A9990A2F471"><enum>(c)</enum><header>Authorization of appropriations</header><text>There are authorized to be appropriated such sums as may be necessary to carry out this section.</text></subsection></section></resolution-body></resolution> 

