<?xml version="1.0"?>
<?xml-stylesheet type="text/xsl" href="billres.xsl"?>
<!DOCTYPE resolution PUBLIC "-//US Congress//DTDs/res.dtd//EN" "res.dtd">
<resolution resolution-stage="Introduced-in-House" dms-id="HCF290BC65B2E4530B2376CA38BE8B7E3" public-private="public" resolution-type="house-concurrent" star-print="no-star-print" key="H">
<metadata xmlns:dc="http://purl.org/dc/elements/1.1/">
<dublinCore>
<dc:title>117 HCON 84 IH: Supporting the goals and ideals of International Transgender Day of Visibility.</dc:title>
<dc:publisher>U.S. House of Representatives</dc:publisher>
<dc:date>2022-03-31</dc:date>
<dc:format>text/xml</dc:format>
<dc:language>EN</dc:language>
<dc:rights>Pursuant to Title 17 Section 105 of the United States Code, this file is not subject to copyright protection and is in the public domain.</dc:rights>
</dublinCore>
</metadata>
<form>
<distribution-code display="yes">IV</distribution-code>
<congress display="yes">117th CONGRESS</congress>
<session display="yes">2d Session</session>
<legis-num display="yes">H. CON. RES. 84</legis-num>
<current-chamber>IN THE HOUSE OF REPRESENTATIVES</current-chamber>
<action display="yes">
<action-date date="20220331">March 31, 2022</action-date>
<action-desc><sponsor name-id="W000825">Ms. Wexton</sponsor> (for herself, <cosponsor name-id="N000192">Ms. Newman</cosponsor>, <cosponsor name-id="J000298">Ms. Jayapal</cosponsor>, <cosponsor name-id="C001084">Mr. Cicilline</cosponsor>, <cosponsor name-id="L000562">Mr. Lynch</cosponsor>, <cosponsor name-id="W000788">Ms. Williams of Georgia</cosponsor>, <cosponsor name-id="M001196">Mr. Moulton</cosponsor>, <cosponsor name-id="B001278">Ms. Bonamici</cosponsor>, <cosponsor name-id="K000380">Mr. Kildee</cosponsor>, <cosponsor name-id="S001156">Ms. Sánchez</cosponsor>, <cosponsor name-id="D000629">Ms. Davids of Kansas</cosponsor>, <cosponsor name-id="W000800">Mr. Welch</cosponsor>, <cosponsor name-id="E000215">Ms. Eshoo</cosponsor>, <cosponsor name-id="Q000023">Mr. Quigley</cosponsor>, <cosponsor name-id="J000305">Ms. Jacobs of California</cosponsor>, <cosponsor name-id="C001117">Mr. Casten</cosponsor>, <cosponsor name-id="S001193">Mr. Swalwell</cosponsor>, <cosponsor name-id="P000607">Mr. Pocan</cosponsor>, <cosponsor name-id="T000486">Mr. Torres of New York</cosponsor>, <cosponsor name-id="T000472">Mr. Takano</cosponsor>, <cosponsor name-id="P000614">Mr. Pappas</cosponsor>, <cosponsor name-id="M000087">Mrs. Carolyn B. Maloney of New York</cosponsor>, <cosponsor name-id="H001066">Mr. Horsford</cosponsor>, <cosponsor name-id="M001188">Ms. Meng</cosponsor>, <cosponsor name-id="L000592">Mr. Levin of Michigan</cosponsor>, <cosponsor name-id="T000468">Ms. Titus</cosponsor>, <cosponsor name-id="C001119">Ms. Craig</cosponsor>, <cosponsor name-id="K000381">Mr. Kilmer</cosponsor>, <cosponsor name-id="V000081">Ms. Velázquez</cosponsor>, <cosponsor name-id="E000296">Mr. Evans</cosponsor>, <cosponsor name-id="M001185">Mr. Sean Patrick Maloney of New York</cosponsor>, <cosponsor name-id="D000197">Ms. DeGette</cosponsor>, <cosponsor name-id="K000396">Mr. Kahele</cosponsor>, <cosponsor name-id="B001303">Ms. Blunt Rochester</cosponsor>, <cosponsor name-id="N000147">Ms. Norton</cosponsor>, <cosponsor name-id="W000822">Mrs. Watson Coleman</cosponsor>, and <cosponsor name-id="L000557">Mr. Larson of Connecticut</cosponsor>) submitted the following concurrent resolution; which was referred to the <committee-name committee-id="HJU00">Committee on the Judiciary</committee-name></action-desc>
</action>
<legis-type>CONCURRENT RESOLUTION</legis-type>
<official-title display="yes">Supporting the goals and ideals of International Transgender Day of Visibility.</official-title>
</form>
<preamble>
<whereas><text>Whereas the International Transgender Day of Visibility was begun in 2009 to honor the achievements and contributions of the transgender community;</text></whereas> <whereas><text>Whereas the International Transgender Day of Visibility is designed to be encompassing of a large community of people, including people who identify as nonbinary, gender nonconforming, and gender-diverse;</text></whereas>
<whereas><text>Whereas International Transgender Day of Visibility is a time to celebrate transgender, nonbinary, gender nonconforming, and gender-diverse people around the world, and to recognize the bravery it takes to live openly and authentically;</text></whereas> <whereas><text>Whereas International Transgender Day of Visibility is also a time to raise awareness of the discrimination and violence that the transgender community still faces, which make it difficult and even unsafe and fatal for many transgender people to be visible;</text></whereas>
<whereas><text>Whereas the transgender community has suffered disproportionately in many ways, including by workplace and educational discrimination and being subject to violence, and these forms of oppression are exacerbated for transgender people of color, people with limited resources, immigrants, people living with disabilities, and transgender youth;</text></whereas> <whereas><text>Whereas a record number of antitransgender State bills have been introduced in recent years;</text></whereas>
<whereas><text>Whereas the transgender community has made it clear that they will not be erased and must be accorded all of the rights and opportunities made available to all;</text></whereas> <whereas><text>Whereas transgender, nonbinary, gender nonconforming, and gender-diverse people continue to bravely tell their stories and push for full equity under the law;</text></whereas>
<whereas><text>Whereas the civil rights struggle has been strengthened and inspired by the leadership of the transgender community;</text></whereas> <whereas><text>Whereas 23 States have at least 1 transgender elected official, and there are 12 transgender, gender nonconforming, and nonbinary elected officials in State legislatures, including Danica Roem, Gerri Cannon, Cesar Chavez, Brianna Titone, Lisa Bunker, Joshua Query, Sarah McBride, Stephanie Byers, Taylor Small, Mauree Turner, Stacie Laughton, and Mike Simmons;</text></whereas>
<whereas><text>Whereas voters in the State of Delaware elected Sarah McBride as the Nation’s first openly transgender State senator;</text></whereas> <whereas><text>Whereas voters in the State of Oklahoma elected Mauree Turner as the Nation’s first openly nonbinary State legislator;</text></whereas>
<whereas><text>Whereas, in the State of Illinois, Mike Simmons became the Nation’s first openly nonbinary or gender nonconforming State senator;</text></whereas> <whereas><text>Whereas 4 States have a transgender jurist on the bench, including Judge Phyllis Frye of Texas, Judge Victoria Kolakowski of California, Commissioner Tracy Nadzieja of Arizona, and Judge Jill Rose Quinn of Illinois;</text></whereas>
<whereas><text>Whereas Admiral Rachel L. Levine, M.D., was the first openly transgender Federal official confirmed by the United States Senate and is the highest ranking openly transgender Federal Government official in United States history;</text></whereas> <whereas><text>Whereas Stella Keating became the first transgender teen to testify before the United States Senate;</text></whereas>
<whereas><text>Whereas the first openly transgender person was elected student government president at a major university;</text></whereas> <whereas><text>Whereas 31 openly transgender athletes have competed at the college level, including Schuyler Bailar, the first openly transgender athlete to compete at the NCAA Division I level, and Lia Thomas, the first openly transgender athlete to win an NCAA Division I national championship;</text></whereas>
<whereas><text>Whereas Amy Schneider became the first transgender woman to qualify for the Tournament of Champions on <quote>Jeopardy!</quote>, and is also the highest winning woman to win 40 games consecutively;</text></whereas> <whereas><text>Whereas more transgender people are gracing the covers of magazines to raise awareness of their gender identity and the importance of living authentically;</text></whereas>
<whereas><text>Whereas transgender people have created culture and history as artists, musicians, healers, workers, and organizers; and</text></whereas> <whereas><text>Whereas International Transgender Day of Visibility is a time to celebrate the transgender community around the world: Now, therefore, be it</text></whereas></preamble>
<resolution-body style="traditional" id="H1D627116B02E42329C7CED91CA44C392">
<section id="H13C6721004AB4C9594E8BB8DA70B5301" section-type="undesignated-section" display-inline="yes-display-inline"><enum/><text display-inline="yes-display-inline">That Congress—</text> <paragraph id="H52A329B884724EAAA28B919B163B21EF"><enum>(1)</enum><text>supports the goals and ideals of the International Transgender Day of Visibility;</text></paragraph>
<paragraph id="HCBD37648C11B4FD8B5736C4D99B7F2C3"><enum>(2)</enum><text>encourages the people of the United States to observe the International Transgender Day of Visibility with appropriate ceremonies, programs, and activities;</text></paragraph> <paragraph id="H13F279EABFD54E3A97968BB2599AC025"><enum>(3)</enum><text>celebrates the accomplishments and leadership of transgender, nonbinary, gender nonconforming, and gender-diverse people; and</text></paragraph>
<paragraph id="H1F510738E17F41B9A143A73FED9FD157"><enum>(4)</enum><text>recognizes the bravery of the transgender community as it fights for equal dignity and respect.</text></paragraph></section> </resolution-body> </resolution> 

