<?xml version="1.0"?>
<?xml-stylesheet type="text/xsl" href="billres.xsl"?>
<!DOCTYPE resolution PUBLIC "-//US Congress//DTDs/res.dtd//EN" "res.dtd">
<resolution resolution-stage="Introduced-in-House" dms-id="HE118C92F452947359BE5D318C904E446" public-private="public" resolution-type="house-concurrent" star-print="no-star-print" key="H"><metadata xmlns:dc="http://purl.org/dc/elements/1.1/">
<dublinCore>
<dc:title>117 HCON 67 IH: Expressing the sense of Congress that passengers in motor vehicles should be educated and encouraged to advocate for their own safety and the safety of others during National Passenger Safety Week, January 23 through 29, 2022, and throughout the year.</dc:title>
<dc:publisher>U.S. House of Representatives</dc:publisher>
<dc:date>2022-01-25</dc:date>
<dc:format>text/xml</dc:format>
<dc:language>EN</dc:language>
<dc:rights>Pursuant to Title 17 Section 105 of the United States Code, this file is not subject to copyright protection and is in the public domain.</dc:rights>
</dublinCore>
</metadata>
<form>
<distribution-code display="yes">IV</distribution-code><congress display="yes">117th CONGRESS</congress><session display="yes">2d Session</session><legis-num display="yes">H. CON. RES. 67</legis-num><current-chamber>IN THE HOUSE OF REPRESENTATIVES</current-chamber><action display="yes"><action-date date="20220125">January 25, 2022</action-date><action-desc><sponsor name-id="C001061">Mr. Cleaver</sponsor> (for himself and <cosponsor name-id="G000546">Mr. Graves of Missouri</cosponsor>) submitted the following concurrent resolution; which was referred to the <committee-name committee-id="HPW00">Committee on Transportation and Infrastructure</committee-name></action-desc></action><legis-type>CONCURRENT RESOLUTION</legis-type><official-title display="yes">Expressing the sense of Congress that passengers in motor vehicles should be educated and encouraged to advocate for their own safety and the safety of others during National Passenger Safety Week, January 23 through 29, 2022, and throughout the year.</official-title></form><preamble> 
<whereas><text>Whereas everyone has an important role to play in increasing road safety;</text></whereas> <whereas><text>Whereas passenger deaths accounted for 25 percent of all traffic deaths nationwide in 2019;</text></whereas> 
<whereas><text>Whereas traffic deaths increased 7 percent in 2020 and 18 percent in 2021 according to the preliminary estimates of the National Highway Traffic Safety Administration (NHTSA);</text></whereas> <whereas><text>Whereas passenger vehicle occupant deaths rose 5 percent in 2020;</text></whereas> 
<whereas><text>Whereas these historic increases in traffic deaths occurred as there was a 13 percent decrease in vehicle miles traveled;</text></whereas> <whereas><text>Whereas NHTSA’s data show the main behaviors leading to this increase were speeding, impaired driving, and failure to wear seat belts;</text></whereas> 
<whereas><text>Whereas, whether a driver is impaired by alcohol or drugs, speeding, driving too aggressively, driving distracted, or unable to stay awake at the wheel, bad driving choices put passengers at risk of serious injury or death;</text></whereas> <whereas><text>Whereas many lives might have been saved had a passenger in the car insisted that the driver slow down, stop texting, or not get behind the wheel in the first place;</text></whereas> 
<whereas><text>Whereas passengers, especially teens and young adults, need education and encouragement to empower them to save lives by calling out unsafe driving in the car as it happens; and</text></whereas> <whereas><text>Whereas parents also need education and encouragement to teach their children about the importance of speaking up or not getting in the car with someone who is drunk, under the influence of drugs, or distracted: Now, therefore, be it</text></whereas></preamble><resolution-body style="traditional" id="HCD69462A0F8C43E7ABAA62F03AEE7B32"> 
<section display-inline="yes-display-inline" section-type="undesignated-section" id="H493FCECB0975496BBE31939E75C5D5A4"><text display-inline="yes-display-inline">That it is the sense of Congress that passengers in motor vehicles should be educated and encouraged to advocate for their own safety and the safety of others during National Passenger Safety Week and throughout the year. </text></section> </resolution-body></resolution>

