<?xml version="1.0"?>
<?xml-stylesheet type="text/xsl" href="billres.xsl"?>
<!DOCTYPE resolution PUBLIC "-//US Congress//DTDs/res.dtd//EN" "res.dtd">
<resolution dms-id="H628B205EFEFD4F3CB632219F2A2DC8B1" public-private="public" resolution-stage="Received-in-Senate" resolution-type="house-concurrent" star-print="no-star-print" key="G" stage-count="1"><metadata xmlns:dc="http://purl.org/dc/elements/1.1/">
<dublinCore>
<dc:title>117 HCON 124 : Directing the Clerk of the House of Representatives to make a correction in the enrollment of H.R. 2617.</dc:title>
<dc:publisher>U.S. House of Representatives</dc:publisher>
<dc:date>2022-12-15</dc:date>
<dc:format>text/xml</dc:format>
<dc:language>EN</dc:language>
<dc:rights>Pursuant to Title 17 Section 105 of the United States Code, this file is not subject to copyright protection and is in the public domain.</dc:rights>
</dublinCore>
</metadata>
<form>
<distribution-code display="yes">III</distribution-code><congress display="yes">117th CONGRESS</congress><session display="yes">2d Session</session><legis-num>H. CON. RES. 124</legis-num><current-chamber>IN THE SENATE OF THE UNITED STATES</current-chamber><action><action-date date="20221215">December 15, 2022</action-date><action-desc>Received</action-desc></action><legis-type>CONCURRENT RESOLUTION</legis-type><official-title display="yes">Directing the Clerk of the House of Representatives to make a correction in the enrollment of H.R. 2617.</official-title></form><resolution-body style="traditional" id="H777E910D995B4BDE8FB8976E1EDD6BF9"><section display-inline="yes-display-inline" section-type="undesignated-section" id="H84772F4F03E149F5968B1E4964D0871F"><enum/><text display-inline="yes-display-inline">That, in the enrollment of the bill H.R. 2617, the Clerk of the House of Representatives shall make the following corrections:</text><paragraph id="HAC8DD94CE42143A890581BF1DDC3F979"><enum>(1)</enum><text>Strike all after the enacting clause through page 3, line 19 (the first sections 1 and 2).<pagebreak></pagebreak></text></paragraph><paragraph id="H793526ACFDFA4491AA0EC20CA840A0ED"><enum>(2)</enum><text>Strike <quote>Division C</quote> and all that follows through the end. </text></paragraph></section></resolution-body><attestation><attestation-group><attestation-date date="20221214" chamber="House">Passed the House of Representatives December 14, 2022.</attestation-date><attestor display="yes">Cheryl L. Johnson,</attestor><role>Clerk.</role><proxy display="yes">Kevin F. McCumber,</proxy><role>Deputy Clerk</role></attestation-group></attestation></resolution> 

