<?xml version="1.0"?>
<?xml-stylesheet type="text/xsl" href="billres.xsl"?>
<!DOCTYPE resolution PUBLIC "-//US Congress//DTDs/res.dtd//EN" "res.dtd">
<resolution resolution-stage="Introduced-in-House" dms-id="HC5C3E43119A24810BC66B4F5AE572D82" public-private="public" resolution-type="house-concurrent" star-print="no-star-print" key="H"><metadata xmlns:dc="http://purl.org/dc/elements/1.1/">
<dublinCore>
<dc:title>115 HCON 112 IH: Urging the administration to initiate the International Agreement to Prohibit the Eating of Dogs and Cats.</dc:title>
<dc:publisher>U.S. House of Representatives</dc:publisher>
<dc:date>2022-10-07</dc:date>
<dc:format>text/xml</dc:format>
<dc:language>EN</dc:language>
<dc:rights>Pursuant to Title 17 Section 105 of the United States Code, this file is not subject to copyright protection and is in the public domain.</dc:rights>
</dublinCore>
</metadata>
<form>
<distribution-code display="yes">IV</distribution-code><congress display="yes">117th CONGRESS</congress><session display="yes">2d Session</session><legis-num display="yes">H. CON. RES. 112</legis-num><current-chamber>IN THE HOUSE OF REPRESENTATIVES</current-chamber><action display="yes"><action-date date="20221007">October 7, 2022</action-date><action-desc><sponsor name-id="D000619">Mr. Rodney Davis of Illinois</sponsor> (for himself and <cosponsor name-id="P000613">Mr. Panetta</cosponsor>) submitted the following concurrent resolution; which was referred to the <committee-name committee-id="HFA00">Committee on Foreign Affairs</committee-name>, and in addition to the Committee on <committee-name committee-id="HAG00">Agriculture</committee-name>, for a period to be subsequently determined by the Speaker, in each case for consideration of such provisions as fall within the jurisdiction of the committee concerned</action-desc></action><legis-type>CONCURRENT RESOLUTION</legis-type><official-title display="yes">Urging the administration to initiate the International Agreement to Prohibit the Eating of Dogs and Cats.</official-title></form><preamble><whereas><text>Whereas a bipartisan domestic prohibition on the knowing slaughter, transportation, possession, purchase, or sale of a dog or cat for human consumption was included in section 12515 of the Agriculture Improvement Act of 2018 (<external-xref legal-doc="public-law" parsable-cite="pl/115/334">Public Law 115–334</external-xref>), which was enacted on December 20, 2018;</text></whereas><whereas><text>Whereas the dog and cat meat trade occurs throughout the world, primarily in Asia;</text></whereas><whereas><text>Whereas established dog meat markets still exist today;</text></whereas><whereas><text>Whereas it is estimated that 30,000,000 dogs and 10,000,000 cats die annually worldwide as a result of the dog and cat meat trade, and that a considerable number of the dogs and cats in this trade are stolen pets still wearing collars when they reach the slaughterhouses, in addition to stray dogs and cats who are captured for slaughter;</text></whereas><whereas><text>Whereas there have been reports of abuse, poor living conditions, and cruel slaughtering techniques for dogs and cats farmed for their meat;</text></whereas><whereas><text>Whereas many dogs and cats die during transport to slaughterhouses after days or weeks crammed into small cages on the back of vehicles without food or water, and others suffer illness and injury during transport;</text></whereas><whereas><text>Whereas the extreme suffering of dogs and cats at such slaughterhouses and on transportation trucks would breach anticruelty laws in the United States and other countries;</text></whereas><whereas><text>Whereas many government officials, civil society advocates, and activists including the World Dog Alliance are working to end the dog and cat meat trade. Taiwan and the Chinese city of Shenzhen have passed laws banning the consumption of dog and cat meat; the South Korean Government has formed the Consultative Discussion Committee on Ending Dog Meat Consumption in December 2021; and</text></whereas><whereas><text>Whereas legislators in the United States, United Kingdom, Japan, Norway, and Sweden have urged their heads of State in support of the International Agreement to Prohibit the Eating of Dogs and Cats: Now, therefore, be it</text></whereas></preamble><resolution-body style="OLC" id="HD53CD671BA2A4374AB231C1E7A42BD50"><section id="H41759633D8934B208AD1761CEE36E53B" display-inline="yes-display-inline" section-type="undesignated-section"><text>That Congress— </text><paragraph id="H2B9D66C347E741CE85A3B6F773E62BFA"><enum>(1)</enum><text>calls for an end to the consumption and trade of dog and cat meat;</text></paragraph><paragraph id="H768E3DE41E7A4566BB80356A13432AE2"><enum>(2)</enum><text>urges all nations to join the International Agreement to Prohibit the Eating of Dogs and Cats; and</text></paragraph><paragraph id="H64EE55D607EB4AFCBE2C619468440189"><enum>(3)</enum><text>affirms the commitment of the United States to advancing the cause of animal protection and animal welfare, both domestically and around the world.</text></paragraph></section></resolution-body></resolution> 

