<?xml version="1.0"?>
<?xml-stylesheet type="text/xsl" href="billres.xsl"?>
<!DOCTYPE resolution PUBLIC "-//US Congress//DTDs/res.dtd//EN" "res.dtd">
<resolution resolution-stage="Introduced-in-House" dms-id="H85C13D1858FC475082E58B68DB05F355" public-private="public" resolution-type="house-concurrent" star-print="no-star-print" key="H"><metadata xmlns:dc="http://purl.org/dc/elements/1.1/">
<dublinCore>
<dc:title>117 HCON 111 IH: Expressing the sense of Congress that a commemorative postage stamp should be issued in honor of Ava Gardner on her 100th birthday.</dc:title>
<dc:publisher>U.S. House of Representatives</dc:publisher>
<dc:date>2022-09-30</dc:date>
<dc:format>text/xml</dc:format>
<dc:language>EN</dc:language>
<dc:rights>Pursuant to Title 17 Section 105 of the United States Code, this file is not subject to copyright protection and is in the public domain.</dc:rights>
</dublinCore>
</metadata>
<form>
<distribution-code display="yes">IV</distribution-code><congress display="yes">117th CONGRESS</congress><session display="yes">2d Session</session><legis-num display="yes">H. CON. RES. 111</legis-num><current-chamber>IN THE HOUSE OF REPRESENTATIVES</current-chamber><action display="yes"><action-date date="20220930">September 30, 2022</action-date><action-desc><sponsor name-id="R000603">Mr. Rouzer</sponsor> submitted the following concurrent resolution; which was referred to the <committee-name committee-id="HGO00">Committee on Oversight and Reform</committee-name></action-desc></action><legis-type>CONCURRENT RESOLUTION</legis-type><official-title display="yes">Expressing the sense of Congress that a commemorative postage stamp should be issued in honor of Ava Gardner on her 100th birthday.</official-title></form><preamble><whereas><text>Whereas Ava Lavinia Gardner was born on December 24, 1922, in Grabtown, North Carolina, a rural community near Smithfield in Johnston County, North Carolina;</text></whereas><whereas><text>Whereas December 24, 2022 will mark Ava Gardner’s 100th birthday, the communities and people she touched will be celebrating her centennial throughout 2022 and 2023;</text></whereas><whereas><text>Whereas, for nearly half a century, Ava Gardner wowed audiences in over 60 films and television productions;</text></whereas><whereas><text>Whereas films like <quote>Mogambo</quote>, <quote>The Barefoot Contessa</quote>, and <quote>The Night of the Iguana</quote> made her an international star, receiving recognition and accolades from critics, fans, and film festivals the world over, earning nominations for BAFTA, Golden Globe, and Oscar awards;</text></whereas><whereas><text>Whereas she was asked to leave her hand and footprints at Grauman’s Chinese Theatre in 1952 following her hit films <quote>Show Boat</quote> and <quote>The Snows of Kilimanjaro</quote>;</text></whereas><whereas><text>Whereas, in 1960, she was among the first phase of honorees to receive a star on the Hollywood Walk of Fame;</text></whereas><whereas><text>Whereas Ava Gardner was included on the American Film Institute’s 50 Greatest Screen Legends of the 20th Century;</text></whereas><whereas><text>Whereas an icon and modern touchstone to women across the world, Ava Gardner portrayed strong-willed film characters and showed personal courage throughout her long career;</text></whereas><whereas><text>Whereas never forgetting her humble beginnings in rural North Carolina, Ava Gardner spent her life championing social and political causes near and dear to her heart;</text></whereas><whereas><text>Whereas a lifetime member of the NAACP, Ava Gardner contributed to special events designed to benefit underserved communities of color;</text></whereas><whereas><text>Whereas Ava Gardner also spent her career and leveraged her fame to raise funds for philanthropic organizations like March of Dimes, the American Cancer Society, and the American Red Cross;</text></whereas><whereas><text>Whereas her fame and individual independence were ahead of her time, especially for women of the time;</text></whereas><whereas><text>Whereas the name <quote>Ava</quote> continues to be one of the most popular newborn girl names in the country, showcasing the impact she had on her own and future generations;</text></whereas><whereas><text>Whereas Ava Gardner continues to grow her legacy with recent restorations of <quote>The Killers</quote> and <quote>Pandora and the Flying Dutchman</quote> as well as countless books, feature articles, and films that showcase her cultural impact;</text></whereas><whereas><text>Whereas she has been celebrated with historical markers in the United States and England, a bronze statue of her overlooks the coast of Spain, and she has been featured on stamps in at least 8 other countries; and</text></whereas><whereas><text>Whereas there is no better time than her 100th birthday to mark the iconic status of Ava Gardner through a commemorative stamp: Now, therefore, be it</text></whereas></preamble><resolution-body style="OLC" id="HFAF133C10EEF4E65B5CBE7B39DC59578"><section id="H36A4D27B0F974E0485AAAF89D5C6115A" display-inline="yes-display-inline" section-type="undesignated-section"><text>That it is the sense of Congress that— </text><paragraph id="H73F1F2E31D604EABA2AEC9C0F62E1223"><enum>(1)</enum><text>a commemorative postage stamp should be issued in honor of Ava Gardner and her 100th birthday, her iconic status and lasting contributions to international cinema, global fashion, and humanitarian causes; and</text></paragraph><paragraph id="HBBE6CA46563043F193ED3D830E5990DE"><enum>(2)</enum><text>the Citizens’ Stamp Advisory Committee should recommend to the Postmaster General that such a stamp be issued.</text></paragraph></section></resolution-body></resolution> 

