<?xml version="1.0"?>
<?xml-stylesheet type="text/xsl" href="billres.xsl"?>
<!DOCTYPE resolution PUBLIC "-//US Congress//DTDs/res.dtd//EN" "res.dtd">
<resolution resolution-stage="Introduced-in-House" dms-id="H6FD47F37A7B840E5B02541840A388AA7" public-private="public" resolution-type="house-concurrent" star-print="no-star-print" key="H"><metadata xmlns:dc="http://purl.org/dc/elements/1.1/">
<dublinCore>
<dc:title>117 HCON 87 IH: Honoring the life and legacy of Ulysses S. Grant in commemoration of his 200th Birthday.</dc:title>
<dc:publisher>U.S. House of Representatives</dc:publisher>
<dc:date>2022-04-28</dc:date>
<dc:format>text/xml</dc:format>
<dc:language>EN</dc:language>
<dc:rights>Pursuant to Title 17 Section 105 of the United States Code, this file is not subject to copyright protection and is in the public domain.</dc:rights>
</dublinCore>
</metadata>
<form>
<distribution-code display="yes">IV</distribution-code><congress display="yes">117th CONGRESS</congress><session display="yes">2d Session</session><legis-num display="yes">H. CON. RES. 87</legis-num><current-chamber>IN THE HOUSE OF REPRESENTATIVES</current-chamber><action display="yes"><action-date date="20220428">April 28, 2022</action-date><action-desc><sponsor name-id="W000812">Mrs. Wagner</sponsor> submitted the following concurrent resolution; which was referred to the <committee-name committee-id="HAS00">Committee on Armed Services</committee-name></action-desc></action><legis-type>CONCURRENT RESOLUTION</legis-type><official-title display="yes">Honoring the life and legacy of Ulysses S. Grant in commemoration of his 200th Birthday.</official-title></form><preamble> 
<whereas><text>Whereas, on July 1, 1843, Ulysses S. Grant graduated from the United States Military Academy at West Point, and, on July 31, 1854, Grant resigned from the Army at the grade of Captain;</text></whereas> <whereas><text>Whereas, following President Abraham Lincoln’s April 15, 1861, proclamation calling for 75,000 volunteers to suppress Confederate forces, Ulysses S. Grant rejoined the Army and helped recruit and train volunteer soldiers for the Union;</text></whereas> 
<whereas><text>Whereas, over the course of the American Civil War, Ulysses S. Grant commanded a cumulative total of over 620,000 Union soldiers and achieved major victories, including Fort Henry (February 1862), Fort Donelson (February 1862), Shiloh (April 1862), the Vicksburg Campaign (November 1862–July 1863), Chattanooga (November 1863), the Wilderness Campaign (May 1864–June 1864), the Petersburg Campaign (June 1864–April 1865), and the Appomattox Campaign (April 1865);</text></whereas> <whereas><text>Whereas, on February 29, 1864, Congress reestablished the grade of <quote>Lieutenant-General of the United States Army</quote> and authorized the President to appoint, by and with the advice and consent of the Senate, an officer who was <quote>most distinguished for courage, skill, and ability</quote> (38th Congress, Session I, Chap. 14, Sec. 1), and that same day, President Abraham Lincoln nominated Ulysses S. Grant to be Lieutenant-General;</text></whereas> 
<whereas><text>Whereas, on March 10, 1864, President Abraham Lincoln formally appointed Ulysses S. Grant to the grade of Lieutenant-General of the Army, a position previously held by only George Washington and Winfield Scott, although Scott’s promotion was a brevet appointment;</text></whereas> <whereas><text>Whereas, on July 25, 1866, Congress established the grade of <quote>General of the Army of the United States</quote> (39th Congress, Session I, Chap. 232), and Ulysses S. Grant was appointed, by and with the advice and consent of the Senate, to General of the Army of the United States for his role in commanding the Union armies during the Civil War;</text></whereas> 
<whereas><text>Whereas, on March 4, 1869, Ulysses S. Grant was sworn in as the 18th President of the United States; and</text></whereas> <whereas><text>Whereas, throughout his two terms as President, Ulysses S. Grant secured the ratification of the 15th Amendment to the Constitution, the creation of the Department of Justice, and the passage and implementation of the Civil Rights Act of 1875: Now, therefore, be it</text></whereas></preamble><resolution-body style="OLC" id="H10B4E078180943FA9803D624102D90A4"> 
<section id="H9C23E1F5DA8A4FEAAA3929E8812E8408" display-inline="yes-display-inline" section-type="undesignated-section"><text>That Congress—</text> <paragraph id="H7D5B784C8E014632B2CC6B729E1D2000"><enum>(1)</enum><text>honors Ulysses S. Grant for his efforts and leadership in defending the union of the United States of America;</text></paragraph> 
<paragraph id="H028C2DC27AD04B0681AB34BDC4724783"><enum>(2)</enum><text>recognizes that the military victories achieved under the command of Ulysses S. Grant were integral to the preservation of the United States of America; and</text></paragraph> <paragraph id="H5E04CB3827C241BB803164786D58D53E"><enum>(3)</enum><text>affirms that Ulysses S. Grant is among the most influential military commanders in the history of the United States of America. </text></paragraph></section> 
</resolution-body></resolution>

