<?xml version="1.0"?>
<?xml-stylesheet type="text/xsl" href="billres.xsl"?>
<!DOCTYPE resolution PUBLIC "-//US Congress//DTDs/res.dtd//EN" "res.dtd">
<resolution resolution-stage="Engrossed-in-House" dms-id="H7A2833F864BB47C5A45C4377AC6224BB" public-private="public" resolution-type="house-concurrent" star-print="no-star-print" key="H" stage-count="1"> 
<metadata xmlns:dc="http://purl.org/dc/elements/1.1/">
<dublinCore>
<dc:title>117 HCON 59 EH: Condemning the October 25, 2021, military coup in Sudan and standing with the people of Sudan.</dc:title>
<dc:publisher>U.S. House of Representatives</dc:publisher>
<dc:date></dc:date>
<dc:format>text/xml</dc:format>
<dc:language>EN</dc:language>
<dc:rights>Pursuant to Title 17 Section 105 of the United States Code, this file is not subject to copyright protection and is in the public domain.</dc:rights>
</dublinCore>
</metadata>
<form>
<distribution-code display="no">IV</distribution-code> 
<congress display="yes">117th CONGRESS</congress> 
<session display="yes">2d Session</session> 
<legis-num display="yes">H. CON. RES. 59</legis-num> 
<current-chamber display="no">IN THE HOUSE OF REPRESENTATIVES</current-chamber> 
<legis-type>CONCURRENT RESOLUTION</legis-type> 
<official-title display="no">Condemning the October 25, 2021, military coup in Sudan and standing with the people of Sudan.</official-title> 
</form> 
<preamble> 
<whereas><text>Whereas the people of the Republic of Sudan suffered for three decades under the despotic rule of President Omar Hassan Ahmad al-Bashir, whose government was responsible for the suppression of civil liberties, grand corruption, support for international terrorism, and the commission of crimes against humanity and genocide;</text></whereas> <whereas><text>Whereas, throughout 2019, a coalition of Sudanese civic groups, including professional associations, labor unions, community groups, democracy activists, and opposition parties, led a mass protest movement to demand the end of Bashir’s reign and the transition to democracy in Sudan;</text></whereas> 
<whereas><text>Whereas, on April 11, 2019, Sudanese military officers deposed Bashir, and, following continued protests, agreed to form a transitional government in partnership with a civilian pro-democracy coalition on July 17, 2019;</text></whereas> <whereas><text>Whereas, on June 3, 2019, Sudanese forces led by the Rapid Support Forces (RSF), largely comprised of Janjaweed militia involved in genocidal campaigns across Darfur for decades, opened fire on protesters at an army command headquarters in Khartoum, killing at least 127 people, at least 40 of whom were found in the Nile River;</text></whereas> 
<whereas><text>Whereas the military and civilian elements agreed to a 39-month transition to democracy, with a Civilian-Led Transitional Government (CLTG) comprised of a predominantly civilian cabinet led by Prime Minister Abdallah Hamdok, a Sovereign Council, an executive body with civilian and military members chaired for the first half of the transitional period by Lieutenant General Abdel Fattah al-Burhan, and a Transitional Legislative Council, which has yet to be formed;</text></whereas> <whereas><text>Whereas the United States and the international community supported Sudan’s transition to democracy, with the United States identifying more than $1,000,000,000 in foreign assistance, and the multilateral Friends of Sudan group pledging $1,800,000,000 from roughly 50 countries and international organizations;</text></whereas> 
<whereas><text>Whereas the CLTG made progress in human rights reforms, including guaranteeing the people of Sudan freedom of religion and gender equality under the transitional constitution, banning female genital mutilation, and decriminalizing apostasy;</text></whereas> <whereas><text>Whereas, in August 2021, when the Sudanese Cabinet ratified the Rome Statute of the International Criminal Court (ICC), the CLTG made progress towards ending impunity for abusers of human rights, stating its intention to deliver Omar al-Bashir to the ICC to stand trial for genocide, war crimes, and crimes against humanity, and formed civilian committees to investigate corruption and crimes against humanity perpetrated by the Bashir regime;</text></whereas> 
<whereas><text>Whereas the transitional government negotiated a peace agreement with several rebel groups, a step towards ending decades of conflict in the regions of Darfur, South Kordofan, and Blue Nile, which killed hundreds of thousands of civilians and left more than 3,000,000 people displaced within Sudan;</text></whereas> <whereas><text>Whereas Sudan continues to face a serious humanitarian situation, with an estimated 13,400,000 people, or 29 percent of the population, in need of humanitarian assistance in 2021;</text></whereas> 
<whereas><text>Whereas Sudan faces a severe economic crisis, exacerbated by the COVID–19 pandemic, which caused the price of food and consumer goods to increase significantly, while austerity measures imposed to stabilize the economy resulted in the reduction or elimination of subsidies for commodities including wheat and fuel;</text></whereas> <whereas><text>Whereas the political tensions between the civilian and military elements and within factions of the civilian coalition undermined the CLTG and contributed to widespread unrest within the Sudanese population relating to a range of issues, including the economic crisis, ethnic and tribal conflict in peripheral regions, and the unsatisfactory pace of reforms;</text></whereas> 
<whereas><text>Whereas, on September 21, 2021, some members of the military reportedly attempted a coup d’état against the transitional government, which failed to depose the government but succeeded in precipitating the most serious political crisis of the transition period;</text></whereas> <whereas><text>Whereas, on October 21, 2021, hundreds of thousands of people across Sudan demonstrated in support of democratic civilian rule, to counter a smaller protest days prior demanding the military take complete control of the government;</text></whereas> 
<whereas><text>Whereas, on October 25, 2021, Lieutenant General Burhan, with the support of General Mohamed Hamdan Dagalo, also known as <quote>Hemedti</quote>, seized control of the government, deployed the military to the streets of Khartoum and Omdurman, and arrested and detained Prime Minister Hamdok and other civilian officials;</text></whereas> <whereas><text>Whereas the African Union Peace and Security Council convened on October 27, 2021, strongly condemned the coup, reaffirmed the mandate of the CLTG, and subsequently suspended Sudan from the regional body <quote>with immediate effect * * * until the effective restoration</quote> of the CLTG;</text></whereas> 
<whereas><text>Whereas the actions of Lieutenant General Burhan and the Sudanese military violate Sudan’s Constitutional Charter and threaten to plunge Sudan into isolation and instability;</text></whereas> <whereas><text>Whereas the United States Government publicly condemned the coup, suspended its foreign assistance to Sudan, and urged Lieutenant General Burhan and his accomplices to restore the CLTG and return Sudan to the path to democracy; and</text></whereas> 
<whereas><text>Whereas, the Troika (the United States, United Kingdom, Norway), the European Union, and Switzerland <quote>continue to recognize the Prime Minister and his cabinet as the constitutional leaders of the transitional government</quote> and <quote>confirm once again the international calls for the immediate return to the roadmap for democratic transition of Sudan</quote>: Now, therefore, be it</text></whereas></preamble> <resolution-body style="traditional" id="HBDB9022626C34DCC836EBC032D1EEB9E"> <section display-inline="yes-display-inline" section-type="undesignated-section" id="H4E8890C69F9A4B69A28F3A960660CC7D"><enum/><text>That Congress—</text> 
<paragraph id="H1725A2EC66C440E3B7D919D8174E43D5"><enum>(1)</enum><text>condemns the October 25, 2021, coup in Sudan;</text></paragraph> <paragraph id="H50549DC9A8AA4B958D9DEA59BE82BE93"><enum>(2)</enum><text>stands with the people of Sudan in their democratic aspirations;</text></paragraph> 
<paragraph id="HE1D9C7B6A67D4F3CB56374EA1BFACA65"><enum>(3)</enum><text>recognizes the Prime Minister and his cabinet as the constitutional leaders of Sudan’s transitional government;</text></paragraph> <paragraph id="H47EE397B100A4CACB6E613BDE6B5B0CE"><enum>(4)</enum><text>calls for Sudan’s military junta to—</text> 
<subparagraph id="HD42FD938B46B4963B166B87CD5FE39B6"><enum>(A)</enum><text>immediately release all civilian government officials, civil society members, and other individuals detained in connection with the coup;</text></subparagraph> <subparagraph id="H817B841FC78F4A818F65480C70897A7A"><enum>(B)</enum><text>return to constitutional rule under the transitional constitution as the starting point for negotiations with civilians toward full civilian rule;</text></subparagraph> 
<subparagraph id="HC49775CD0921479CBB0B779F952B55CF"><enum>(C)</enum><text>lift the state of emergency, including complete restoration of all means of communication;</text></subparagraph> <subparagraph id="HB41E590BD58C4DF491D4AB8E73290D8D"><enum>(D)</enum><text>remove all roadblocks and checkpoints, and order the Sudanese Armed Forces (SAF) and RSF to stand down and comply with international recognized rules of engagement;</text></subparagraph> 
<subparagraph id="H308A48D93C564F988FB3C82930A529CE"><enum>(E)</enum><text>ensure security forces respect the right to peaceful protest and hold those who used excessive force and committed other abuses accountable in a transparent, credible process;</text></subparagraph> <subparagraph id="H44E166938846453A8D0F9A0E454EB722"><enum>(F)</enum><text>cease all attempts to change the civilian composition of the cabinet, Sovereign Council, and other government bodies; and</text></subparagraph> 
<subparagraph id="H5C67F4D0CCAF4C498D3F68A29E4A7CA6"><enum>(G)</enum><text>transfer leadership of the Sovereign Council to a civilian member of the Sovereign Council in keeping with the transitional constitution;</text></subparagraph></paragraph> <paragraph id="H7E1574D8CE9C4163A0C8FE892F018D06"><enum>(5)</enum><text>calls on the Secretary of State to—</text> 
<subparagraph id="H08E168276D774525A7C777FC167B2C78"><enum>(A)</enum><text>immediately identify coup leaders, their accomplices, and enablers for consideration for targeted sanctions;</text></subparagraph> <subparagraph id="H240D30FEA18E400BA03282A9FDD12F43"><enum>(B)</enum><text>urge junta leaders to return immediately to the rule of law as set forth by the transitional constitution;</text></subparagraph> 
<subparagraph id="H00387F4606344002A9F48032C9ED33FB"><enum>(C)</enum><text>monitor, discourage, and deter any effort by external parties to support the coup and the military junta;</text></subparagraph> <subparagraph id="H5AF6F6F358FF4C28970198D5996D6970"><enum>(D)</enum><text>coordinate with—</text> 
<clause id="H18CBB4495FBB4042AE58E55F238B9BD8"><enum>(i)</enum><text>the Administrator of the United States Agency for International Development and other Federal Government agencies to pause all non-humanitarian bilateral assistance to Sudan until restoration of the transitional constitutional order;</text></clause> <clause id="HAC6CB1B8CB0A4FEAA0DE58DBF099D381"><enum>(ii)</enum><text>the Department of the Treasury to use the voice and vote of the United States in international financial institutions to suspend all actions related to non-humanitarian loans or debt relief to Sudan until restoration of the transitional constitutional order; and</text></clause> 
<clause id="HA47167DF9B6F4CA08938A6D2BC4BB0BB"><enum>(iii)</enum><text>the United States Permanent Representative to the United Nations to ensure the United Nations Security Council is seized of the matter on an ongoing basis; and</text></clause></subparagraph> <subparagraph id="HAC956F67AF4843F6AE5DC8BA4E7F2AF7"><enum>(E)</enum><text>work with the Troika to engage members of the international community to join these United States actions; and</text></subparagraph></paragraph> 
<paragraph id="H1A34D568C7DC4937BE83F2E238A915AB"><enum>(6)</enum><text>calls on international partners to—</text> <subparagraph id="H793A5C1159B44C78AB0A9CEEDD355689"><enum>(A)</enum><text>join United States efforts to impose targeted sanctions on the junta and other accomplices to the coup, monitor, discourage, and deter any effort by external parties to support the junta, and urge junta leaders to return to the rule of law as set forth by the transitional constitution; and</text></subparagraph> 
<subparagraph id="HCB3B436D146248B4A58CA61113215194"><enum>(B)</enum><text>suspend Sudan’s participation in all regional multilateral organizations until Sudan is returned to constitutional rule under the transitional constitution. </text></subparagraph></paragraph></section> </resolution-body> <attestation><attestation-group><attestation-date date="20220714" chamber="House">Passed the House of Representatives July 14, 2022.</attestation-date><attestor display="no">Cheryl L. Johnson,</attestor><role>Clerk.</role></attestation-group></attestation> <endorsement display="yes"></endorsement> </resolution> 

