<?xml version="1.0"?>
<?xml-stylesheet type="text/xsl" href="billres.xsl"?>
<!DOCTYPE resolution PUBLIC "-//US Congress//DTDs/res.dtd//EN" "res.dtd">
<resolution dms-id="H4934AD5CB738459694105B7492D3C409" public-private="public" resolution-stage="Received-in-Senate" resolution-type="house-concurrent" star-print="no-star-print" key="G" stage-count="1"><metadata xmlns:dc="http://purl.org/dc/elements/1.1/">
<dublinCore>
<dc:title>117 HCON 98 : Directing the Secretary of the Senate to make a correction in the enrollment of the bill S. 3373. </dc:title>
<dc:publisher>U.S. House of Representatives</dc:publisher>
<dc:date>2022-07-14</dc:date>
<dc:format>text/xml</dc:format>
<dc:language>EN</dc:language>
<dc:rights>Pursuant to Title 17 Section 105 of the United States Code, this file is not subject to copyright protection and is in the public domain.</dc:rights>
</dublinCore>
</metadata>
<form>
<distribution-code display="yes">III</distribution-code><congress display="yes">117th CONGRESS</congress><session display="yes">2d Session</session><legis-num>H. CON. RES. 98</legis-num><current-chamber>IN THE SENATE OF THE UNITED STATES</current-chamber><action><action-date date="20220714">July 14, 2022</action-date><action-desc>Received</action-desc></action><legis-type>CONCURRENT RESOLUTION</legis-type><official-title display="yes">Directing the Secretary of the Senate to make a correction in the enrollment of the bill S. 3373. </official-title></form><resolution-body style="traditional" id="H32ABBCA6F71448EB9D448C701AD4B69D"><section display-inline="yes-display-inline" section-type="undesignated-section" id="H3805BA15F4A248F0AF2204811F26FA10"><enum/><text display-inline="yes-display-inline">That in the enrollment of the bill S. 3373, the Secretary of the Senate shall make the following cor-<pagebreak></pagebreak> rection: Amend the long title so as to read: <quote>An Act to improve health care and benefits for veterans exposed to toxic substances, and for other purposes.</quote>. </text></section></resolution-body><attestation><attestation-group><attestation-date date="20220713" chamber="House">Passed the House of Representatives July 13, 2022.</attestation-date><attestor display="yes">Cheryl L. Johnson,</attestor><role>Clerk.</role></attestation-group></attestation></resolution>


