<?xml version="1.0"?>
<?xml-stylesheet type="text/xsl" href="billres.xsl"?>
<!DOCTYPE resolution PUBLIC "-//US Congress//DTDs/res.dtd//EN" "res.dtd">
<resolution resolution-stage="Introduced-in-House" dms-id="H2B198AABAB994C02883052CDEA36E8BB" public-private="public" resolution-type="house-concurrent" star-print="no-star-print" key="H"><metadata xmlns:dc="http://purl.org/dc/elements/1.1/">
<dublinCore>
<dc:title>117 HCON 113 IH: Commemorating the 50th anniversary of the Federal Water Pollution Control Act Amendments of 1972, commonly known as the “Clean Water Act”.</dc:title>
<dc:publisher>U.S. House of Representatives</dc:publisher>
<dc:date>2022-10-14</dc:date>
<dc:format>text/xml</dc:format>
<dc:language>EN</dc:language>
<dc:rights>Pursuant to Title 17 Section 105 of the United States Code, this file is not subject to copyright protection and is in the public domain.</dc:rights>
</dublinCore>
</metadata>
<form>
<distribution-code display="yes">IV</distribution-code><congress display="yes">117th CONGRESS</congress><session display="yes">2d Session</session><legis-num display="yes">H. CON. RES. 113</legis-num><current-chamber>IN THE HOUSE OF REPRESENTATIVES</current-chamber><action display="yes"><action-date date="20221014">October 14, 2022</action-date><action-desc><sponsor name-id="D000191">Mr. DeFazio</sponsor> (for himself, <cosponsor name-id="N000179">Mrs. Napolitano</cosponsor>, <cosponsor name-id="D000624">Mrs. Dingell</cosponsor>, and <cosponsor name-id="B001292">Mr. Beyer</cosponsor>) submitted the following concurrent resolution; which was referred to the <committee-name committee-id="HPW00">Committee on Transportation and Infrastructure</committee-name></action-desc></action><legis-type>CONCURRENT RESOLUTION</legis-type><official-title display="yes">Commemorating the 50th anniversary of the Federal Water Pollution Control Act Amendments of 1972, commonly known as the <quote>Clean Water Act</quote>.</official-title></form><preamble> 
<whereas><text>Whereas the Federal Water Pollution Control Act (commonly known, and referred to in this resolution, as the <quote>Clean Water Act</quote>) is one of the most important environmental laws in the United States and the Nation’s principal safeguard against pollution, degradation, and destruction of surface waters, including streams, rivers, wetlands, and lakes;</text></whereas> <whereas><text>Whereas implementation of the Clean Water Act has resulted in progress towards the objective of the legislation to <quote>restore and maintain the chemical, physical, and biological integrity of the Nation’s waters</quote> by—</text> 
<paragraph id="id7d0568fd5581455bb6535e9e062941a1"><enum>(1)</enum><text>significantly reducing water pollution;</text></paragraph> <paragraph id="id3833f6ebe17f4a008327da3baa2cbb5b"><enum>(2)</enum><text>substantially improving the quality of tens of thousands of waterbodies; and</text></paragraph> 
<paragraph id="id304a29c83b4b4eeebdcad372e12f7c55"><enum>(3)</enum><text>dramatically reducing the rate of wetlands loss;</text></paragraph></whereas> <whereas><text>Whereas, despite the improvements brought about by implementation of the Clean Water Act, failure to fully achieve the intended goals of the Clean Water Act are due to—</text> 
<paragraph id="ide202f19c170e45b5b018ca310fe3b18a"><enum>(1)</enum><text>changes to interpretation of the Clean Water Act, which have weakened protections for the Nation’s waters;</text></paragraph> <paragraph id="id38db5f4528874c2eacfaf8d3804b3470" commented="no"><enum>(2)</enum><text>lack of adequate and equitable investments in clean water infrastructure and funding to implement and enforce the Clean Water Act; and</text></paragraph> 
<paragraph id="id5cc8986ee608433f8be47d70756d90c6"><enum>(3)</enum><text>weak and inequitable enforcement and implementation of critical provisions of the Clean Water Act;</text></paragraph></whereas> <whereas><text>Whereas, as the United States embarks on the next 50 years of the Clean Water Act, Congress envisions—</text> 
<paragraph id="id6638fb95a81c46b597a699e434c0aaae"><enum>(1)</enum><text>expanded access to clean water for every community by—</text> <subparagraph id="id876F229791A84B37BDF5B141268B80C9"><enum>(A)</enum><text>protecting waters with cultural, historical, spiritual, and religious significance;</text></subparagraph> 
<subparagraph id="id6004AF0738474CC7B1F2E24F9A7F8BFA"><enum>(B)</enum><text>ensuring that rivers, streams, and other waterbodies are fishable and swimmable and serve as safe and reliable sources of recreation, drinking water, and subsistence;</text></subparagraph> <subparagraph id="idB577C654419B46CC87CD7DAA2955B269"><enum>(C)</enum><text>restoring and safeguarding waterways and wetlands that provide vital fish and wildlife habitat and protect communities from floods and droughts; and</text></subparagraph> 
<subparagraph id="id9261B5CA56804332A822AE0FF6BFE4CD"><enum>(D)</enum><text>making healthy shorelines, waterfronts, and water-related recreation available and welcoming to all;</text></subparagraph></paragraph> <paragraph id="idf58142f494654f3fb70acdce0eba16b7" commented="no"><enum>(2)</enum><text>prioritizing affordable clean water investments for underserved and economically disadvantaged communities that have, historically, been most harmed by pollution;</text></paragraph> 
<paragraph id="ideac89116dce94f8e95577e741f6f098c"><enum>(3)</enum><text>providing incentives for natural infrastructure and nature-based solutions;</text></paragraph> <paragraph id="idc96891b2c71949fa9bd0fe7d7480fdad"><enum>(4)</enum><text>building climate resiliency and mitigation of climate impacts into the Nation’s water infrastructure;</text></paragraph> 
<paragraph id="idadd7c7d34d664b7ba1af45e41d73a023"><enum>(5)</enum><text>supporting robust, transparent, and meaningful community engagement and community-led solutions and decisionmaking, including meaningfully incorporating the perspectives and solutions of Tribal communities;</text></paragraph> <paragraph id="id4d992eba4e854e259f86c6a103c4f315"><enum>(6)</enum><text>ensuring affordable clean water services for all;</text></paragraph> 
<paragraph id="iddb5a7e98045d452aab4cae9b5cab3be4"><enum>(7)</enum><text>protecting and restoring ecosystems by—</text> <subparagraph id="id1D146E7C26CB468492B2BB8DC6E33F15"><enum>(A)</enum><text>eliminating harmful algal blooms, algal toxins in drinking water supplies, and <quote>dead zones</quote> by reducing inputs of nitrogen and phosphorus from the most significant sources;</text></subparagraph> 
<subparagraph id="id79519A892EF543499F1DD95DEB554B1D"><enum>(B)</enum><text>preventing destruction and degradation of remaining wetlands and restoring and protecting wetlands across the country;</text></subparagraph> <subparagraph id="id7785239FD8C742E6B23E8D5455C4CBAA"><enum>(C)</enum><text>restoring all waters, especially the most polluted waterways and waterways in the communities most impacted by pollution;</text></subparagraph> 
<subparagraph id="id855038AFCF4443EF9EB7F1B1D93A7918"><enum>(D)</enum><text>incorporating climate change science and modeling and indigenous knowledge into planning and restoration efforts;</text></subparagraph> <subparagraph id="idDCBCADDAC93D477784589A2560B6A1EE"><enum>(E)</enum><text>improving water quality, healthy river flows, and groundwater recharge;</text></subparagraph> 
<subparagraph id="id987ED08D60964B66B8F2917EC2D7AA8F"><enum>(F)</enum><text>removing outdated infrastructure that is adversely impacting the health of waters; and</text></subparagraph> <subparagraph id="id9B13D6A8F3984E2999492017A4206E73"><enum>(G)</enum><text>supporting significant protected areas and free-flowing riverine systems, including components of the National Wild and Scenic Rivers System, units of the National Park System, national forests, units of the National Wildlife Refuge System, and components of the National Wilderness Preservation System; </text></subparagraph></paragraph> 
<paragraph id="idd98413aeaea842e7b683b3d510296a08"><enum>(8)</enum><text>promoting an inclusive, transparent, and equitable approach to policy development, based on the best available science, by—</text> <subparagraph id="idC71C3584DFFD43C38D76C300C8223E93"><enum>(A)</enum><text>proactively protecting human health and the environment from discharges of harmful pollutants, including new, emerging, and toxic contaminants;</text></subparagraph> 
<subparagraph id="id386EE7779D4E48C7A37AB904302B6CB1"><enum>(B)</enum><text>basing decisions on the most credible climate projections;</text></subparagraph> <subparagraph id="id4FE3DF6223444EB59A2492F14B0B2373"><enum>(C)</enum><text>accepting community-sourced and peer-reviewed science as a source of data for decisionmaking related to the Clean Water Act;</text></subparagraph> 
<subparagraph id="id22823B4F2A6E4696885A2A31CD0DB9A6"><enum>(D)</enum><text>ensuring that all decisions comply with the full suite of applicable laws;</text></subparagraph> <subparagraph id="id507F87E1FB0D42C8A987F88E1DE88A9C"><enum>(E)</enum><text>ensuring that States are consistent and timely in implementation of the Clean Water Act; and</text></subparagraph> 
<subparagraph id="idA2B8B35E700544D383474E9516508EE0"><enum>(F)</enum><text>increasing the reach and accuracy of water quality monitoring and assessment by providing funding to States, agencies, and other organizations conducting such activities; and</text></subparagraph></paragraph> <paragraph id="id2af34e10f2974ad68343770311eb2414" commented="no"><enum>(9)</enum><text display-inline="yes-display-inline">holding polluters accountable through effective and consistent enforcement measures, including—</text> 
<subparagraph id="id3CC75ED105AB4652AA89270C96D2558F" commented="no"><enum>(A)</enum><text>prioritizing prosecutions of violations of the Clean Water Act that have affected underserved and economically disadvantaged communities that have, historically, been most harmed by pollution;</text></subparagraph> <subparagraph id="idC44970E93E324EF9BF0AE5C526046F64" commented="no"><enum>(B)</enum><text>ensuring that Federal and State agencies carefully, clearly, and equitably apply the requirements of the Clean Water Act;</text></subparagraph> 
<subparagraph id="idE0CC38320E574443ADC44B3D8D4D10EF" commented="no"><enum>(C)</enum><text>providing the resources needed to ensure that Federal and State agencies have the capacity to effectively implement and enforce the Clean Water Act; and</text></subparagraph> <subparagraph id="id4754CAB3DF5448618B8FDB2284FADDDC" commented="no"><enum>(D)</enum><text display-inline="yes-display-inline">safeguarding the Nation’s cleanest and most pristine waters, including wild and scenic rivers and waters in national and State parks, through designation as Outstanding National Resource Waters: Now, therefore, be it</text></subparagraph></paragraph></whereas></preamble><resolution-body style="traditional" id="H4503FE3DF59E486A98DFB0BC7CC5220C"> 
<section display-inline="yes-display-inline" section-type="undesignated-section" id="HA052935CB3B14AD9B7AABF3FEF99E930"><text>That Congress—</text> <paragraph id="HF86D0709145648E99DA6A79F6B4553E1"><enum>(1)</enum><text>commemorates the 50th anniversary of the enactment of the Federal Water Pollution Control Act Amendments of 1972 (<external-xref legal-doc="public-law" parsable-cite="pl/92/500">Public Law 92–500</external-xref>; 86 Stat. 816);</text></paragraph> 
<paragraph id="HE16DAFFB3CC5468B821494E4403B05DE"><enum>(2)</enum><text>recognizes the historic achievements in improving water quality that have been made during the 50 years of implementation of the Clean Water Act; and</text></paragraph> <paragraph id="HC9AC250110C74A90AFBA3CC97697A12D" commented="no"><enum>(3)</enum><text>recognizes the need to address the shortcomings of the Clean Water Act in restoring and maintaining the chemical, physical, and biological integrity of the Nation’s waters, including by—</text> 
<subparagraph id="H1AAD5BB74E7E4691A97A18046528D6C3" commented="no"><enum>(A)</enum><text>expanding access to clean water for every community;</text></subparagraph> <subparagraph id="H86C44E0C7CE54B7D86090BC4626E5745" commented="no"><enum>(B)</enum><text>recognizing that a robust Clean Water Act is critical for the protection of human and environmental health, for the promotion of healthy and robust economies, and for maintaining a healthy quality of life;</text></subparagraph> 
<subparagraph id="HB417618D651C4B8E9F72612AD63C58E7" commented="no"><enum>(C)</enum><text>increasing clean water infrastructure investments in communities throughout the Nation and targeting increased and affordable investments in communities most at risk of continued pollution;</text></subparagraph> <subparagraph id="HECCE5CF3D5E342AAB2A3670EFA15F23C" commented="no"><enum>(D)</enum><text>addressing climate resiliency and mitigation of climate impacts on clean water infrastructure;</text></subparagraph> 
<subparagraph id="H9EC6160505DB4CA9A06777DA1CD77170" commented="no"><enum>(E)</enum><text>promoting an inclusive, transparent, and equitable approach to Clean Water Act policy development, based on the best available science;</text></subparagraph> <subparagraph id="H7878F7ED81EE4C83904C7534E83729AF" commented="no"><enum>(F)</enum><text>holding polluters accountable; and</text></subparagraph> 
<subparagraph id="HA19F68ECD3B048B4A46AA894BCC6830B" commented="no"><enum>(G)</enum><text>ensuring the protection and restoration of rivers, streams, lakes, wetlands, and natural ecosystems. </text></subparagraph></paragraph></section> </resolution-body></resolution>

