<?xml version="1.0"?>
<?xml-stylesheet type="text/xsl" href="billres.xsl"?>
<!DOCTYPE resolution PUBLIC "-//US Congress//DTDs/res.dtd//EN" "res.dtd">
<resolution resolution-stage="Introduced-in-House" dms-id="H6C2F91D871D34A3E9AAB90BC28DFACFA" public-private="public" resolution-type="house-concurrent" star-print="no-star-print" key="H"><metadata xmlns:dc="http://purl.org/dc/elements/1.1/">
<dublinCore>
<dc:title>117 HCON 105 IH: Authorizing the use of the rotunda of the Capitol for a ceremony to present the statue of Harry S. Truman from the people of Missouri.</dc:title>
<dc:publisher>U.S. House of Representatives</dc:publisher>
<dc:date>2022-09-13</dc:date>
<dc:format>text/xml</dc:format>
<dc:language>EN</dc:language>
<dc:rights>Pursuant to Title 17 Section 105 of the United States Code, this file is not subject to copyright protection and is in the public domain.</dc:rights>
</dublinCore>
</metadata>
<form>
<distribution-code display="yes">IV</distribution-code><congress display="yes">117th CONGRESS</congress><session display="yes">2d Session</session><legis-num display="yes">H. CON. RES. 105</legis-num><current-chamber>IN THE HOUSE OF REPRESENTATIVES</current-chamber><action display="yes"><action-date date="20220913">September 13, 2022</action-date><action-desc><sponsor name-id="C001061">Mr. Cleaver</sponsor> (for himself, <cosponsor name-id="G000546">Mr. Graves of Missouri</cosponsor>, and <cosponsor name-id="L000569">Mr. Luetkemeyer</cosponsor>) submitted the following concurrent resolution; which was referred to the <committee-name committee-id="HHA00">Committee on House Administration</committee-name></action-desc></action><legis-type>CONCURRENT RESOLUTION</legis-type><official-title display="yes">Authorizing the use of the rotunda of the Capitol for a ceremony to present the statue of Harry S. Truman from the people of Missouri.</official-title></form><resolution-body style="OLC" id="HEC893D353166480D84AA3706528B72AE"><section id="H1B9995EDA3204D21BC2045E3A5E2DC47" section-type="section-one"><enum>1.</enum><header>Use of rotunda for ceremony for presentation of statue of Harry S. Truman from the people of Missouri</header><text display-inline="no-display-inline">The State of Missouri is authorized to use the rotunda of the Capitol on September 29, 2022, for a ceremony to present the statue of Harry S. Truman from the people of Missouri for placement in the rotunda of the Capitol. Physical preparations for the conduct of the ceremony shall be carried out in accordance with such conditions as the Architect of the Capitol may prescribe.</text></section></resolution-body></resolution> 

