<?xml version="1.0"?>
<?xml-stylesheet type="text/xsl" href="billres.xsl"?>
<!DOCTYPE resolution PUBLIC "-//US Congress//DTDs/res.dtd//EN" "res.dtd">
<resolution resolution-stage="Introduced-in-House" dms-id="H0284064E5085480AA865E518E2B5A017" public-private="public" resolution-type="house-concurrent" star-print="no-star-print" key="H"><metadata xmlns:dc="http://purl.org/dc/elements/1.1/">
<dublinCore>
<dc:title>117 HCON 107 IH: Designating the week of September 18 through September 24, 2022, as “National Fall Prevention Awareness Week” to raise awareness about, and encourage the prevention of, falls among older adults.</dc:title>
<dc:publisher>U.S. House of Representatives</dc:publisher>
<dc:date>2022-09-20</dc:date>
<dc:format>text/xml</dc:format>
<dc:language>EN</dc:language>
<dc:rights>Pursuant to Title 17 Section 105 of the United States Code, this file is not subject to copyright protection and is in the public domain.</dc:rights>
</dublinCore>
</metadata>
<form>
<distribution-code display="yes">IV</distribution-code><congress display="yes">117th CONGRESS</congress><session display="yes">2d Session</session><legis-num display="yes">H. CON. RES. 107</legis-num><current-chamber>IN THE HOUSE OF REPRESENTATIVES</current-chamber><action display="yes"><action-date date="20220920">September 20, 2022</action-date><action-desc><sponsor name-id="F000462">Ms. Lois Frankel of Florida</sponsor> (for herself, <cosponsor name-id="B001257">Mr. Bilirakis</cosponsor>, <cosponsor name-id="M001206">Mr. Morelle</cosponsor>, <cosponsor name-id="A000378">Mrs. Axne</cosponsor>, <cosponsor name-id="E000296">Mr. Evans</cosponsor>, <cosponsor name-id="D000631">Ms. Dean</cosponsor>, <cosponsor name-id="M001163">Ms. Matsui</cosponsor>, <cosponsor name-id="K000009">Ms. Kaptur</cosponsor>, <cosponsor name-id="W000797">Ms. Wasserman Schultz</cosponsor>, <cosponsor name-id="S001145">Ms. Schakowsky</cosponsor>, <cosponsor name-id="D000610">Mr. Deutch</cosponsor>, <cosponsor name-id="N000147">Ms. Norton</cosponsor>, <cosponsor name-id="C001053">Mr. Cole</cosponsor>, <cosponsor name-id="B001287">Mr. Bera</cosponsor>, <cosponsor name-id="C001066">Ms. Castor of Florida</cosponsor>, <cosponsor name-id="S001201">Mr. Suozzi</cosponsor>, <cosponsor name-id="D000624">Mrs. Dingell</cosponsor>, <cosponsor name-id="C001061">Mr. Cleaver</cosponsor>, <cosponsor name-id="S001200">Mr. Soto</cosponsor>, <cosponsor name-id="N000192">Ms. Newman</cosponsor>, and <cosponsor name-id="R000486">Ms. Roybal-Allard</cosponsor>) submitted the following concurrent resolution; which was referred to the <committee-name committee-id="HIF00">Committee on Energy and Commerce</committee-name></action-desc></action><legis-type>CONCURRENT RESOLUTION</legis-type><official-title display="yes">Designating the week of September 18 through September 24, 2022, as <quote>National Fall Prevention Awareness Week</quote> to raise awareness about, and encourage the prevention of, falls among older adults.</official-title></form><preamble><whereas><text>Whereas, according to the Centers for Disease Control and Prevention (CDC), approximately 36,000,000 older adults above age 65 fall each year;</text></whereas><whereas><text>Whereas approximately 3,000,000 older adults visit emergency rooms for falls each year;</text></whereas><whereas><text>Whereas falls among older adults cause 34,000 largely preventable deaths annually;</text></whereas><whereas><text>Whereas more than 1 out of 4 older adults in the United States falls each year;</text></whereas><whereas><text>Whereas falls are the leading cause of injury-related deaths among adults aged 65 and older each year;</text></whereas><whereas><text>Whereas falls are the leading cause of both fatal and nonfatal injuries among adults aged 65 and older;</text></whereas><whereas><text>Whereas beyond the loss of life and independence, the CDC reports that the total direct medical cost of fall-related injuries for older adults is approximately $50,000,000,000 annually, including approximately $29,000,000,000 paid by Medicare, approximately $9,000,000,000 paid by Medicaid, and approximately $12,000,000,000 paid by private and out-of-pocket payors;</text></whereas><whereas><text>Whereas if the rate of increase in falls is not slowed, the annual cost of fall injuries will surpass $101,000,000,000 by 2030;</text></whereas><whereas><text>Whereas many falls could be prevented by addressing modifiable biological, behavioral, and environmental risk factors; and</text></whereas><whereas><text>Whereas evidence-based programs reduce falls by utilizing cost-effective strategies, such as exercise programs to improve balance and strength, medication management, vision improvement, reduction of home hazards, and falls prevention education: Now, therefore, be it</text></whereas></preamble><resolution-body style="OLC" id="HD09B7DCB20EE40A4893905802FC4C412"><section id="H9E3FAA02D4DA4DE5A27C2A513DA51C62" display-inline="yes-display-inline" section-type="undesignated-section"><text>That Congress— </text><paragraph id="HDA2EEFD83F6D444C8C9D540A2C3CB82A"><enum>(1)</enum><text>supports the designation of <quote>National Fall Prevention Awareness Week</quote>;</text></paragraph><paragraph id="HF6DB3F8131514823AEC026B82E1BE7C2"><enum>(2)</enum><text>recognizes that there are proven, cost-effective falls prevention programs and policies;</text></paragraph><paragraph id="HC53C007632714E54A02335C3C1312A34"><enum>(3)</enum><text display-inline="yes-display-inline">supports the work of Federal, State, and local governments, the Centers for Disease Control and Prevention, the Administration for Community Living, the Department of Housing and Urban Development, other Federal agencies, local community-based organizations, the public health community, health care providers, businesses, and individuals working collaboratively to address risk factors that contribute to falls among older adults in the United States; and</text></paragraph><paragraph id="H79EC455CE921486EAE930FEB64314B06"><enum>(4)</enum><text>encourages continued efforts to reduce and prevent falls and supports Federal investments in fall prevention programs.</text></paragraph></section></resolution-body></resolution> 

