<?xml version="1.0"?>
<?xml-stylesheet type="text/xsl" href="billres.xsl"?>
<!DOCTYPE resolution PUBLIC "-//US Congress//DTDs/res.dtd//EN" "res.dtd">
<resolution resolution-stage="Introduced-in-House" dms-id="H3CB6A91D50054685A297AB0FBE910672" public-private="public" resolution-type="house-concurrent" star-print="no-star-print" key="H"><metadata xmlns:dc="http://purl.org/dc/elements/1.1/">
<dublinCore>
<dc:title>117 HCON 86 IH: Supporting the goals and ideals of GLSEN’s 2022 Day of Silence in bringing attention to anti-lesbian, gay, bisexual, transgender, queer, non-binary, Two-Spirit, intersex, and questioning (LGBTQ+) bullying, harassment, discrimination, and other forms of victimization faced by individuals in schools.</dc:title>
<dc:publisher>U.S. House of Representatives</dc:publisher>
<dc:date>2022-04-21</dc:date>
<dc:format>text/xml</dc:format>
<dc:language>EN</dc:language>
<dc:rights>Pursuant to Title 17 Section 105 of the United States Code, this file is not subject to copyright protection and is in the public domain.</dc:rights>
</dublinCore>
</metadata>
<form>
<distribution-code display="yes">IV</distribution-code><congress display="yes">117th CONGRESS</congress><session display="yes">2d Session</session><legis-num display="yes">H. CON. RES. 86</legis-num><current-chamber>IN THE HOUSE OF REPRESENTATIVES</current-chamber><action display="yes"><action-date date="20220421">April 21, 2022</action-date><action-desc><sponsor name-id="T000472">Mr. Takano</sponsor> (for himself, <cosponsor name-id="N000147">Ms. Norton</cosponsor>, <cosponsor name-id="K000381">Mr. Kilmer</cosponsor>, <cosponsor name-id="M000087">Mrs. Carolyn B. Maloney of New York</cosponsor>, <cosponsor name-id="O000173">Ms. Omar</cosponsor>, <cosponsor name-id="B001278">Ms. Bonamici</cosponsor>, <cosponsor name-id="H001038">Mr. Higgins of New York</cosponsor>, <cosponsor name-id="T000468">Ms. Titus</cosponsor>, <cosponsor name-id="G000551">Mr. Grijalva</cosponsor>, <cosponsor name-id="H001081">Mrs. Hayes</cosponsor>, <cosponsor name-id="C001084">Mr. Cicilline</cosponsor>, <cosponsor name-id="B001313">Ms. Brown of Ohio</cosponsor>, <cosponsor name-id="E000296">Mr. Evans</cosponsor>, <cosponsor name-id="W000788">Ms. Williams of Georgia</cosponsor>, <cosponsor name-id="P000613">Mr. Panetta</cosponsor>, <cosponsor name-id="P000614">Mr. Pappas</cosponsor>, <cosponsor name-id="C001127">Mrs. Cherfilus-McCormick</cosponsor>, <cosponsor name-id="S001205">Ms. Scanlon</cosponsor>, <cosponsor name-id="B001223">Mr. Bowman</cosponsor>, <cosponsor name-id="D000631">Ms. Dean</cosponsor>, <cosponsor name-id="M001196">Mr. Moulton</cosponsor>, <cosponsor name-id="W000800">Mr. Welch</cosponsor>, <cosponsor name-id="S001145">Ms. Schakowsky</cosponsor>, <cosponsor name-id="J000305">Ms. Jacobs of California</cosponsor>, <cosponsor name-id="N000192">Ms. Newman</cosponsor>, <cosponsor name-id="N000002">Mr. Nadler</cosponsor>, <cosponsor name-id="M001188">Ms. Meng</cosponsor>, <cosponsor name-id="A000371">Mr. Aguilar</cosponsor>, <cosponsor name-id="D000617">Ms. DelBene</cosponsor>, <cosponsor name-id="D000629">Ms. Davids of Kansas</cosponsor>, <cosponsor name-id="S001156">Ms. S&#225;nchez</cosponsor>, <cosponsor name-id="G000574">Mr. Gallego</cosponsor>, <cosponsor name-id="W000825">Ms. Wexton</cosponsor>, <cosponsor name-id="S001200">Mr. Soto</cosponsor>, <cosponsor name-id="C001119">Ms. Craig</cosponsor>, <cosponsor name-id="T000486">Mr. Torres of New York</cosponsor>, <cosponsor name-id="B000574">Mr. Blumenauer</cosponsor>, <cosponsor name-id="K000391">Mr. Krishnamoorthi</cosponsor>, <cosponsor name-id="D000624">Mrs. Dingell</cosponsor>, <cosponsor name-id="L000397">Ms. Lofgren</cosponsor>, <cosponsor name-id="C001080">Ms. Chu</cosponsor>, <cosponsor name-id="P000607">Mr. Pocan</cosponsor>, <cosponsor name-id="K000396">Mr. Kahele</cosponsor>, <cosponsor name-id="W000822">Mrs. Watson Coleman</cosponsor>, <cosponsor name-id="T000469">Mr. Tonko</cosponsor>, <cosponsor name-id="B001287">Mr. Bera</cosponsor>, <cosponsor name-id="J000306">Mr. Jones</cosponsor>, <cosponsor name-id="S001193">Mr. Swalwell</cosponsor>, <cosponsor name-id="D000096">Mr. Danny K. Davis of Illinois</cosponsor>, <cosponsor name-id="E000299">Ms. Escobar</cosponsor>, <cosponsor name-id="M001135">Ms. Manning</cosponsor>, <cosponsor name-id="O000172">Ms. Ocasio-Cortez</cosponsor>, and <cosponsor name-id="M001203">Mr. Malinowski</cosponsor>) submitted the following concurrent resolution; which was referred to the <committee-name committee-id="HED00">Committee on Education and Labor</committee-name>, and in addition to the Committee on <committee-name committee-id="HJU00">the Judiciary</committee-name>, for a period to be subsequently determined by the Speaker, in each case for consideration of such provisions as fall within the jurisdiction of the committee concerned</action-desc></action><legis-type>CONCURRENT RESOLUTION</legis-type><official-title display="yes">Supporting the goals and ideals of GLSEN&#8217;s 2022 Day of Silence in bringing attention to anti-lesbian, gay, bisexual, transgender, queer, non-binary, Two-Spirit, intersex, and questioning (LGBTQ+) bullying, harassment, discrimination, and other forms of victimization faced by individuals in schools.</official-title></form><preamble> 
<whereas><text>Whereas the National Day of Silence is a day in which students take a vow of silence to bring attention to the anti-LGBTQ+ bullying, harassment, discrimination, and other forms of victimization faced by individuals in schools;</text></whereas> <whereas><text>Whereas GLSEN is a national nonprofit organization working to create safe and affirming learning environments in primary and secondary schools nationwide, regardless of sexual orientation, gender identity, or gender expression;</text></whereas> 
<whereas><text>Whereas GLSEN designates one day of every April as the Day of Silence;</text></whereas> <whereas><text>Whereas hundreds of thousands of students at thousands of schools have participated in the National Day of Silence in past years;</text></whereas> 
<whereas><text>Whereas GLSEN’s 2019 National School Climate Survey illustrates the pervasive harassment and victimization faced by LGBTQ+ middle and high school students by documenting their experiences within the preceding academic year;</text></whereas> <whereas><text>Whereas nearly 69 percent of LGBTQ+ students reported being verbally harassed by their peers at school because of their sexual orientation, and nearly 57 percent because of their gender expression;</text></whereas> 
<whereas><text>Whereas nearly 26 percent of LGBTQ+ students reported being physically harassed by their peers at school because of their sexual orientation, and nearly 22 percent because of their gender expression;</text></whereas> <whereas><text>Whereas 11 percent of LGBTQ+ students reported being physically assaulted by their peers at school because of their sexual orientation, and over 9 percent because of their gender expression;</text></whereas> 
<whereas><text>Whereas nearly 45 percent of LGBTQ+ students reported being cyberbullied;</text></whereas> <whereas><text>Whereas 17 percent of LGBTQ+ youth reported being taught negative representations of LGBTQ+ people and history;</text></whereas> 
<whereas><text>Whereas nearly 56 percent of Asian-American and Pacific Islander LGBTQ+ students experienced harassment or assault related to their sexual orientation;</text></whereas> <whereas><text>Whereas 82 percent of American Indian or Alaska Native LGBTQ+ (or Two-Spirit) students experienced bullying based on their sexual orientation;</text></whereas> 
<whereas><text>Whereas 60 percent of Latinx LGBTQ+ students experienced bullying based on their gender expression;</text></whereas> <whereas><text>Whereas nearly 59 percent of Black LGBTQ+ students experienced bullying based on their sexual orientation;</text></whereas> 
<whereas><text>Whereas nearly 37 percent of LGBTQ+ students reported being harassed at school based on their actual or perceived disability status;</text></whereas> <whereas><text>Whereas 59 percent of LGBTQ+ students reported that they felt unsafe in school because of their sexual orientation, and nearly 33 percent reported missing at least one entire school day in the preceding month because of safety concerns;</text></whereas> 
<whereas><text>Whereas transgender students were more likely than all other students to report feeling unsafe at school because of their gender expression, and were more likely to report missing school or changing schools because they felt unsafe or uncomfortable;</text></whereas> <whereas><text>Whereas more than 77 percent of transgender students experienced discrimination at school;</text></whereas> 
<whereas><text>Whereas student academic performance is affected such that LGBTQ+ students who experienced high levels of victimization because of their sexual orientation, gender identity, or gender expression report a lower grade point average than those of LGBTQ+ students who experienced low levels of such victimization;</text></whereas> <whereas><text>Whereas the presence of four supports—supportive educators, peer networks of support, comprehensive school and district policies, and curriculum that includes positive representations of LGBTQ+ people and history—contributed to a range of positive indicators including fewer reports of missing school, fewer reports of feeling unsafe, greater academic achievement, higher educational aspirations, and a greater sense of school belonging;</text></whereas> 
<whereas><text>Whereas a growing number of States, cities, and local educational agencies are adopting laws and policies to prohibit bullying, harassment, and discrimination against students on the basis of their sexual orientation, gender identity, or gender expression; and</text></whereas> <whereas><text>Whereas every child should be guaranteed an education free from bullying, harassment, and discrimination regardless of their sexual orientation, gender identity, or gender expression: Now, therefore, be it</text></whereas></preamble><resolution-body style="OLC" id="H60909887B22A4F36B241C0B9B17AA5D5"> 
<section id="HFEB9273399D045F09155C9F4451B5AEA" display-inline="yes-display-inline" section-type="undesignated-section"><text>That Congress— </text> <paragraph id="HA307270C1A6549DEA21BB14CDF041557"><enum>(1)</enum><text>supports the goals and ideals of the National Day of Silence; and</text></paragraph> 
<paragraph id="HAA39C28530DB400AA8521D5B802AAFD1"><enum>(2)</enum><text>encourages each State, city, and local educational agency to adopt laws and policies to prohibit bullying, harassment, and discrimination against students, teachers, and other school staff regardless of their sexual orientation, gender identity, or gender expression, so that the Nation’s schools are institutions where all individuals are able to focus on learning.</text></paragraph></section> </resolution-body></resolution>

