<?xml version="1.0"?>
<?xml-stylesheet type="text/xsl" href="billres.xsl"?>
<!DOCTYPE resolution PUBLIC "-//US Congress//DTDs/res.dtd//EN" "res.dtd">
<resolution resolution-stage="Introduced-in-House" dms-id="H3B705230C560429095905C35BD1E599A" public-private="public" resolution-type="house-concurrent" star-print="no-star-print" key="H">
<metadata xmlns:dc="http://purl.org/dc/elements/1.1/">
<dublinCore>
<dc:title>117 HCON 80 IH: Commending the heroism of Olathe East High School Administrator Dr. Kaleb Stoppel and School Resource Officer Erik Clark in responding to a student armed with a firearm.</dc:title>
<dc:publisher>U.S. House of Representatives</dc:publisher>
<dc:date>2022-03-09</dc:date>
<dc:format>text/xml</dc:format>
<dc:language>EN</dc:language>
<dc:rights>Pursuant to Title 17 Section 105 of the United States Code, this file is not subject to copyright protection and is in the public domain.</dc:rights>
</dublinCore>
</metadata>
<form>
<distribution-code display="yes">IV</distribution-code>
<congress display="yes">117th CONGRESS</congress>
<session display="yes">2d Session</session>
<legis-num display="yes">H. CON. RES. 80</legis-num>
<current-chamber>IN THE HOUSE OF REPRESENTATIVES</current-chamber>
<action display="yes">
<action-date date="20220309">March 9, 2022</action-date>
<action-desc><sponsor name-id="D000629">Ms. Davids of Kansas</sponsor> (for herself, <cosponsor name-id="M000871">Mr. Mann</cosponsor>, and <cosponsor name-id="L000266">Mr. LaTurner</cosponsor>) submitted the following concurrent resolution; which was referred to the <committee-name committee-id="HED00">Committee on Education and Labor</committee-name>, and in addition to the Committee on <committee-name committee-id="HJU00">the Judiciary</committee-name>, for a period to be subsequently determined by the Speaker, in each case for consideration of such provisions as fall within the jurisdiction of the committee concerned</action-desc>
</action>
<legis-type>CONCURRENT RESOLUTION</legis-type>
<official-title display="yes">Commending the heroism of Olathe East High School Administrator Dr. Kaleb Stoppel and School Resource Officer Erik Clark in responding to a student armed with a firearm.</official-title>
</form>
<preamble> 
<whereas><text>Whereas, on Friday, March 4, 2022, Olathe East High School Administrator Dr. Kaleb Stoppel (in this preamble referred to as Dr. Stoppel) and School Resource Officer Erik Clark (in this preamble referred to as Officer Clark) were shot and wounded while engaging an armed student;</text></whereas> <whereas><text>Whereas Dr. Stoppel’s decision to remove the student from class and Officer Clark’s swift response to neutralize the shooter prevented the loss of innocent lives at Olathe East High School;</text></whereas> 
<whereas><text>Whereas Officer Clark has been a School Resource Officer at Olathe East High School for 7 years and a law enforcement officer for 15 years; and</text></whereas> <whereas><text>Whereas Dr. Stoppel has been the Assistant Principal and Athletic Director for Olathe East High School for nearly 4 years and an educator for nearly 13 years: Now, therefore, be it</text></whereas></preamble>
<resolution-body style="traditional" id="H636C76B2E83646A1978D8D8FE65D1ACF"> 
<section display-inline="yes-display-inline" section-type="undesignated-section" id="H046E04E00CAF4396BAC25A9A5789BFCA"><text>That Congress—</text> <paragraph id="HDF85C130AF764AFFB029B2AB8B2EB081"><enum>(1)</enum><text>commends Administrator Dr. Kaleb Stoppel and School Resource Officer Erik Clark for their heroic actions to protect students and staff of Olathe East High School; and</text></paragraph> 
<paragraph id="HBD40CF32C1E24B789C0F7145D7EF9470"><enum>(2)</enum><text>recognizes Administrator Dr. Kaleb Stoppel and School Resource Officer Erik Clark’s years of dedication and service to their community as an educator and a member of law enforcement, respectively.</text></paragraph></section> </resolution-body> </resolution> 

