<?xml version="1.0"?>
<?xml-stylesheet type="text/xsl" href="billres.xsl"?>
<!DOCTYPE resolution PUBLIC "-//US Congress//DTDs/res.dtd//EN" "res.dtd">
<resolution resolution-stage="Introduced-in-House" dms-id="HF5A2E24EA8894CB18B2C5163735BCEF8" public-private="public" resolution-type="house-concurrent" star-print="no-star-print" key="H"><metadata xmlns:dc="http://purl.org/dc/elements/1.1/">
<dublinCore>
<dc:title>117 HCON 108 IH: Recognizing the significance of equal pay and the disparity in wages paid to men and to Black women.</dc:title>
<dc:publisher>U.S. House of Representatives</dc:publisher>
<dc:date>2022-09-22</dc:date>
<dc:format>text/xml</dc:format>
<dc:language>EN</dc:language>
<dc:rights>Pursuant to Title 17 Section 105 of the United States Code, this file is not subject to copyright protection and is in the public domain.</dc:rights>
</dublinCore>
</metadata>
<form>
<distribution-code display="yes">IV</distribution-code><congress display="yes">117th CONGRESS</congress><session display="yes">2d Session</session><legis-num display="yes">H. CON. RES. 108</legis-num><current-chamber>IN THE HOUSE OF REPRESENTATIVES</current-chamber><action display="yes"><action-date date="20220922">September 22, 2022</action-date><action-desc><sponsor name-id="A000370">Ms. Adams</sponsor> (for herself, <cosponsor name-id="M001160">Ms. Moore of Wisconsin</cosponsor>, <cosponsor name-id="W000808">Ms. Wilson of Florida</cosponsor>, <cosponsor name-id="C001125">Mr. Carter of Louisiana</cosponsor>, <cosponsor name-id="B001223">Mr. Bowman</cosponsor>, <cosponsor name-id="B001304">Mr. Brown of Maryland</cosponsor>, <cosponsor name-id="W000822">Mrs. Watson Coleman</cosponsor>, <cosponsor name-id="M001188">Ms. Meng</cosponsor>, <cosponsor name-id="C001067">Ms. Clarke of New York</cosponsor>, <cosponsor name-id="M001143">Ms. McCollum</cosponsor>, and <cosponsor name-id="E000296">Mr. Evans</cosponsor>) submitted the following concurrent resolution; which was referred to the <committee-name committee-id="HED00">Committee on Education and Labor</committee-name></action-desc></action><legis-type>CONCURRENT RESOLUTION</legis-type><official-title display="yes">Recognizing the significance of equal pay and the disparity in wages paid to men and to Black women.</official-title></form><preamble><whereas><text>Whereas September 21, 2022, is Black Women’s Equal Pay Day, which marks the day that symbolizes how long into 2022 Black women must work to make what White, non-Hispanic men were paid in 2021;</text></whereas><whereas><text>Whereas section 6(d) of the Fair Labor Standards Act of 1938 (<external-xref legal-doc="usc" parsable-cite="usc/29/206">29 U.S.C. 206(d)</external-xref>) prohibits discrimination in compensation for equal work on the basis of sex;</text></whereas><whereas><text>Whereas title VII of the Civil Rights Act of 1964 (<external-xref legal-doc="usc" parsable-cite="usc/42/2000e">42 U.S.C. 2000e et seq.</external-xref>) prohibits discrimination in compensation because of race, color, religion, national origin, or sex;</text></whereas><whereas><text>Whereas despite the passage of the Equal Pay Act of 1963 (<external-xref legal-doc="usc" parsable-cite="usc/29/206">29 U.S.C. 206</external-xref> note) 5 decades ago, which requires that men and women in the same workplace be given equal pay for equal work, Census Bureau data show that Black women working full time, year round, are paid 58 cents for every dollar paid to White, non-Hispanic men;</text></whereas><whereas><text>Whereas if the current trends continue, on average, Black women will have to wait 100 years to achieve equal pay;</text></whereas><whereas><text>Whereas the median annual pay for a Black woman in the United States working full time, year round, is $41,098, which means that, on average, Black women lose nearly $964,400 in potential earnings to the wage gap over the course of a 40-year career;</text></whereas><whereas><text>Whereas lost wages mean Black women have less money to support themselves and their families, save and invest for the future, and spend on goods and services, causing businesses and the economy to suffer as a result;</text></whereas><whereas><text>Whereas Black women’s median earnings are less than men’s at every level of academic achievement;</text></whereas><whereas><text>Whereas, in the United States, more than 80 percent of Black mothers are key breadwinners or co-breadwinners for their families, but Black mothers working full time are paid only 52 percent as much as fathers;</text></whereas><whereas><text>Whereas the lack of access to affordable, quality childcare, paid family and medical leave, paid sick leave, and other family-friendly workplace policies contributes to the wage gap by forcing many Black women to choose between their paycheck or job and getting quality care for themselves or their family members;</text></whereas><whereas><text>Whereas if the wage gap were eliminated, on average, a Black woman working full time would have enough money for approximately 2.5 additional years of tuition and fees for a 4-year public university, the full cost of tuition and fees for a 2-year community college, more than 16 additional months of premiums for employer-based health insurance, 153 weeks of food for her family, 15 additional months of mortgage and utilities payments, 22 more months of rent, nearly 20 additional years of birth control, or enough money to pay off student loan debt in just over 1 year;</text></whereas><whereas><text>Whereas 25 to 85 percent of women have been sexually harassed at the workplace, and research has found that only a small number of women who experience harassment, about 1 in 10, formally report incidents for reasons including lack of access to the complaints processes and fear of retaliation;</text></whereas><whereas><text>Whereas workplace harassment forces many women to leave their occupation or industry;</text></whereas><whereas><text>Whereas targets of harassment were 6.5 times as likely as nontargets to change jobs or pass up opportunities for advancement, contributing to the gender wage gap;</text></whereas><whereas><text>Whereas Black women were the most likely of all racial and ethnic groups to have filed a sexual harassment charge;</text></whereas><whereas><text>Whereas nearly two-thirds of workers paid the minimum wage or less are women, and there is an overrepresentation of women of color in low-wage and tipped occupations;</text></whereas><whereas><text>Whereas more than 62 percent of women working in the private sector reported that they were either discouraged or prohibited from discussing wage and salary information, which can hide pay discrimination and prevent remedies;</text></whereas><whereas><text>Whereas the pay disparity Black women face is part of a wider set of disparities Black women face in home ownership, unemployment, poverty, access to childcare, and the ability to accumulate wealth;</text></whereas><whereas><text>Whereas the gender wage gap for Black women has only narrowed by 3 cents in the last 3 decades;</text></whereas><whereas><text>Whereas true pay equity requires a multifaceted strategy that addresses the gendered and racial injustices that Black women face daily;</text></whereas><whereas><text>Whereas the pandemic has disproportionately economically impacted Black women; and</text></whereas><whereas><text>Whereas many national organizations have designated September 21, 2022, as Black Women’s Equal Pay Day to represent the additional time that women must work to compensate for the lower wages paid to Black women last year: Now, therefore, be it</text></whereas></preamble><resolution-body style="OLC" id="H07016B23B059490792C395503D83BEA3"><section display-inline="yes-display-inline" section-type="undesignated-section" id="HC6C757F4482543DAA8161A5E846B20CD"><text>That Congress—</text><paragraph id="HACC9DCA5C2744E78A412A8F02AE942A4"><enum>(1)</enum><text display-inline="yes-display-inline">recognizes the disparity in wages paid to Black women and its impact on women, families, and the United States; and</text></paragraph><paragraph id="H308BF5DA060E48219220A221EB0407F1"><enum>(2)</enum><text>reaffirms its support for ensuring equal pay for equal work and narrowing the gender wage gap.</text></paragraph></section></resolution-body></resolution> 

