<?xml version="1.0"?>
<?xml-stylesheet type="text/xsl" href="billres.xsl"?>
<!DOCTYPE resolution PUBLIC "-//US Congress//DTDs/res.dtd//EN" "res.dtd">
<resolution resolution-stage="Introduced-in-House" dms-id="H5238130EEA844B14BB565F343E1D2A8D" public-private="public" resolution-type="house-concurrent" star-print="no-star-print" key="H">
<metadata xmlns:dc="http://purl.org/dc/elements/1.1/">
<dublinCore>
<dc:title>117 HCON 94 IH: Expressing the sense of Congress regarding the end of impunity of unpunished Serbian sexual war crimes during the 1999 Kosovo war in the case of United States citizen and sexual war crime survivor Vasfije Krasniqi Goodman and other survivors of sexual and gender-based violence.</dc:title>
<dc:publisher>U.S. House of Representatives</dc:publisher>
<dc:date>2022-05-31</dc:date>
<dc:format>text/xml</dc:format>
<dc:language>EN</dc:language>
<dc:rights>Pursuant to Title 17 Section 105 of the United States Code, this file is not subject to copyright protection and is in the public domain.</dc:rights>
</dublinCore>
</metadata>
<form>
<distribution-code display="yes">IV</distribution-code>
<congress display="yes">117th CONGRESS</congress>
<session display="yes">2d Session</session>
<legis-num display="yes">H. CON. RES. 94</legis-num>
<current-chamber>IN THE HOUSE OF REPRESENTATIVES</current-chamber>
<action display="yes">
<action-date date="20220531">May 31, 2022</action-date>
<action-desc><sponsor name-id="A000376">Mr. Allred</sponsor> (for himself, <cosponsor name-id="E000297">Mr. Espaillat</cosponsor>, <cosponsor name-id="T000486">Mr. Torres of New York</cosponsor>, <cosponsor name-id="V000130">Mr. Vargas</cosponsor>, and <cosponsor name-id="V000131">Mr. Veasey</cosponsor>) submitted the following concurrent resolution; which was referred to the <committee-name committee-id="HFA00">Committee on Foreign Affairs</committee-name></action-desc>
</action>
<legis-type>CONCURRENT RESOLUTION</legis-type>
<official-title display="yes">Expressing the sense of Congress regarding the end of impunity of unpunished Serbian sexual war crimes during the 1999 Kosovo war in the case of United States citizen and sexual war crime survivor Vasfije Krasniqi Goodman and other survivors of sexual and gender-based violence.</official-title>
</form>
<preamble> 
<whereas><text>Whereas Vasfije Krasniqi was 16 years old during the 1999 Kosovo war and living in Stanofc i Poshtem, Kosovo, then under the control of the Republic of Serbia, which was part of the Federal Republic of Yugoslavia and led by Serbian President Slobodan Milosevic;</text></whereas> <whereas><text>Whereas, on April 14, 1999, a Serbian police officer entered Ms. Krasniqi’s family home in Stanofc i Poshtem, Kosovo, looking for all male occupants, and ordered Ms. Krasniqi to go to the police station to give a statement about her father and brothers, who were not present;</text></whereas> 
<whereas><text>Whereas the Serbian police officer threatened to shoot everyone present, including Ms. Krasniqi and her mother, before forcibly removing Ms. Krasniqi from the house and taking her to a Serbian village nearby;</text></whereas> <whereas><text>Whereas the Serbian police officer forced Ms. Krasniqi into an empty house off the main road and threw her onto dried corn stacks before taking her to his car, where he started raping her despite her yelling and screams for him to stop;</text></whereas> 
<whereas><text>Whereas Ms. Krasniqi was held at gunpoint and raped repeatedly before losing consciousness;</text></whereas> <whereas><text>Whereas, once Ms. Krasniqi regained consciousness, she begged the Serbian police officer to kill her, and the Serbian police officer responded by saying, <quote>No, I won’t because you will suffer more this way</quote>, and threatened to take her to an area full of Serbian forces where more people would rape her;</text></whereas> 
<whereas><text>Whereas the Serbian police officer later went into a local store in the same village, from where an older, crippled Serbian man emerged and forced Ms. Krasniqi out of the car and took her to an unfinished house where he raped her;</text></whereas> <whereas><text>Whereas, a few hours later, Ms. Krasniqi was taken back to her village where she was left out on the street and told not to tell anyone about what had transpired;</text></whereas> 
<whereas><text>Whereas Ms. Krasniqi did not want to go home having to explain to anyone what had happened to her, but instead walked through the village cemetery and hoped that her life would come to an end then and there;</text></whereas> <whereas><text>Whereas, upon arriving at her uncle’s house hours after the assault, Ms. Krasniqi did not have to say a word, as everyone knew what had happened, witnessing her scratches, bruises, cuts, and torn clothes;</text></whereas> 
<whereas><text>Whereas Ms. Krasniqi reported her case to the Kosovo Liberation Army (KLA) the day after she was raped on April 15, 1999;</text></whereas> <whereas><text>Whereas, in March 1999, with the support of the United States, NATO began a 78-day air campaign against Serbian forces in Kosovo after efforts to negotiate an end to the Kosovo war collapsed, leading to Serbia’s agreement to cease all military activity in Kosovo and to facilitate the withdrawal of Serbian forces from Kosovo, and the deployment of a NATO-led Kosovo Force (KFOR);</text></whereas> 
<whereas><text>Whereas the United Nations Security Council then passed Resolution 1244 on June 10, 1999, which established the United Nations Interim Administration Mission in Kosovo (UNMIK) as a temporary government until Kosovo’s own institutions had developed and demonstrated the capacity to self-govern, which included various powers, such as the authority to administer justice in Kosovo and the ability to investigate and prosecute serious crimes committed during the war;</text></whereas> <whereas><text>Whereas Ms. Krasniqi reported her case to UNMIK on September 10, 1999, with no outcome, as well as to the French KFOR on April 21, 2004, but inaction of both these bodies caused additional difficulties and delays in her case;</text></whereas> 
<whereas><text>Whereas Kosovo declared independence on February 17, 2008, and has since received the recognition of over 100 states, including the United States and 23 of the 28 European Union member states, though Serbia still rejects such claim;</text></whereas> <whereas><text>Whereas the European Rule of Law Mission in Kosovo (EULEX) was launched in 2008 as a civilian mission to support rule-of-law institutions, accountability, and compliance with international human rights standards in Kosovo, as well as to support the Specialist Chambers and Specialist Prosecutor’s Office in line with relevant Kosovo legislation within the framework of United Nations Security Council Resolution 1244;</text></whereas> 
<whereas><text>Whereas Ms. Krasniqi moved to the United States in 2001, naturalized as a citizen in 2004, and now lives in Rowlett, Texas, with her husband and two children, each of whom are also United States citizens, and she has also taken the last name Goodman;</text></whereas> <whereas><text>Whereas Ms. Krasniqi Goodman reported her case to EULEX authorities and gave five interviews from August 2010 to July 2012, and witnesses gave several testimonies from February 2011 to August 2012;</text></whereas> 
<whereas><text>Whereas, on November 12, 2012, the Special Prosecution Office of the Republic of Kosovo (SPRK) filed the indictment PPS nr. 89/2012 against the perpetrators Jovica Dejanovic (DOB 09/11/1954), the Serbian police officer, and Djordje Bojkovic (DOB 11/13/1940), the older and crippled Serbian man, with the then-District Court of Mitrovica, which was amended on November 30, 2012;</text></whereas> <whereas><text>Whereas the main trial was held between April 4 to 15, 2013, and on April 17, 2013, the Basic Court of Mitrovica announced the judgment that both perpetrators were acquitted of the charge of war crime against the civilian population (rape), punishable under Articles 22 and 142 CC SFRY;</text></whereas> 
<whereas><text>Whereas, on October 31, 2013, the SPRK Prosecutors submitted a joint appeal proposing that the judgment of the first instance court be modified and Jovica Dejanovic and Djordje Bojkovic be convicted of the criminal offense of war crime against civilian population, or in the alternative, to return the case to the court of first instance for a retrial;</text></whereas> <whereas><text>Whereas the Appellate Public Prosecutor moved the Court of Appeals to grant the appeal of the Special Prosecutors, and the Court of Appeals rendered its judgment on May 27, 2014, and found both Jovica Dejanovic and Djordje Bojkovic guilty and convicted them of the war crime against civilians under Article 142 CC SFRY (now Article 153 CCRK), sentencing them to 12 years and 10 years of imprisonment, respectively;</text></whereas> 
<whereas><text>Whereas, on July 2014, Jovica Dejanovic and Djordje Bojkovic filed their appeals against the judgment of the Court of Appeals PaKr 503/13 dated May 27, 2014, and the Supreme Court of Kosovo rendered a ruling for the immediate release of Jovica Dejanovic and Djordje Bojkovic from the detention on remand;</text></whereas> <whereas><text>Whereas Jovica Dejanovic and Djordje Bojkovic were released, and nobody has been held responsible for the sexual war crimes committed against Vasfije Krasniqi Goodman;</text></whereas> 
<whereas><text>Whereas all prior mechanisms for pursuing accountability for war crimes in Kosovo have fallen short in bringing perpetrators of sexual violence to justice, including the International Criminal Tribunal for the former Yugoslavia, UNMIK, EULEX, and the Kosovo judicial system;</text></whereas> <whereas><text>Whereas the Centers for Disease Control and Prevention (CDC) reports that approximately 20,000 individuals were the victims of conflict-related sexual violence during the Kosovo war, and Human Rights Watch reports that rape was used as a weapon of war and instrument of ethnic cleansing by Serbian forces during the Kosovo war;</text></whereas> 
<whereas><text>Whereas 20 years later and after approximately 20,000 individuals raped, there has only been one perpetrator brought to justice, Zoran Vukotic, by Prishtina Basic Court on July 5, 2021;</text></whereas> <whereas><text>Whereas the United Nations Security Council Resolution 1820 was unanimously adopted on June 19, 2008, condemning the use of sexual violence as a tool of war, and declared that <quote>rape and other forms of sexual violence can constitute war crimes, crimes against humanity or a constitutive act with respect to genocide</quote>;</text></whereas> 
<whereas><text>Whereas the United Nations Security Council Resolution 2467 was adopted on April 23, 2019, <quote>recalling the responsibilities of States to end impunity and to prosecute those responsible for crimes of genocide, crimes against humanity, and war crimes, perpetrated against civilians</quote>; and</text></whereas> <whereas><text>Whereas Vasfije Krasniqi Goodman testified before the Committee on Foreign Affairs of the House of Representatives on April 30, 2019, in a hearing titled <quote>Kosovo’s Wartime Victims: The Quest for Justice</quote>, testifying for justice on behalf of her case and the 20,000 individuals raped during the Kosovo war: Now, therefore, be it</text></whereas></preamble>
<resolution-body style="traditional" id="H6E371B891CAE477390470F8EDBB2A099"> 
<section id="H141A802288684425850E02A0F0D441F8" section-type="undesignated-section" display-inline="yes-display-inline"><text display-inline="yes-display-inline">That it is the sense of Congress that—</text> <paragraph id="HCD93DBE1AFAA4E119616C12F0FE9548F"><enum>(1)</enum><text>those individuals who are responsible for the sexual war crimes on April 14, 1999, of United States citizen Vasfije Krasniqi Goodman in Kosovo should be brought to justice as per United Nations Security Council Resolutions 1820 and 2467;</text></paragraph> 
<paragraph id="H4E81D008365C4100BED25043B7EE8220"><enum>(2)</enum><text>it is reprehensible that no individuals have been found guilty for their sexual war crimes against Ms. Krasniqi Goodman;</text></paragraph> <paragraph id="H3193F7318B7540E9931CD938DE488B14"><enum>(3)</enum><text>the Government of the Republic of Serbia should stop protecting and glorifying any persons who were involved in war crimes during the Kosovo conflict and should make it a priority to investigate and prosecute any such individuals;</text></paragraph> 
<paragraph id="H8A17166A36CB41B094C9B4BE137E4BE0"><enum>(4)</enum><text>the United States should devote sufficient resources to fully assist and properly monitor efforts by the Government of Serbia and its relevant ministries and offices to investigate and prosecute cases of sexual violence during the Kosovo war, properly account for the role of such tactics in the attempted ethnic cleansing during the Kosovo war, and hold the Government of the Republic of Serbia accountable for fully implementing its international, bilateral, and national commitments in these regards;</text></paragraph> <paragraph id="HFBD5AC20B8444214911265DFDA54F1F5"><enum>(5)</enum><text>progress in resolving Ms. Krasniqi Goodman’s case and those involving other survivors of sexual violence during the Kosovo war should remain an important bilateral priority between the United States and the Government of the Republic of Serbia;</text></paragraph> 
<paragraph id="H2EF545BC1C214BEA839285CEF41DC472"><enum>(6)</enum><text>the House of Representatives believes that all unpunished war crimes, including those involving sexual violence, should be properly investigated and prosecuted by all judicial institutions with jurisdiction over war crimes committed during the Kosovo war; and</text></paragraph> <paragraph id="H07762510B6CE44568C3C42377EB7C902"><enum>(7)</enum><text>rape remains an unacceptable weapon of war throughout the world, and the United States should stand up for its citizens and people worldwide to hold perpetrators accountable, thereby sending an important message to the world that there are consequences for committing such crimes.</text></paragraph></section> 
</resolution-body>
</resolution> 


