<?xml version="1.0"?>
<?xml-stylesheet type="text/xsl" href="billres.xsl"?>
<!DOCTYPE resolution PUBLIC "-//US Congress//DTDs/res.dtd//EN" "res.dtd">
<resolution resolution-stage="Introduced-in-House" dms-id="H48325508D2DE4944B4AE4AD6FBDE3FBB" public-private="public" resolution-type="house-concurrent" star-print="no-star-print" key="H"><metadata xmlns:dc="http://purl.org/dc/elements/1.1/">
<dublinCore>
<dc:title>117 HCON 97 IH: Authorizing the use of the rotunda of the Capitol on Thursday, July 14, 2022, for the lying in honor of the remains of Hershel Woodrow “Woody” Williams, the last surviving Medal of Honor recipient for acts performed during World War II.</dc:title>
<dc:publisher>U.S. House of Representatives</dc:publisher>
<dc:date>2022-07-12</dc:date>
<dc:format>text/xml</dc:format>
<dc:language>EN</dc:language>
<dc:rights>Pursuant to Title 17 Section 105 of the United States Code, this file is not subject to copyright protection and is in the public domain.</dc:rights>
</dublinCore>
</metadata>
<form>
<distribution-code display="yes">IV</distribution-code><congress display="yes">117th CONGRESS</congress><session display="yes">2d Session</session><legis-num display="yes">H. CON. RES. 97</legis-num><current-chamber>IN THE HOUSE OF REPRESENTATIVES</current-chamber><action display="yes"><action-date date="20220712">July 12, 2022</action-date><action-desc><sponsor name-id="T000472">Mr. Takano</sponsor> submitted the following concurrent resolution; which was referred to the <committee-name committee-id="HHA00">Committee on House Administration</committee-name></action-desc></action><legis-type>CONCURRENT RESOLUTION</legis-type><official-title display="yes">Authorizing the use of the rotunda of the Capitol on Thursday, July 14, 2022, for the lying in honor of the remains of Hershel Woodrow <quote>Woody</quote> Williams, the last surviving Medal of Honor recipient for acts performed during World War II.</official-title></form><resolution-body style="OLC" id="H935B31269E4F42C3BD0A3C75BF89F440"> 
<section id="HEAAD23AE73ED49639496261CDC0B370B" section-type="section-one"><enum>1.</enum><header>Honoring the last surviving medal of honor recipient of World War II</header> <text display-inline="no-display-inline">In recognition of Hershel Woodrow <quote>Woody</quote> Williams, the last surviving recipient of the Medal of Honor for acts performed during World War II, his remains shall be permitted to lie in honor in the rotunda of the Capitol on Thursday, July 14, 2022, in order to honor the Greatest Generation and the more than 16,000,000 men and women who served in the Armed Forces of the United States from 1941 to 1945. The Architect of the Capitol, under the direction of the President pro tempore of the Senate and the Speaker of the House of Representatives, shall take all necessary steps for the accomplishment of that purpose.</text></section> </resolution-body></resolution>

