<?xml version="1.0"?>
<?xml-stylesheet type="text/xsl" href="billres.xsl"?>
<!DOCTYPE resolution PUBLIC "-//US Congress//DTDs/res.dtd//EN" "res.dtd">
<resolution resolution-stage="Introduced-in-House" dms-id="H0452257921634A588AA6AA1A7F645FAF" public-private="public" resolution-type="house-concurrent" star-print="no-star-print" key="H">
<metadata xmlns:dc="http://purl.org/dc/elements/1.1/">
<dublinCore>
<dc:title>117 HCON 116 IH: Congressional Evidence-Based Policymaking Resolution</dc:title>
<dc:publisher>U.S. House of Representatives</dc:publisher>
<dc:date>2022-11-17</dc:date>
<dc:format>text/xml</dc:format>
<dc:language>EN</dc:language>
<dc:rights>Pursuant to Title 17 Section 105 of the United States Code, this file is not subject to copyright protection and is in the public domain.</dc:rights>
</dublinCore>
</metadata>
<form>
<distribution-code display="yes">IV</distribution-code>
<congress display="yes">117th CONGRESS</congress>
<session display="yes">2d Session</session>
<legis-num display="yes">H. CON. RES. 116</legis-num>
<current-chamber>IN THE HOUSE OF REPRESENTATIVES</current-chamber>
<action display="yes">
<action-date date="20221117">November 17, 2022</action-date>
<action-desc><sponsor name-id="K000381">Mr. Kilmer</sponsor> (for himself, <cosponsor name-id="T000480">Mr. Timmons</cosponsor>, <cosponsor name-id="P000616">Mr. Phillips</cosponsor>, and <cosponsor name-id="J000295">Mr. Joyce of Ohio</cosponsor>) submitted the following concurrent resolution; which was referred to the <committee-name committee-id="HHA00">Committee on House Administration</committee-name>, and in addition to the Committee on <committee-name committee-id="HGO00">Oversight and Reform</committee-name>, for a period to be subsequently determined by the Speaker, in each case for consideration of such provisions as fall within the jurisdiction of the committee concerned</action-desc>
</action>
<legis-type>CONCURRENT RESOLUTION</legis-type>
<official-title display="yes">Establishing the Commission on Evidence-Based Policymaking to review, analyze, and make recommendations to Congress to promote the use of Federal data for evidence-building and evidence-based policymaking, and for other purposes.</official-title>
</form>
<resolution-body style="OLC" id="H01300721A71D4BA5961DEB02A8496BF9">
<section display-inline="no-display-inline" section-type="section-one" id="H8A8C5CCF8EF44C22AAA045A508999A67"><enum>1.</enum><header>Short title</header><text display-inline="no-display-inline">This concurrent resolution may be cited as the <quote><short-title>Congressional Evidence-Based Policymaking Resolution</short-title></quote>.</text></section> <section id="H2389D0F63E4C4FF0B95D5F4B933F2475"><enum>2.</enum><header>Commission on Evidence-Based Policymaking</header> <subsection id="H64B1C53E150B4D749960756C1A0EBEAF"><enum>(a)</enum><header>Establishment</header><text display-inline="yes-display-inline">There is established in the legislative branch the Commission on Evidence-Based Policymaking (in this section referred to as the <quote>Commission</quote>) to review, analyze, and make recommendations with respect to promoting the use of Federal data for evidence-building and evidence-based policymaking. </text></subsection>
<subsection id="HEAF31DF04CD543B1AC625863A73452DE"><enum>(b)</enum><header>Membership</header><text display-inline="yes-display-inline">The Commission shall be composed of 12 members, appointed not later than 180 days after the date of the adoption of this resolution, as follows:</text> <paragraph id="HFFCB56C67FCF4CCDA6926BADD98A185C"><enum>(1)</enum><text display-inline="yes-display-inline">Three shall be appointed by the Speaker of the House of Representatives, of whom—</text>
<subparagraph id="H1AF231FEFCE2444C9A57F482A6113859"><enum>(A)</enum><text>one shall be an academic researcher specializing in Congress or data science;</text></subparagraph> <subparagraph id="H3FBCEFEB8E0C4DE69BC2943D7862E70D"><enum>(B)</enum><text>one shall be a former Member or senior staffer of the House; and</text></subparagraph>
<subparagraph id="H30EA58E4DEA942E5AC4AF5AFBD31896E"><enum>(C)</enum><text display-inline="yes-display-inline">one shall be an employee of an office that participates in the Congressional Data Task Force or other legislative branch support agency as appropriate for the purposes of studying and developing the recommendations under subsection (f).</text></subparagraph></paragraph> <paragraph id="HD37A2CD42E434281B75758F6BC28019C"><enum>(2)</enum><text display-inline="yes-display-inline">Three shall be appointed by the minority leader of the House of Representatives, of whom—</text>
<subparagraph id="H5033E71682CA4BF2AE03C945509F0DB1"><enum>(A)</enum><text>one shall be an academic researcher specializing in Congress or data science;</text></subparagraph> <subparagraph id="H523A924ABECA4A139E1DCF3F5D2E7229"><enum>(B)</enum><text>one shall be a former Member or senior staffer of the House; and</text></subparagraph>
<subparagraph id="HAFA192B6B3764298A71A57B48CA20E7D"><enum>(C)</enum><text display-inline="yes-display-inline">one shall be an employee of an office that participates in the Congressional Data Task Force or other legislative branch support agency as appropriate for the purposes of studying and developing the recommendations under subsection (f).</text></subparagraph></paragraph> <paragraph id="H61DE7F9E49F74A90AFB22E4ED5B58443"><enum>(3)</enum><text display-inline="yes-display-inline">Three shall be appointed by the majority leader of the Senate, of whom—</text>
<subparagraph id="H64C326EDC15D40E19483A43F2DA00D9A"><enum>(A)</enum><text>one shall be an academic researcher specializing in Congress or data science;</text></subparagraph> <subparagraph id="HD162EBDF758B4AA28AFC829B9952EA67"><enum>(B)</enum><text>one shall be a former Member or senior staffer of the Senate; and</text></subparagraph>
<subparagraph id="H697D4AF1FE164DA18F81BD7E83335278"><enum>(C)</enum><text display-inline="yes-display-inline">one shall be an employee of an office that participates in the Congressional Data Task Force or other legislative branch support agency as appropriate for the purposes of studying and developing the recommendations under subsection (f).</text></subparagraph></paragraph> <paragraph id="HD34CFD1DAB3245E8B52CD3EC0A32AAA4"><enum>(4)</enum><text display-inline="yes-display-inline">Three shall be appointed by the minority leader of the Senate, of whom—</text>
<subparagraph id="HD60BF8B0AA4244D380321E93FE58C740"><enum>(A)</enum><text>one shall be an academic researcher specializing in Congress or data science;</text></subparagraph> <subparagraph id="HB54C8991BAF048729DB5C102859BBFCF"><enum>(B)</enum><text>one shall be a former Member or senior staffer of the Senate; and</text></subparagraph>
<subparagraph id="H92D1D09D4BB54C85A55E58F0303354CA"><enum>(C)</enum><text display-inline="yes-display-inline">one shall be an employee of an office that participates in the Congressional Data Task Force or other legislative branch support agency as appropriate for the purposes of studying and developing the recommendations under subsection (f).</text></subparagraph></paragraph></subsection> <subsection id="HB17BD51E622A42A1B70DE0C1B299841D"><enum>(c)</enum><header>Prohibition against service by current Members of Congress</header><text display-inline="yes-display-inline">An individual is not eligible to serve on the Commission if the individual is a current Member of Congress (including a Delegate or Resident Commissioner to the Congress).</text></subsection>
<subsection id="H11209AC5C4424F2A903177C7DD2CB5AC"><enum>(d)</enum><header>Co-Chairs</header><text>The Speaker of the House of Representatives and the majority leader of the Senate shall each select one member of the Commission to serve as co-chairs.</text></subsection> <subsection id="H799FB25551854B8283DB2031E4A3C3EA"><enum>(e)</enum><header>Staff</header> <paragraph id="H5C4A9BB600134912BD1136CB5E277398"><enum>(1)</enum><header>Director</header><text display-inline="yes-display-inline">The Commission shall have a Director who shall be appointed jointly by the co-chairs. The Director shall be paid at a rate of pay established by the co-chairs, not to exceed the annual rate of basic pay payable for level V of the Executive Schedule under section 5316 of title 5, United States Code.</text></paragraph>
<paragraph id="H80190291EF5543319CF2A3E18E87808C"><enum>(2)</enum><header>Other staff</header><text>The Director may appoint and fix the pay of not more than 8 full-time equivalent employees and 4 part-time employees. </text></paragraph> <paragraph id="H6A99E85E4B064330AFA80CAD2F22F2F9"><enum>(3)</enum><header>Coverage under Congressional Accountability Act of 1995</header><text>For purposes of the Congressional Accountability Act of 1995 (<external-xref legal-doc="usc" parsable-cite="usc/2/1301">2 U.S.C. 1301 et seq.</external-xref>)—</text>
<subparagraph id="H8FC577C5A8CE49FDB6939C644F225098"><enum>(A)</enum><text>the Commission shall be treated as an employing office under the Act; and</text></subparagraph> <subparagraph id="H2330898920094D8F9A31E06A7927FB43"><enum>(B)</enum><text>an employee of the Commission shall be treated as a covered employee under the Act.</text></subparagraph></paragraph>
<paragraph id="HB213A043E3C14B61873C829DAF5F6A77"><enum>(4)</enum><header>Detail of employees</header><text>At the request of the Commission, an employee of an office of the House of Representatives or Senate may be detailed to the Commission to assist the Commission with carrying out its duties.</text></paragraph></subsection> <subsection id="H8914C772D9AC4C8DB797846927660E26"><enum>(f)</enum><header>Recommendations</header> <paragraph id="H7AC184AADEC74E8F909CD55E0431A175"><enum>(1)</enum><header>In general</header><text>The Commission shall study and consider approval of applicable recommendations with respect to evidence-based policymaking within the Federal Government, including—</text>
<subparagraph id="H29D2D43FAD22418AAFA1643F27CE12F9"><enum>(A)</enum><text display-inline="yes-display-inline">how to incorporate outcomes measurement, rigorous impact analysis, and implementation-aligned language into the lawmaking process;</text></subparagraph> <subparagraph id="H8B46EBED1C514F1780C102A144282303"><enum>(B)</enum><text display-inline="yes-display-inline">how Congress can access and incorporate real-time, structured, and machine-readable data into the lawmaking process;</text></subparagraph>
<subparagraph id="HD828422E933D4F33A5447A5317D926E1"><enum>(C)</enum><text display-inline="yes-display-inline">the potential need for and duties of a congressional Chief Data Officer, including whether the officer should be located in a stand-alone office or housed within another existing agency and how such an office would function with existing data and transformation units in Congress;</text></subparagraph> <subparagraph id="H5BEB12A6C91E40E094FE82A0D9EC02AD"><enum>(D)</enum><text display-inline="yes-display-inline">ways to increase data expertise in Congress through the incorporation of technologists, data scientists, and engineers to assist in policy evaluation and legislative drafting; and</text></subparagraph>
<subparagraph id="H5226C8738CBF48B5BE260D7356E7F1E2"><enum>(E)</enum><text display-inline="yes-display-inline">how Congress may encourage Federal agencies to produce evidence on effectiveness for major new programs and reauthorizations, consistent with the Foundations for Evidence-Based Policymaking Act of 2018 (<external-xref legal-doc="public-law" parsable-cite="pl/115/435">Public Law 115–435</external-xref>).</text></subparagraph></paragraph> <paragraph id="H1EC339E0F76E496AB8E0116CAD961346"><enum>(2)</enum><header>Adoption of recommendations</header><text display-inline="yes-display-inline">Any recommendation considered by the Commission shall only be considered adopted by the Commission upon receiving the votes of at least two-thirds of the members of the Commission. </text></paragraph></subsection>
<subsection id="HFA7B2CFF6B25420A8F1436105BD44AA7"><enum>(g)</enum><header>Reports</header>
<paragraph id="HBF2B0EED113743268D5DB5D778A69D7B"><enum>(1)</enum><header>Interim reports</header><text display-inline="yes-display-inline">The Commission may submit to the Speaker of the House and the majority leader of the Senate interim reports containing such findings, conclusions, and recommendations as have been agreed to by at least two-thirds of the members of the Commission.</text></paragraph> <paragraph id="HD0AD1153E399425D9F3BD1F0ADC454A6"><enum>(2)</enum><header>Final report</header><text>Not later than 2 years after the date of the adoption of this resolution, the Commission shall submit a report to the Speaker of the House and the majority leader of the Senate on the activities and findings of the Commission.</text></paragraph></subsection>
<subsection id="H09DA8899F20849F09A97046FCD908C4D"><enum>(h)</enum><header>Authorization of appropriations</header><text>There are authorized to be appropriated such sums as may be necessary to carry out this section, of which—</text> <paragraph id="HFFA670EC429244C7A99D2CB3642C26ED"><enum>(1)</enum><text>50 percent shall be derived from the applicable accounts of the House of Representatives; and</text></paragraph>
<paragraph id="H619FC588ECE64915A48EB14E3278D72A"><enum>(2)</enum><text>50 percent shall be derived from the contingent fund of the Senate.</text></paragraph></subsection></section> </resolution-body> </resolution> 

