<?xml version="1.0"?>
<?xml-stylesheet type="text/xsl" href="billres.xsl"?>
<!DOCTYPE resolution PUBLIC "-//US Congress//DTDs/res.dtd//EN" "res.dtd">
<resolution resolution-stage="Introduced-in-House" dms-id="HC58E82526EAE4B8F84C7B3AC4BEAC0F4" public-private="public" resolution-type="house-concurrent" star-print="no-star-print" key="H"><metadata xmlns:dc="http://purl.org/dc/elements/1.1/">
<dublinCore>
<dc:title>117 HCON 118 IH: Authorizing the use of the rotunda of the Capitol for a ceremony to present Congressional Gold Medals to the United States Capitol Police and others who protected the Capitol on January 6, 2021.</dc:title>
<dc:publisher>U.S. House of Representatives</dc:publisher>
<dc:date>2022-11-29</dc:date>
<dc:format>text/xml</dc:format>
<dc:language>EN</dc:language>
<dc:rights>Pursuant to Title 17 Section 105 of the United States Code, this file is not subject to copyright protection and is in the public domain.</dc:rights>
</dublinCore>
</metadata>
<form>
<distribution-code display="yes">IV</distribution-code><congress display="yes">117th CONGRESS</congress><session display="yes">2d Session</session><legis-num display="yes">H. CON. RES. 118</legis-num><current-chamber>IN THE HOUSE OF REPRESENTATIVES</current-chamber><action display="yes"><action-date date="20221129">November 29, 2022</action-date><action-desc><sponsor name-id="P000197">Ms. Pelosi</sponsor> submitted the following concurrent resolution; which was referred to the <committee-name committee-id="HHA00">Committee on House Administration</committee-name></action-desc></action><legis-type>CONCURRENT RESOLUTION</legis-type><official-title display="yes">Authorizing the use of the rotunda of the Capitol for a ceremony to present Congressional Gold Medals to the United States Capitol Police and others who protected the Capitol on January 6, 2021.</official-title></form><resolution-body style="OLC" id="HF9BFB0F5ADA54466BB0C20309A54DFD2"> 
<section display-inline="no-display-inline" section-type="section-one" id="HF260AD18FFD74BC683E3D6ECF43C56DE"><enum>1.</enum><header>Use of rotunda for ceremony to present Congressional Gold Medals to United States Capitol Police and others who protected the Capitol on January 6, 2021</header><text display-inline="no-display-inline">The rotunda of the Capitol is authorized to be used on December 6, 2022, for a ceremony to present Congressional Gold Medals to the United States Capitol Police and others who protected the Capitol on January 6, 2021. Physical preparations for the ceremony shall be carried out in accordance with such conditions as the Architect of the Capitol may prescribe.</text></section> </resolution-body></resolution> 

