<?xml version="1.0"?>
<?xml-stylesheet type="text/xsl" href="billres.xsl"?>
<!DOCTYPE resolution PUBLIC "-//US Congress//DTDs/res.dtd//EN" "res.dtd">
<resolution dms-id="HCD0784C2855449858F6D307943AB75C5" public-private="public" resolution-stage="Engrossed-in-House" resolution-type="house-concurrent" star-print="no-star-print" key="H" stage-count="1"> 
<metadata xmlns:dc="http://purl.org/dc/elements/1.1/">
<dublinCore>
<dc:title>117 HCON 69 EH: Providing for a joint session of Congress to receive a message from the President.</dc:title>
<dc:publisher>U.S. House of Representatives</dc:publisher>
<dc:date></dc:date>
<dc:format>text/xml</dc:format>
<dc:language>EN</dc:language>
<dc:rights>Pursuant to Title 17 Section 105 of the United States Code, this file is not subject to copyright protection and is in the public domain.</dc:rights>
</dublinCore>
</metadata>
<form>
<distribution-code display="no">IV</distribution-code> 
<congress display="yes">117th CONGRESS</congress> 
<session display="yes">2d Session</session> 
<legis-num>H. CON. RES. 69</legis-num> 
<current-chamber display="no">IN THE HOUSE OF REPRESENTATIVES</current-chamber> 
<legis-type>CONCURRENT RESOLUTION</legis-type> 
<official-title display="no">Providing for a joint session of Congress to receive a message from the President.</official-title> 
</form> 
<resolution-body style="traditional" id="HAE7AC44CAADA4928A7D2DAD4511C7C2A"> 
<section display-inline="yes-display-inline" section-type="undesignated-section" id="H8CDC8E3E19844217B393888DD6A6853C"><text display-inline="yes-display-inline">That the two Houses of Congress assemble in the Hall of the House of Representatives on Tuesday, March 1, 2022, at 9:00 p.m., for the purpose of receiving such communication as the President of the United States shall be pleased to make to them. </text></section> </resolution-body> <attestation><attestation-group><attestation-date date="20220207" chamber="House">Passed the House of Representatives February 8, 2022.</attestation-date><attestor display="no">Cheryl L. Johnson,</attestor><role>Clerk.</role></attestation-group></attestation> <endorsement display="yes"></endorsement> </resolution> 

