<?xml version="1.0"?>
<?xml-stylesheet type="text/xsl" href="billres.xsl"?>
<!DOCTYPE resolution PUBLIC "-//US Congress//DTDs/res.dtd//EN" "res.dtd">
<resolution resolution-stage="Introduced-in-House" dms-id="HFB35B497E4D047F9A57BDC5EA5ED3425" public-private="public" resolution-type="house-concurrent" star-print="no-star-print" key="H"><metadata xmlns:dc="http://purl.org/dc/elements/1.1/">
<dublinCore>
<dc:title>117 HCON 102 IH: Expressing the sense of Congress that it is the duty of the Federal Government to establish a new royalty program to provide income to featured and non-featured performing artists whose music or audio content is listened to on streaming music services, like Spotify.</dc:title>
<dc:publisher>U.S. House of Representatives</dc:publisher>
<dc:date>2022-08-09</dc:date>
<dc:format>text/xml</dc:format>
<dc:language>EN</dc:language>
<dc:rights>Pursuant to Title 17 Section 105 of the United States Code, this file is not subject to copyright protection and is in the public domain.</dc:rights>
</dublinCore>
</metadata>
<form>
<distribution-code display="yes">IV</distribution-code><congress display="yes">117th CONGRESS</congress><session display="yes">2d Session</session><legis-num display="yes">H. CON. RES. 102</legis-num><current-chamber>IN THE HOUSE OF REPRESENTATIVES</current-chamber><action display="yes"><action-date date="20220809">August 9, 2022</action-date><action-desc><sponsor name-id="T000481">Ms. Tlaib</sponsor> (for herself and <cosponsor name-id="B001223">Mr. Bowman</cosponsor>) submitted the following concurrent resolution; which was referred to the <committee-name committee-id="HJU00">Committee on the Judiciary</committee-name></action-desc></action><legis-type>CONCURRENT RESOLUTION</legis-type><official-title display="yes">Expressing the sense of Congress that it is the duty of the Federal Government to establish a new royalty program to provide income to featured and non-featured performing artists whose music or audio content is listened to on streaming music services, like Spotify.</official-title></form><preamble> 
<whereas><text>Whereas streaming music services have become the dominant method of music consumption, and presently account for roughly 83 percent of total recorded music revenue in the United States;</text></whereas> <whereas><text>Whereas providers of streaming music service, like Spotify, saw a 13.4-percent increase in revenues in 2020, bringing Spotify’s streaming music service total revenue to $10,100,000,000;</text></whereas> 
<whereas><text>Whereas musicians have created the content responsible for these record valuations, but are only compensated on average $0.007 per stream;</text></whereas> <whereas><text>Whereas providers of streaming music service compensate featured artists at a significantly lower rate than traditional physical record sales;</text></whereas> 
<whereas><text>Whereas non-featured artists are presently compensated for digital radio play but receive no compensation by providers of streaming music service for streaming plays;</text></whereas> <whereas><text>Whereas the COVID–19 pandemic has significantly disrupted the live concert industry, thereby reducing alternative sources of non-royalty income for musicians;</text></whereas> 
<whereas><text>Whereas, to the extent the rise of streaming music services has benefited musicians, it has done so in an unequal manner, with benefits accruing mostly to those with sufficient bargaining power to negotiate with large companies on an individual basis;</text></whereas> <whereas><text>Whereas existing royalty and remuneration practices are insufficient to address and cover new modes of consumption and distribution of music, as well as properly reflect the value captured by streaming music services through data gathering and advertising sales;</text></whereas> 
<whereas><text>Whereas ensuring that both featured and non-featured artists are adequately compensated for their work strengthens the creative economy and creates an environment within the United States wherein such artists feel respected;</text></whereas> <whereas><text>Whereas the United States risks falling behind in investing in musicians within the United States compared to countries such as France and Canada, that have proposed new legislation in the past 4 years to address inequities in the music-streaming industry;</text></whereas> 
<whereas><text>Whereas major record companies, like Universal Music Group and Sony Music, who license musical works to streaming music services simultaneously hold significant shareholder stakes in the underlying streaming audio service-providing companies, encouraging collusion at the expense of the musicians and performing artists themselves; and</text></whereas> <whereas><text>Whereas copyright collectives like SoundExchange, which administer statutory licenses and collect and distribute royalties on behalf of featured and non-featured artists, and owners of copyrights in music recordings, are critical to the economic health of the music industry: Now, therefore, be it</text></whereas></preamble><resolution-body style="traditional" id="H42E9E993DC5A4BA791661AF6AF04F3A0"> 
<section display-inline="yes-display-inline" section-type="undesignated-section" id="HE0FCF840E4B44D408A1DE74369229572"><text display-inline="yes-display-inline">That is the sense of Congress that—</text> <paragraph id="H80FCD19A107B4BC6959F770390AD7A4A" commented="no"><enum>(1)</enum><text>it is the duty of the Federal Government to establish a new statutory royalty program—</text> 
<subparagraph id="H7859D89FAF46414082199B366D2B6DA0" commented="no"><enum>(A)</enum><text>to provide musicians, whose recorded work is listened to on streaming music services, like Spotify, reasonable remuneration through a royalty payment earned on a per-stream basis;</text></subparagraph> <subparagraph id="HB3DC048524F240BBA2735C955F540C9D" commented="no"><enum>(B)</enum><text>to ensure streaming music services, which have become the dominant method of music consumption, compensate musicians at fair rates that are not significantly lower than rates earned on traditional physical record sales;</text></subparagraph> 
<subparagraph id="HA0588ACC318C494CA71B7CD3047C6E85" commented="no"><enum>(C)</enum><text>to avoid falling behind in investing in musicians within the United States compared to other countries that have already proposed legislation to address inequalities in the music industry; and</text></subparagraph> <subparagraph id="HE5C333C855AE423B956D452C914B474E" commented="no"><enum>(D)</enum><text>to promote an environment wherein the musicians within the United States feel respected; and</text></subparagraph></paragraph> 
<paragraph id="HE37BB51E58D04079890DAFE96415B048"><enum>(2)</enum><text>the statutory royalty program should be—</text> <subparagraph id="HD02D4D7F14B9479AA829DC70AC65A2C5"><enum>(A)</enum><text display-inline="yes-display-inline">administered by SoundExchange and the Copyright Royalty Board, who will together calculate, collect, retain, and distribute the royalty payments to all eligible musicians whose recorded work is listened to on streaming music services in accordance with the standards and guidelines established by the scheme; and</text></subparagraph> 
<subparagraph id="HC591BE172034460E8F227A00C544713E"><enum>(B)</enum><text display-inline="yes-display-inline">funded by mandatory pro rata contributions collected by SoundExchange from eligible providers of music-streaming service, as defined by the program, with the option for SoundExchange to request additional direct public funding as it deems to be necessary and appropriate.</text></subparagraph></paragraph></section> </resolution-body></resolution>

