<?xml version="1.0"?>
<?xml-stylesheet type="text/xsl" href="billres.xsl"?>
<!DOCTYPE resolution PUBLIC "-//US Congress//DTDs/res.dtd//EN" "res.dtd">
<resolution resolution-stage="Introduced-in-House" dms-id="H4994A610BAA646EE9DDD06C3502C91EF" public-private="public" resolution-type="house-concurrent" star-print="no-star-print" key="H"><metadata xmlns:dc="http://purl.org/dc/elements/1.1/">
<dublinCore>
<dc:title>117 HCON 101 IH: Calling an Article V Convention for proposing amendments to the Constitution of the United States and stipulating the ratification of such amendments by State conventions, a vote of We the People, and for other purposes.</dc:title>
<dc:publisher>U.S. House of Representatives</dc:publisher>
<dc:date>2022-07-19</dc:date>
<dc:format>text/xml</dc:format>
<dc:language>EN</dc:language>
<dc:rights>Pursuant to Title 17 Section 105 of the United States Code, this file is not subject to copyright protection and is in the public domain.</dc:rights>
</dublinCore>
</metadata>
<form>
<distribution-code display="yes">IV</distribution-code><congress display="yes">117th CONGRESS</congress><session display="yes">2d Session</session><legis-num display="yes">H. CON. RES. 101</legis-num><current-chamber>IN THE HOUSE OF REPRESENTATIVES</current-chamber><action display="yes"><action-date date="20220719">July 19, 2022</action-date><action-desc><sponsor name-id="A000375">Mr. Arrington</sponsor> (for himself, <cosponsor name-id="H001084">Ms. Herrell</cosponsor>, and <cosponsor name-id="F000466">Mr. Fitzpatrick</cosponsor>) submitted the following concurrent resolution; which was referred to the <committee-name committee-id="HJU00">Committee on the Judiciary</committee-name></action-desc></action><legis-type>CONCURRENT RESOLUTION</legis-type><official-title display="yes">Calling an Article V Convention for proposing amendments to the Constitution of the United States and stipulating the ratification of such amendments by State conventions, a vote of We the People, and for other purposes.</official-title></form><preamble><whereas><text>Whereas Article V of the Constitution of the United States states that <quote>The Congress … on the Application of the Legislatures of two thirds of the several States, shall call a Convention for proposing Amendments</quote> to the Constitution;</text></whereas><whereas><text>Whereas congressional and State records of purported plenary applications for amendments on any subject and applications for single subject Fiscal Responsibility Amendments compiled by the Article V Library list 42 total applications over time, 39 active applications in 1979, 40 active applications in 1983, and at least 34 active applications in many years thereafter;</text></whereas><whereas><text>Whereas Alexander Hamilton in Federalist 85 stated that <quote>The Congress <quote>shall call a convention</quote>. Nothing in this particular is left to the discretion of that body</quote>;</text></whereas><whereas><text>Whereas beginning in 1979, when Congress appears to have failed in its constitutional duty to count applications and call a <quote>Convention for proposing Amendments</quote>, the Nation’s debt has increased to more than $30,000,000,000,000 from $830,000,000,000, while the value of the dollar has declined by over 70 percent;</text></whereas><whereas><text>Whereas the Constitution was ratified by Convention delegates <quote>chosen in each State by the People thereof</quote>, and the 21st Amendment, repealing Prohibition, was ratified in 1933 by a vote of the people for Yes-pledged delegates in 38 of 39 State Conventions; and</text></whereas><whereas><text>Whereas the Supreme Court’s unanimous opinion in Chiafalo v. Washington stated: <quote>electors … have no ground for reversing the vote of millions of its citizens. That direction accords with the Constitution—as well as with the trust of the Nation that here, We the People rule.</quote>: Now, therefore, be it</text></whereas></preamble><resolution-body style="OLC" id="H88EABC4A30CE44E790E20B94FA2B00A7"><section display-inline="no-display-inline" section-type="section-one" id="H5D4C94EB08CC4CF985EEB842D649A1BB"><enum>1.</enum><header>Call for Article V Convention of States</header><subsection id="H611619634B494917A841847A0525A740"><enum>(a)</enum><header>In general</header><paragraph id="H6090D2FC79FE41E0B03096E2B8B0495A"><enum>(1)</enum><header>Call for convention; timing</header><text display-inline="yes-display-inline">As provided in Article V of the Constitution of the United States, and except as provided in paragraph (2), Congress hereby calls a Convention for proposing amendments to the Constitution of the United States, and sets the date and place for the Convention to occur during the 180-day period which begins on the date the Archivist of the United States notifies Congress under section 106c of title 1, United States Code, that the Archivist has identified plenary or issue specific applications from at least two-thirds of the States calling for such a convention.</text></paragraph><paragraph id="HDD2E820A17774C64B88FE09EFB8EE9C5"><enum>(2)</enum><header>Exception</header><text>Paragraph (1) does not apply if, prior to the expiration of the 60-day period which begins on the date of the adoption of this concurrent resolution—</text><subparagraph id="H24ABD8F70EAC462BBBC6CE9616058358"><enum>(A)</enum><text display-inline="yes-display-inline">the Archivist of the United States submits to Congress a certification that the Archivist finds that, as of such date, there have never been plenary or amendment-specific non-rescinded applications from at least two-thirds of the States calling for a convention for proposing amendments to the Constitution; and</text></subparagraph><subparagraph id="HA3143E6D4CF54943B1DA6241F71735DB"><enum>(B)</enum><text>the Archivist includes in the certification a detailed explanation of the Archivist’s findings for each State.</text></subparagraph></paragraph></subsection><subsection id="HD24BD2C90F644002B2555FCA2D5D2B2F"><enum>(b)</enum><header>Ratification of amendments by States</header><text>Any proposed amendment at the Convention called under this section shall be ratified by a vote of We the People in three-quarters (38) of the States via State convention delegates who shall <quote>have no ground for reversing the vote of millions of [their] citizens</quote> (Chiafalo v. Washington).</text></subsection></section><section id="HC4BECCB8AFDC405D9D3FC594B4C20C6E"><enum>2.</enum><header>Transmission to Administrator of General Services</header><text display-inline="no-display-inline">A copy of this concurrent resolution shall be transmitted to the Administrator of General Services for submission to the legislatures of the several States.</text></section></resolution-body></resolution> 

