<?xml version="1.0"?>
<?xml-stylesheet type="text/xsl" href="billres.xsl"?>
<!DOCTYPE resolution PUBLIC "-//US Congress//DTDs/res.dtd//EN" "res.dtd">
<resolution resolution-stage="Introduced-in-House" dms-id="HF41D0C7E75204AED9B05EA7FAE73C7BF" public-private="public" resolution-type="house-concurrent" star-print="no-star-print" key="H"><metadata xmlns:dc="http://purl.org/dc/elements/1.1/">
<dublinCore>
<dc:title>117 HCON 68 IH: Expressing the sense of the Congress that assisted suicide (sometimes referred to using other terms) puts everyone, including those most vulnerable, at risk of deadly harm.</dc:title>
<dc:publisher>U.S. House of Representatives</dc:publisher>
<dc:date>2022-02-04</dc:date>
<dc:format>text/xml</dc:format>
<dc:language>EN</dc:language>
<dc:rights>Pursuant to Title 17 Section 105 of the United States Code, this file is not subject to copyright protection and is in the public domain.</dc:rights>
</dublinCore>
</metadata>
<form>
<distribution-code display="yes">IV</distribution-code><congress display="yes">117th CONGRESS</congress><session display="yes">2d Session</session><legis-num display="yes">H. CON. RES. 68</legis-num><current-chamber>IN THE HOUSE OF REPRESENTATIVES</current-chamber><action display="yes"><action-date date="20220204">February 4, 2022</action-date><action-desc><sponsor name-id="C001110">Mr. Correa</sponsor> (for himself, <cosponsor name-id="W000815">Mr. Wenstrup</cosponsor>, <cosponsor name-id="C001090">Mr. Cartwright</cosponsor>, <cosponsor name-id="S000522">Mr. Smith of New Jersey</cosponsor>, <cosponsor name-id="L000559">Mr. Langevin</cosponsor>, and <cosponsor name-id="H001052">Mr. Harris</cosponsor>) submitted the following concurrent resolution; which was referred to the <committee-name committee-id="HIF00">Committee on Energy and Commerce</committee-name></action-desc></action><legis-type>CONCURRENT RESOLUTION</legis-type><official-title display="yes">Expressing the sense of the Congress that assisted suicide (sometimes referred to using other terms) puts everyone, including those most vulnerable, at risk of deadly harm.</official-title></form><preamble><whereas><text>Whereas <quote>suicide</quote> means the act of intentionally ending one’s own life, preempting death from disease, accident, injury, age, or other condition;</text></whereas><whereas><text>Whereas <quote>assisting in a suicide</quote>, sometimes referred to as death with dignity, end-of-life options, aid-in-dying, or similar phrases, means knowingly and willingly prescribing, providing, dispensing, or distributing to an individual a substance, device, or other means that, if taken, used, ingested, or administered as directed, expected, or instructed, will, with reasonable medical certainty, result in the death of the individual, preempting death from disease, accident, injury, age, or other condition;</text></whereas><whereas><text>Whereas society has a longstanding policy of supporting suicide prevention such as through the efforts of many public and private suicide prevention programs, the benefits of which could be denied under a public policy of assisted suicide;</text></whereas><whereas><text>Whereas assisted suicide most directly threatens the lives of people who are elderly, experience depression, have a disability, or are subject to emotional or financial pressure to end their lives;</text></whereas><whereas><text>Whereas the Oregon Health Authority’s annual reports reveal that pain or the fear of pain is listed second to last (25 percent) among the reasons cited by all patients seeking lethal drugs since 1998, while the top 5 reasons cited are psychological and social concerns: <quote>losing autonomy</quote> (92 percent), <quote>less able to engage in activities that make life enjoyable</quote> (90 percent), <quote>loss of dignity</quote> (79 percent), <quote>losing control of bodily functions</quote> (48 percent), and <quote>burden on family friends/caregivers</quote> (41 percent);</text></whereas><whereas><text>Whereas the Supreme Court has ruled twice (in Washington v. Glucksberg and Vacco v. Quill) that there is no constitutional right to assisted suicide, that the Government has a legitimate interest in prohibiting assisted suicide, and that such prohibitions rationally relate to <quote>protecting the vulnerable from coercion</quote> and <quote>protecting disabled and terminally ill people from prejudice, negative and inaccurate stereotypes, and <quote>societal indifference</quote></quote>;</text></whereas><whereas><text>Whereas clearly expressing that assisted suicide is not a legitimate health care service, Congress passed, with a nearly unanimous vote, and President Bill Clinton signed, the Assisted Suicide Funding Restriction Act to prevent the use of Federal funds for any item or service, including advocacy, provided for the purpose of causing, or assisting in causing, the death of any individual such as by assisted suicide, euthanasia, or mercy killing;</text></whereas><whereas><text>Whereas a handful of States have authorized assisted suicide, but over 30 States have rejected over 200 attempts at legalization since 1994;</text></whereas><whereas><text>Whereas States that authorize assisted suicide for terminally ill patients do not require that such patients receive psychological screening or treatment, though studies show that the overwhelming majority of patients contemplating suicide experience depression;</text></whereas><whereas><text>Whereas the laws of such States contain no requirement for a medical attendant to be present at the time the lethal dose is taken, used, ingested, or administered to intervene in the event of medical complications;</text></whereas><whereas><text>Whereas such State laws contain no requirement that a qualified monitor be present to assure that the patient is knowingly and voluntarily taking, using, ingesting, or administering the lethal dose;</text></whereas><whereas><text>Whereas such State laws contain no requirement to secure lethal medication if unwanted or if death occurs before such medication is used;</text></whereas><whereas><text>Whereas such State laws do not prevent family members, heirs, or health care providers from pressuring patients to request assisted suicide;</text></whereas><whereas><text>Whereas such States qualify some patients for assisted suicide by using a broad definition of <quote>terminal disease</quote> and <quote>going to die in six months or less</quote> that includes diseases (such as diabetes or HIV) that, if appropriately treated, would not otherwise result in death within six months;</text></whereas><whereas><text>Whereas it is extremely difficult even for the most experienced doctors to accurately prognosticate a six-month life expectancy as required, making such a prognosis a prediction, not a certainty;</text></whereas><whereas><text>Whereas reporting requirements vary by State, but when required, rely on prescribing physicians or dispensing pharmacists to self-report;</text></whereas><whereas><text>Whereas such reporting is neither conducted by an objective third party nor of sufficient depth and accuracy to effectively monitor the occurrence of assisted suicide;</text></whereas><whereas><text>Whereas there is an astounding lack of transparency in the practice of assisted suicide to the extent that State health departments and other authorities admittedly have no method of knowing if it is being practiced within the bounds of State laws and have no funding or authority to make such a determination;</text></whereas><whereas><text>Whereas some State laws actively conceal assisted suicide by directing the physician to list the cause of death as the underlying condition without reference to death by suicide;</text></whereas><whereas><text>Whereas the confidential nature of end-of-life decisions makes it virtually impossible to effectively monitor a physician’s behavior to prevent abuses, making any number of safeguards insufficient;</text></whereas><whereas><text>Whereas the cost of lethal medication is far less costly than many life-saving treatments, which threatens to restrict treatment options, especially for disadvantaged and vulnerable persons, as has happened in several known cases and presumably many more unknown in which insurers have denied or delayed coverage for life-saving care while offering to cover assisted suicide;</text></whereas><whereas><text>Whereas access to personal assistance services such as in-home hospice and palliative care, home health care aides, and nursing care or assistance is regretfully limited and subject to long waiting lists in many areas, placing systemic pressure on patients in need of such personal assistance services to resort to assisted suicide; and</text></whereas><whereas><text>Whereas for all these reasons, assisted suicide undermines the integrity of the health care system: Now, therefore, be it</text></whereas></preamble><resolution-body style="traditional" id="H7A9CBD92BBEB47E7937CCFE4566D2796"><section display-inline="yes-display-inline" section-type="undesignated-section" id="HBE1DBDF751C24D18A00B03C8BD04C02E"><enum/><text>That it is the sense of Congress that the Federal Government should ensure that every person facing the end of their life has access to the best quality and comprehensive medical care, including palliative, in-home, or hospice care, tailored to their needs and that the Federal Government should not adopt or endorse policies or practices that support, encourage, or facilitate suicide or assisted suicide, whether by physicians or others.</text></section></resolution-body></resolution> 

