<?xml version="1.0"?>
<?xml-stylesheet type="text/xsl" href="billres.xsl"?>
<!DOCTYPE resolution PUBLIC "-//US Congress//DTDs/res.dtd//EN" "res.dtd">
<resolution resolution-stage="Introduced-in-House" dms-id="H8966AFD442A246E29FD85F22E8D84A2B" public-private="public" resolution-type="house-concurrent" star-print="no-star-print" key="H"><metadata xmlns:dc="http://purl.org/dc/elements/1.1/">
<dublinCore>
<dc:title>117 HCON 95 IH: Recognizing the historic significance of the 70th anniversary of the founding of the United States Army Special Forces and honoring the “Father of the Special Forces”, Colonel Aaron Bank (United States Army, retired) of Mission Viejo, California, for his role in establishing the Army Special Forces.</dc:title>
<dc:publisher>U.S. House of Representatives</dc:publisher>
<dc:date>2022-06-09</dc:date>
<dc:format>text/xml</dc:format>
<dc:language>EN</dc:language>
<dc:rights>Pursuant to Title 17 Section 105 of the United States Code, this file is not subject to copyright protection and is in the public domain.</dc:rights>
</dublinCore>
</metadata>
<form>
<distribution-code display="yes">IV</distribution-code><congress display="yes">117th CONGRESS</congress><session display="yes">2d Session</session><legis-num display="yes">H. CON. RES. 95</legis-num><current-chamber>IN THE HOUSE OF REPRESENTATIVES</current-chamber><action display="yes"><action-date date="20220609">June 9, 2022</action-date><action-desc><sponsor name-id="H001067">Mr. Hudson</sponsor> (for himself, <cosponsor name-id="W000823">Mr. Waltz</cosponsor>, <cosponsor name-id="P000608">Mr. Peters</cosponsor>, <cosponsor name-id="C001051">Mr. Carter of Texas</cosponsor>, <cosponsor name-id="R000576">Mr. Ruppersberger</cosponsor>, and <cosponsor name-id="C001066">Ms. Castor of Florida</cosponsor>) submitted the following concurrent resolution; which was referred to the <committee-name committee-id="HAS00">Committee on Armed Services</committee-name></action-desc></action><legis-type>CONCURRENT RESOLUTION</legis-type><official-title display="yes">Recognizing the historic significance of the 70th anniversary of the founding of the United States Army Special Forces and honoring the <quote>Father of the Special Forces</quote>, Colonel Aaron Bank (United States Army, retired) of Mission Viejo, California, for his role in establishing the Army Special Forces.</official-title></form><preamble><whereas><text>Whereas, on June 19, 2022, the Special Forces Association will celebrate the 70th anniversary of the establishment of the first permanent special forces unit in the United States Army;</text></whereas><whereas><text>Whereas such unit was created in response to the advocacy of Colonel Aaron Bank (United States Army, retired), known as the <quote>Father of the Special Forces</quote>;</text></whereas><whereas><text>Whereas Colonel Aaron Bank’s service in the Office of Strategic Services and his experience leading resistance fighters against Nazi Germany convinced him of the need for permanent, elite units in the Armed Forces that would specialize in small unit and counterinsurgency tactics, intelligence operations, and the training of indigenous soldiers;</text></whereas><whereas><text>Whereas, in 1952, the Army created its first special forces unit, the 10th Special Forces Group, at Fort Bragg, North Carolina, which would later be known for the distinctive green berets worn by its soldiers;</text></whereas><whereas><text>Whereas Colonel Aaron Bank was assigned as the first commanding officer of the 10th Special Forces Group;</text></whereas><whereas><text>Whereas the success of the United States Army Special Forces encouraged the incorporation of principles of force multiplication into the military doctrine of the United States and paved the way for the revitalization of special operations forces in the Navy, Air Force, and Marine Corps;</text></whereas><whereas><text>Whereas these special operations forces have helped revolutionize the conduct of modern warfare;</text></whereas><whereas><text>Whereas special operations soldiers have served with bravery and distinction in every major military conflict in which the United States has been involved in the last 70 years and in innumerable covert operations;</text></whereas><whereas><text>Whereas special operations soldiers are sometimes called upon to conduct missions so secret that their bravery cannot be fully recognized;</text></whereas><whereas><text>Whereas special operations soldiers are playing a critical role in the war against terrorism; and</text></whereas><whereas><text>Whereas thanks to Colonel Aaron Bank and the thousands of United States Army Special Forces soldiers who have followed him, the Armed Forces are better prepared to conduct unconventional warfare and to protect the United States from developing threats: Now, therefore, be it</text></whereas></preamble><resolution-body style="traditional" id="HA546B05336874F76A8B6B2012452748D"><section id="HA06015C6433046A58064259CEF646BD8" section-type="undesignated-section" display-inline="yes-display-inline"><enum/><text display-inline="yes-display-inline">That Congress—</text><paragraph id="H4780A67388214E9B9300F7F4794E59A5"><enum>(1)</enum><text>recognizes the historic significance of the 70th anniversary of the founding of the United States Army Special Forces;</text></paragraph><paragraph id="H15FFC488094943D2807B1715C21C771E"><enum>(2)</enum><text>honors the <quote>Father of the Special Forces</quote>, Colonel Aaron Bank (United States Army, retired) of Mission Viejo, California, for his role in establishing the United States Army Special Forces;</text></paragraph><paragraph id="HB92427FDB915437B8F7AEFEBF09A76E1"><enum>(3)</enum><text>recognizes the sacrifices and accomplishments of United States Army Special Forces soldiers and of all other special operations soldiers in the Armed Forces;</text></paragraph><paragraph id="H47CC12343CC6445FB469F55C03815206"><enum>(4)</enum><text>expresses deep gratitude for the continuing sacrifices of United States Army Special Forces soldiers and of all other special operations soldiers in the Armed Forces now fighting throughout the world; and</text></paragraph><paragraph id="HFC30C6E861BE47C4828CC1CB6887772A"><enum>(5)</enum><text>honors the sacrifices made by United States Army Special Forces soldiers who have trained hard and acquitted themselves with honor by serving valiantly in battle, with many making the ultimate sacrifice to their country, many times in missions so secret that their valor may never be fully acknowledged.</text></paragraph></section></resolution-body></resolution> 

