<?xml version="1.0"?>
<?xml-stylesheet type="text/xsl" href="billres.xsl"?>
<!DOCTYPE resolution PUBLIC "-//US Congress//DTDs/res.dtd//EN" "res.dtd">
<resolution resolution-stage="Introduced-in-House" dms-id="H2A0467BB51A940F08E2E64310E92584C" public-private="public" resolution-type="house-concurrent" star-print="no-star-print" key="H"><metadata xmlns:dc="http://purl.org/dc/elements/1.1/">
<dublinCore>
<dc:title>117 HCON 122 IH: Recognizing the significance of equal pay and the disparity in wages paid to Latina women in comparison to men.</dc:title>
<dc:publisher>U.S. House of Representatives</dc:publisher>
<dc:date>2022-12-08</dc:date>
<dc:format>text/xml</dc:format>
<dc:language>EN</dc:language>
<dc:rights>Pursuant to Title 17 Section 105 of the United States Code, this file is not subject to copyright protection and is in the public domain.</dc:rights>
</dublinCore>
</metadata>
<form>
<distribution-code display="yes">IV</distribution-code><congress display="yes">117th CONGRESS</congress><session display="yes">2d Session</session><legis-num display="yes">H. CON. RES. 122</legis-num><current-chamber>IN THE HOUSE OF REPRESENTATIVES</current-chamber><action display="yes"><action-date date="20221208">December 8, 2022</action-date><action-desc><sponsor name-id="L000273">Ms. Leger Fernandez</sponsor> (for herself, <cosponsor name-id="B001300">Ms. Barragán</cosponsor>, <cosponsor name-id="H001068">Mr. Huffman</cosponsor>, <cosponsor name-id="B001278">Ms. Bonamici</cosponsor>, <cosponsor name-id="G000586">Mr. García of Illinois</cosponsor>, <cosponsor name-id="N000192">Ms. Newman</cosponsor>, <cosponsor name-id="D000216">Ms. DeLauro</cosponsor>, <cosponsor name-id="E000297">Mr. Espaillat</cosponsor>, <cosponsor name-id="C001097">Mr. Cárdenas</cosponsor>, <cosponsor name-id="C001072">Mr. Carson</cosponsor>, <cosponsor name-id="C001066">Ms. Castor of Florida</cosponsor>, <cosponsor name-id="N000147">Ms. Norton</cosponsor>, <cosponsor name-id="C001091">Mr. Castro of Texas</cosponsor>, <cosponsor name-id="S001200">Mr. Soto</cosponsor>, <cosponsor name-id="R000599">Mr. Ruiz</cosponsor>, <cosponsor name-id="R000305">Ms. Ross</cosponsor>, <cosponsor name-id="F000462">Ms. Lois Frankel of Florida</cosponsor>, <cosponsor name-id="J000298">Ms. Jayapal</cosponsor>, <cosponsor name-id="G000587">Ms. Garcia of Texas</cosponsor>, <cosponsor name-id="N000179">Mrs. Napolitano</cosponsor>, <cosponsor name-id="D000399">Mr. Doggett</cosponsor>, <cosponsor name-id="P000618">Ms. Porter</cosponsor>, <cosponsor name-id="W000808">Ms. Wilson of Florida</cosponsor>, <cosponsor name-id="B001285">Ms. Brownley</cosponsor>, <cosponsor name-id="A000370">Ms. Adams</cosponsor>, <cosponsor name-id="C001061">Mr. Cleaver</cosponsor>, <cosponsor name-id="V000081">Ms. Velázquez</cosponsor>, <cosponsor name-id="L000551">Ms. Lee of California</cosponsor>, <cosponsor name-id="E000299">Ms. Escobar</cosponsor>, <cosponsor name-id="D000617">Ms. DelBene</cosponsor>, <cosponsor name-id="T000472">Mr. Takano</cosponsor>, <cosponsor name-id="S001145">Ms. Schakowsky</cosponsor>, <cosponsor name-id="S001218">Ms. Stansbury</cosponsor>, <cosponsor name-id="R000486">Ms. Roybal-Allard</cosponsor>, <cosponsor name-id="T000474">Mrs. Torres of California</cosponsor>, <cosponsor name-id="M001188">Ms. Meng</cosponsor>, <cosponsor name-id="T000468">Ms. Titus</cosponsor>, <cosponsor name-id="T000460">Mr. Thompson of California</cosponsor>, <cosponsor name-id="R000606">Mr. Raskin</cosponsor>, <cosponsor name-id="G000574">Mr. Gallego</cosponsor>, <cosponsor name-id="G000585">Mr. Gomez</cosponsor>, <cosponsor name-id="S001204">Mr. San Nicolas</cosponsor>, <cosponsor name-id="L000593">Mr. Levin of California</cosponsor>, <cosponsor name-id="C001110">Mr. Correa</cosponsor>, and <cosponsor name-id="G000551">Mr. Grijalva</cosponsor>) submitted the following concurrent resolution; which was referred to the <committee-name committee-id="HED00">Committee on Education and Labor</committee-name></action-desc></action><legis-type>CONCURRENT RESOLUTION</legis-type><official-title display="yes">Recognizing the significance of equal pay and the disparity in wages paid to Latina women in comparison to men.</official-title></form><preamble><whereas><text>Whereas December 8, 2022, is Latina Equal Pay Day to observe that Latina women must work nearly an additional 11 months to earn, on average, what White, non-Hispanic men were paid in 2021;</text></whereas><whereas><text>Whereas Latina women make up the second-largest group of women workers in the United States, after White women;</text></whereas><whereas><text>Whereas there are 12,800,000 Hispanic women in the labor force, representing slightly more than 17 percent of all women in the labor force today;</text></whereas><whereas><text>Whereas the labor force participation rate of Latina women in 2021 was higher than that of their White counterparts, which reflects that a growing share of Latina women are either working or actively looking for work;</text></whereas><whereas><text>Whereas section 6(d) of the Fair Labor Standards Act of 1938 (<external-xref legal-doc="usc" parsable-cite="usc/29/206">29 U.S.C. 206(d)(1)</external-xref>) prohibits discrimination in wages on the basis of sex for equal work;</text></whereas><whereas><text>Whereas title VII of the Civil Rights Act of 1964 (<external-xref legal-doc="usc" parsable-cite="usc/42/2000e">42 U.S.C. 2000e et seq.</external-xref>) prohibits discrimination in compensation because of race, color, religion, national origin, or sex;</text></whereas><whereas><text>Whereas despite the passage of the Equal Pay Act of 1963 (<external-xref legal-doc="usc" parsable-cite="usc/29/206">29 U.S.C. 206</external-xref> note) more than five decades ago, which establishes that employers shall not discriminate in wages on the basis of sex but shall provide equal pay for equal work, Census Bureau data show that Latina women working full-time and year-round are paid 57 cents for every dollar paid to White, non-Hispanic men, while the average wage differential for all Latina women with reported earnings working full-time, part-time and part-year is 54 cents for every dollar paid to White, non-Hispanic men;</text></whereas><whereas><text>Whereas a study conducted in 2019 found that on average, Latina women lose over $1,100,000 in potential earnings over their lifetime to the wage gap;</text></whereas><whereas><text>Whereas the American Community Survey 2016–2020 reported that median annual pay for Latina women in the United States working full-time, year-round was $33,000;</text></whereas><whereas><text>Whereas the American Community Survey 2016–2020 reported that median annual pay for all Latina women with reported earnings working full-time, part-time and part-year was $25,312, placing a working mother with two children near poverty; </text></whereas><whereas><text>Whereas job loss during the COVID–19 pandemic distorted measurements of average wages as women with lower earnings in sectors such as leisure, hospitality, and retail were more likely to experience job loss and leave the labor force;</text></whereas><whereas><text>Whereas lost wages mean Latina women have less money to support themselves and their families, save and invest for the future, and spend on goods and services;</text></whereas><whereas><text>Whereas 51 percent of Latina women are unable to earn sick days through their jobs;</text></whereas><whereas><text>Whereas more than half of Latina women who are low-wage earners report that they spent most or all of their savings during the COVID–19 pandemic and 32 percent have no money left for emergencies, compared to 13 percent of White men;</text></whereas><whereas><text>Whereas the lack of affordable, accessible child care during the COVID–19 pandemic led to 14 percent of Latina women, and 32 percent of immigrant Latina women, to quit their jobs or reduce their number of work hours to care for their children;</text></whereas><whereas><text>Whereas the underpayment of Latina women workers causes businesses and the economy to suffer;</text></whereas><whereas><text>Whereas the lack of access to affordable, quality child care, paid family and medical leave, and other family friendly workplace policies forces many Latina women to choose between their paycheck or job and getting quality care for themselves or their family members, a dynamic that contributes to the wage gap and has been further exacerbated by the COVID–19 pandemic, especially as Latina women disproportionately work in essential jobs that put them at greater risk of exposure to COVID–19;</text></whereas><whereas><text>Whereas if the wage gap were eliminated, on average, a Latina woman working full-time and year-round would have enough money to pay for approximately three years of child care, to pay off her student debt in one year, or to pay off 19 months of the average mortgage payment;</text></whereas><whereas><text>Whereas 25 to 85 percent of women have been sexually harassed at the workplace, and research has found that only a small number of those who experience harassment, or about 1 in 10, formally report incidents for reasons including lack of access to the complaint process and fear of retaliation;</text></whereas><whereas><text>Whereas workplace harassment forces many women to leave their occupation or industry—targets of harassment were 6.5 times as likely as nontargets to change jobs—or pass up opportunities for advancement, and this contributes to the gender wage gap;</text></whereas><whereas><text>Whereas there is a high personal cost for women who have been sexually harassed, including unemployment, underemployment, and financial stress resulting from changing jobs, which lead to long-term consequences for earnings and career attainment;</text></whereas><whereas><text>Whereas two-thirds of workers paid the minimum wage or less in 2020 are women, and there is a disproportionate concentration of women of color in low-wage and tipped jobs;</text></whereas><whereas><text>Whereas the pay disparity Latina women face is part of a wider set of disparities Latina women face in homeownership, unemployment, poverty, access to child care, and the ability to build wealth;</text></whereas><whereas><text>Whereas true pay equity requires a multifaceted strategy that addresses the gender and racial injustices that Latina women face daily; and</text></whereas><whereas><text>Whereas many national organizations have designated December 8, 2022, as Latina Equal Pay Day to represent the additional time that Latina women must work into the next calendar year to receive the earnings of White, non-Hispanic men in the prior Census year: Now, therefore, be it</text></whereas></preamble><resolution-body style="traditional" id="H46CF89802253418F8EA121E5607C7445"><section id="HA72B7B65E4F04D96B82E8D4643DBE767" section-type="undesignated-section" display-inline="yes-display-inline"><enum/><text display-inline="yes-display-inline">That Congress—</text><paragraph id="H16DA2B15F928467DBD1C196CDA12C091"><enum>(1)</enum><text>recognizes the disparity in wages paid to Latina women and its impact on women, families, the economy, and our entire country; and</text></paragraph><paragraph id="HF6AF572F1AC749A59EF43666F4F5B939"><enum>(2)</enum><text>reaffirms its support for ensuring equal pay and closing the gender wage gap.</text></paragraph></section></resolution-body></resolution> 

