<?xml version="1.0"?>
<?xml-stylesheet type="text/xsl" href="billres.xsl"?>
<!DOCTYPE resolution PUBLIC "-//US Congress//DTDs/res.dtd//EN" "res.dtd">
<resolution resolution-stage="Introduced-in-House" dms-id="H432594B6D3B04B75AF650B274F131B60" public-private="public" resolution-type="house-concurrent" star-print="no-star-print" key="H"><metadata xmlns:dc="http://purl.org/dc/elements/1.1/">
<dublinCore>
<dc:title>117 HCON 93 IH: Finding that the January 6, 2021, attack on the United States Capitol Complex and the corresponding attempt to bypass constitutional order and obstruct through corrupt means the counting of certified electoral votes of the several States under section 15 of title 3, United States Code, on January 6, 2021, with intent to displace the lawfully elected President of the United States or thwart the will of the majority of electors, constitute an insurrection against the United States, and that any person who participated in the attack, or conspired or attempted to bypass constitutional order and obstruct through corrupt means the counting of certified electoral votes of the several States under section 15 of title 3, United States Code, on January 6, 2021, with intent to displace the lawfully elected President of the United States or thwart the will of the majority of electors, is deemed to have engaged in an insurrection in violation of section 3 of the 14th Amendment to the Constitution.</dc:title>
<dc:publisher>U.S. House of Representatives</dc:publisher>
<dc:date>2022-05-27</dc:date>
<dc:format>text/xml</dc:format>
<dc:language>EN</dc:language>
<dc:rights>Pursuant to Title 17 Section 105 of the United States Code, this file is not subject to copyright protection and is in the public domain.</dc:rights>
</dublinCore>
</metadata>
<form>
<distribution-code display="yes">IV</distribution-code><congress display="yes">117th CONGRESS</congress><session display="yes">2d Session</session><legis-num display="yes">H. CON. RES. 93</legis-num><current-chamber>IN THE HOUSE OF REPRESENTATIVES</current-chamber><action display="yes"><action-date date="20220527">May 27, 2022</action-date><action-desc><sponsor name-id="W000797">Ms. Wasserman Schultz</sponsor> (for herself and <cosponsor name-id="R000606">Mr. Raskin</cosponsor>) submitted the following concurrent resolution; which was referred to the <committee-name committee-id="HJU00">Committee on the Judiciary</committee-name></action-desc></action><legis-type>CONCURRENT RESOLUTION</legis-type><official-title display="yes">Finding that the January 6, 2021, attack on the United States Capitol Complex and the corresponding attempt to bypass constitutional order and obstruct through corrupt means the counting of certified electoral votes of the several States under section 15 of title 3, United States Code, on January 6, 2021, with intent to displace the lawfully elected President of the United States or thwart the will of the majority of electors, constitute an insurrection against the United States, and that any person who participated in the attack, or conspired or attempted to bypass constitutional order and obstruct through corrupt means the counting of certified electoral votes of the several States under section 15 of title 3, United States Code, on January 6, 2021, with intent to displace the lawfully elected President of the United States or thwart the will of the majority of electors, is deemed to have engaged in an insurrection in violation of section 3 of the 14th Amendment to the Constitution.</official-title></form><preamble> 
<whereas><text>Whereas section 3 of the 14th Amendment to the Constitution states <quote>No Person shall be a Senator or Representative in Congress, or elector of President and Vice-President, or hold any office, civil or military, under the United States, or under any State, who, having previously taken an oath, as a member of Congress, or as an officer of the United States, or as a member of any State legislature, or as an executive or judicial officer of any State, to support the Constitution of the United States, shall have engaged in insurrection or rebellion against the same, or given aid or comfort to the enemies thereof. But Congress may by a vote of two-thirds of each House, remove such disability.</quote>;</text></whereas> <whereas><text>Whereas the 14th Amendment, ratified following the Civil War, included section 3, which originally was intended to address insurrection against the United States by, among other things, preventing those who joined the Confederacy from holding future State or Federal office;</text></whereas> 
<whereas><text>Whereas the language of section 3 of the 14th Amendment, and subsequent congressional actions and judicial decisions, all uniformly establish that disqualification from holding future Federal or State office is applicable to covered persons who participate in any and all future rebellions or insurrections, and not merely covered persons who joined the Confederacy;</text></whereas> <whereas><text>Whereas invoking section 3 of the 14th Amendment does not impose criminal punishment, but merely acts to ensure that those entrusted with public office have not acted dangerously towards the Union in the past by previously participating in an insurrection against the United States, as was stated by Senator Waitman T. Willey from West Virginia during the debate on ratifying the 14th Amendment, the ban on office holding is not <quote>penal in its character, it is precautionary</quote>;</text></whereas> 
<whereas><text>Whereas Congress has broad authority under article I, section 8 of the Constitution to protect the functions of the government and has authority to pass appropriate resolutions to enforce section 3 of the 14th Amendment, following the decisive precedent established by Congress in 1869 when it invoked section 3 through a Joint Resolution in 1869 ordering the removal of civil officeholders who had not received amnesty from Congress;</text></whereas> <whereas><text>Whereas Congress previously passed the Ku Klux Klan Act of 1871 which, among other things, enforced section 3 of the 14th Amendment by giving priority to civil actions seeking to remove ineligible officials and imposing criminal penalties for knowing violations of this constitutional provision; and </text></whereas> 
<whereas><text>Whereas the framers of the 14th Amendment intended that <quote>office, civil or military, under the United States</quote> include the Office of the President and Vice President, and the term <term>officer of the United States</term> include the President and Vice President: Now, therefore, be it </text></whereas> </preamble><resolution-body style="traditional" id="H3DDE422366F048D891834BB956BDDC76"> <section display-inline="yes-display-inline" section-type="undesignated-section" id="H89E08F93C81A41778CE6ACCE48BD08C6"><text>That based on the foregoing, Congress declares that—</text> 
<paragraph id="H637CF9AE334A4A998ADAEA356FC4B45B"><enum>(1)</enum><text display-inline="yes-display-inline">any person who participated in the attack on the United States Capitol Complex on January 6, 2021, is deemed to have engaged in an insurrection in violation of section 3 of the 14th Amendment to the Constitution;</text></paragraph> <paragraph id="HC604BBCBCF2042A2B13EE4E17404980A"><enum>(2)</enum><text display-inline="yes-display-inline">any person who conspired or attempted to bypass constitutional order and obstruct through corrupt means the counting of certified electoral votes of the several States under section 15 of title 3, United States Code, on January 6, 2021, with intent to displace the lawfully elected President of the United States or thwart the will of the majority of electors, is deemed to have engaged in insurrection in violation of section 3 of the 14th Amendment to the Constitution; and </text></paragraph> 
<paragraph id="HFDE2CCE92A554F929EB332C4294C6CE2"><enum>(3)</enum><text display-inline="yes-display-inline">therefore, pursuant to section 3 of the 14th Amendment to the Constitution of the United States, any person described in paragraph (1) or (2) is disqualified from being a Senator or Representative in Congress, or elector of President and Vice President, or holding any office, civil or military, under the United States, or under any State. </text></paragraph></section> </resolution-body></resolution>

