<?xml version="1.0"?>
<?xml-stylesheet type="text/xsl" href="billres.xsl"?>
<!DOCTYPE resolution PUBLIC "-//US Congress//DTDs/res.dtd//EN" "res.dtd">
<resolution resolution-stage="Introduced-in-House" dms-id="H7BFE1B96BD274B5987F8E76BEDF5B7A2" public-private="public" resolution-type="house-concurrent" star-print="no-star-print" key="H"><metadata xmlns:dc="http://purl.org/dc/elements/1.1/">
<dublinCore>
<dc:title>117 HCON 123 IH: Providing for a correction in the enrollment of H.R. 1437.</dc:title>
<dc:publisher>U.S. House of Representatives</dc:publisher>
<dc:date>2022-12-13</dc:date>
<dc:format>text/xml</dc:format>
<dc:language>EN</dc:language>
<dc:rights>Pursuant to Title 17 Section 105 of the United States Code, this file is not subject to copyright protection and is in the public domain.</dc:rights>
</dublinCore>
</metadata>
<form>
<distribution-code display="yes">IV</distribution-code><congress display="yes">117th CONGRESS</congress><session display="yes">2d Session</session><legis-num display="yes">H. CON. RES. 123</legis-num><current-chamber>IN THE HOUSE OF REPRESENTATIVES</current-chamber><action display="yes"><action-date date="20221213">December 13, 2022</action-date><action-desc><sponsor name-id="D000216">Ms. DeLauro</sponsor> submitted the following concurrent resolution; which was referred to the <committee-name committee-id="HAP00">Committee on Appropriations</committee-name>, and in addition to the Committee on <committee-name committee-id="HHA00">House Administration</committee-name>, for a period to be subsequently determined by the Speaker, in each case for consideration of such provisions as fall within the jurisdiction of the committee concerned</action-desc></action><legis-type>CONCURRENT RESOLUTION</legis-type><official-title display="yes">Providing for a correction in the enrollment of H.R. 1437.</official-title></form><resolution-body style="traditional" id="H4D309C7788024EBDBE7B154C0366B7F2"> 
<section display-inline="yes-display-inline" section-type="undesignated-section" id="HF3D18743CF5147CD9F28D47174905C9D"><text>That, in the enrollment of H.R. 1437, the Clerk of the House of Representatives shall amend the title so as to read: <quote>Making further continuing appropriations for the fiscal year ending September 30, 2023, and for other purposes.</quote>. </text></section> </resolution-body></resolution>

