<?xml version="1.0"?>
<?xml-stylesheet type="text/xsl" href="billres.xsl"?>
<!DOCTYPE resolution PUBLIC "-//US Congress//DTDs/res.dtd//EN" "res.dtd">
<resolution resolution-stage="Introduced-in-House" dms-id="H38A9601A086646DEAD4D5E7712AF5C57" public-private="public" resolution-type="house-concurrent" star-print="no-star-print" key="H"><metadata xmlns:dc="http://purl.org/dc/elements/1.1/">
<dublinCore>
<dc:title>117 HCON 71 IH: Expressing the sense of Congress that Congress should issue a subpoena to Dr. Anthony Fauci and reduce the salary of the Director of the National Institute of Allergy and Infectious Diseases and Chief Medical Advisor to the President.</dc:title>
<dc:publisher>U.S. House of Representatives</dc:publisher>
<dc:date>2022-02-08</dc:date>
<dc:format>text/xml</dc:format>
<dc:language>EN</dc:language>
<dc:rights>Pursuant to Title 17 Section 105 of the United States Code, this file is not subject to copyright protection and is in the public domain.</dc:rights>
</dublinCore>
</metadata>
<form>
<distribution-code display="yes">IV</distribution-code><congress display="yes">117th CONGRESS</congress><session display="yes">2d Session</session><legis-num display="yes">H. CON. RES. 71</legis-num><current-chamber>IN THE HOUSE OF REPRESENTATIVES</current-chamber><action display="yes"><action-date date="20220208">February 8, 2022</action-date><action-desc><sponsor name-id="G000565">Mr. Gosar</sponsor> submitted the following concurrent resolution; which was referred to the <committee-name committee-id="HIF00">Committee on Energy and Commerce</committee-name>, and in addition to the Committee on <committee-name committee-id="HRU00">Rules</committee-name>, for a period to be subsequently determined by the Speaker, in each case for consideration of such provisions as fall within the jurisdiction of the committee concerned</action-desc></action><legis-type>CONCURRENT RESOLUTION</legis-type><official-title display="yes">Expressing the sense of Congress that Congress should issue a subpoena to Dr. Anthony Fauci and reduce the salary of the Director of the National Institute of Allergy and Infectious Diseases and Chief Medical Advisor to the President.</official-title></form><resolution-body style="traditional" id="H9A48455BC7BB462EB72FFBA185823741"><section display-inline="yes-display-inline" section-type="undesignated-section" id="HC422B289E28642808F9A1A32DCD8A6A2"><enum/><text>That it is the sense of Congress that—</text><paragraph id="HD7C23956EC0A4DB98361CB4FE646A85A"><enum>(1)</enum><text display-inline="yes-display-inline">Congress should issue a subpoena to Dr. Anthony Fauci with the intent of investigating—</text><subparagraph id="H05B70D4C57244A5BB65A06448466C7BC"><enum>(A)</enum><text>the extent of any corrupt activities to which he may be a party with respect to the COVID–19 pandemic; and</text></subparagraph><subparagraph id="H772AD33929E14F5AAF29B66A923B2F23"><enum>(B)</enum><text>the deception, misinformation, and numerous lies reported to Congress and the American People throughout the COVID–19 pandemic; and</text></subparagraph></paragraph><paragraph id="H1949B9B7FD14401D87987170F80E7890"><enum>(2)</enum><text display-inline="yes-display-inline">the Speaker of the House of Representatives should reinstate the Holman Rule and provide expeditious consideration of legislation that reduces the salary of the Director of the National Institute of Allergy and Infectious Diseases and Chief Medical Advisor to the President (Dr. Anthony Fauci) to $0.00.</text></paragraph></section></resolution-body></resolution> 

