<?xml version="1.0"?>
<?xml-stylesheet type="text/xsl" href="billres.xsl"?>
<!DOCTYPE resolution PUBLIC "-//US Congress//DTDs/res.dtd//EN" "res.dtd">
<resolution resolution-stage="Introduced-in-House" dms-id="H4E5FD138AB114B7AB3F71AE6B58924FE" public-private="public" resolution-type="house-concurrent" star-print="no-star-print" key="H">
<metadata xmlns:dc="http://purl.org/dc/elements/1.1/">
<dublinCore>
<dc:title>117 HCON 96 IH: Recognizing the historical significance of the 70th anniversary of the Miller v. Board of Education of District of Columbia decision.</dc:title>
<dc:publisher>U.S. House of Representatives</dc:publisher>
<dc:date>2022-07-05</dc:date>
<dc:format>text/xml</dc:format>
<dc:language>EN</dc:language>
<dc:rights>Pursuant to Title 17 Section 105 of the United States Code, this file is not subject to copyright protection and is in the public domain.</dc:rights>
</dublinCore>
</metadata>
<form>
<distribution-code display="yes">IV</distribution-code>
<congress display="yes">117th CONGRESS</congress>
<session display="yes">2d Session</session>
<legis-num display="yes">H. CON. RES. 96</legis-num>
<current-chamber>IN THE HOUSE OF REPRESENTATIVES</current-chamber>
<action display="yes">
<action-date date="20220705">July 5, 2022</action-date>
<action-desc><sponsor name-id="T000472">Mr. Takano</sponsor> (for himself and <cosponsor name-id="N000147">Ms. Norton</cosponsor>) submitted the following concurrent resolution; which was referred to the <committee-name committee-id="HJU00">Committee on the Judiciary</committee-name>, and in addition to the Committee on <committee-name committee-id="HED00">Education and Labor</committee-name>, for a period to be subsequently determined by the Speaker, in each case for consideration of such provisions as fall within the jurisdiction of the committee concerned</action-desc>
</action>
<legis-type>CONCURRENT RESOLUTION</legis-type>
<official-title display="yes">Recognizing the historical significance of the 70th anniversary of the Miller v. Board of Education of District of Columbia decision.</official-title>
</form>
<preamble> 
<whereas><text>Whereas equal access to a free public education in the United States is a right;</text></whereas> <whereas><text>Whereas, prior to 1952, Black Deaf children in the District of Columbia were not permitted to attend the Kendall School for the Deaf on the Gallaudet College campus and were sent outside of the District for their education;</text></whereas> 
<whereas><text>Whereas Louise Burrell Miller, the mother of 4 children, 3 of whom were deaf, filed suit in Federal court against the District of Columbia Board of Education on behalf of her Black Deaf son, Kenneth, and other Black Deaf children who were denied admission to the Kendall School, with the aim of ending segregation and having their Black Deaf children educated within the District;</text></whereas> <whereas><text>Whereas, on July 3, 1952, the United States District Court for the District of Columbia ruled in their favor in Miller v. Board of Education of District of Columbia, stating that African Americans could not be sent outside a State or district to obtain the same education that White students could have within the State or district; and</text></whereas> 
<whereas><text>Whereas this ruling led to the construction of the Kendall School Division II at Gallaudet in 1953, which educated 23 Black Deaf children until its closure in 1954 following the Supreme Court decision in Brown v. Board of Education of Topeka, in which the Court decided unanimously that racial segregation of children in public schools was unconstitutional: Now, therefore, be it</text></whereas></preamble> <resolution-body style="traditional" id="H31D227322BE7477D84220E6B5B81A82F"> <section display-inline="yes-display-inline" section-type="undesignated-section" id="H1C4DD95D628B428A97B0312FEDB046ED"><text>That Congress—</text> 
<paragraph id="H488BEA6480804491B42772BD9AE2A359"><enum>(1)</enum><text>recognizes the significance of the 70th anniversary of the Miller v. Board of Education of District of Columbia decision;</text></paragraph> <paragraph id="H600262FFB8BD472CBD47C5076E8F7CE3"><enum>(2)</enum><text>honors the courage and leadership of Louise and Luther Miller and their children, Kenneth, Carol, Gerald, and Justin Miller; and</text></paragraph> 
<paragraph id="HB5F1ECD793B2485086C98BCF6F3248A2"><enum>(3)</enum><text>remembers the 23 Black Deaf children who attended and the 4 teachers who taught at the segregated Kendall School Division II.</text></paragraph></section> </resolution-body> </resolution> 

