<?xml version="1.0"?>
<?xml-stylesheet type="text/xsl" href="billres.xsl"?>
<!DOCTYPE resolution PUBLIC "-//US Congress//DTDs/res.dtd//EN" "res.dtd">
<resolution resolution-stage="Introduced-in-House" public-private="public" dms-id="H4BDD08A0CE31406C847D4F1226E69CEA" resolution-type="house-concurrent"><metadata xmlns:dc="http://purl.org/dc/elements/1.1/">
<dublinCore>
<dc:title>117 HCON 109 IH: Expressing support for the recognition of September 26, 2022, as “World Contraception Day” and expressing the sense of the House of Representatives regarding global and domestic access to contraception.</dc:title>
<dc:publisher>U.S. House of Representatives</dc:publisher>
<dc:date>2022-09-26</dc:date>
<dc:format>text/xml</dc:format>
<dc:language>EN</dc:language>
<dc:rights>Pursuant to Title 17 Section 105 of the United States Code, this file is not subject to copyright protection and is in the public domain.</dc:rights>
</dublinCore>
</metadata>
<form>
<distribution-code display="yes">IV</distribution-code><congress display="yes">117th CONGRESS</congress><session display="yes">2d Session</session><legis-num display="yes">H. CON. RES. 109</legis-num><current-chamber>IN THE HOUSE OF REPRESENTATIVES</current-chamber><action display="yes"><action-date date="20220926">September 26, 2022</action-date><action-desc><sponsor name-id="V000081">Ms. Velázquez</sponsor> (for herself, <cosponsor name-id="C001067">Ms. Clarke of New York</cosponsor>, <cosponsor name-id="M000087">Mrs. Carolyn B. Maloney of New York</cosponsor>, <cosponsor name-id="M001188">Ms. Meng</cosponsor>, <cosponsor name-id="N000002">Mr. Nadler</cosponsor>, <cosponsor name-id="T000468">Ms. Titus</cosponsor>, <cosponsor name-id="D000617">Ms. DelBene</cosponsor>, <cosponsor name-id="B001278">Ms. Bonamici</cosponsor>, <cosponsor name-id="S001145">Ms. Schakowsky</cosponsor>, <cosponsor name-id="C001080">Ms. Chu</cosponsor>, <cosponsor name-id="B001223">Mr. Bowman</cosponsor>, <cosponsor name-id="O000172">Ms. Ocasio-Cortez</cosponsor>, <cosponsor name-id="E000297">Mr. Espaillat</cosponsor>, and <cosponsor name-id="N000192">Ms. Newman</cosponsor>) submitted the following concurrent resolution; which was referred to the <committee-name committee-id="HIF00">Committee on Energy and Commerce</committee-name>, and in addition to the <committee-name committee-id="HFA00">Committee on Foreign Affairs</committee-name>, for a period to be subsequently determined by the Speaker, in each case for consideration of such provisions as fall within the jurisdiction of the committee concerned</action-desc></action><legis-type>CONCURRENT RESOLUTION</legis-type><official-title display="yes">Expressing support for the recognition of September 26, 2022, as <quote>World Contraception Day</quote> and expressing the sense of the House of Representatives regarding global and domestic access to contraception.</official-title></form><preamble><whereas><text>Whereas September 26 marks World Contraception Day, a day when organizations and individuals around the world advocate to improve awareness of contraception and the right to sexual and reproductive health;</text></whereas><whereas><text>Whereas, in 1968, the United Nations International Conference on Human Rights declared that <quote>parents have a basic human right to determine freely and responsibly the number and spacing of their children</quote>;</text></whereas><whereas><text>Whereas access to contraceptives in the United States is recognized as a fundamental right under the constitutional right to privacy through the Supreme Court’s decisions in Griswold v. Connecticut, 381 U.S. 479 (1965) and Eisenstadt v. Baird, 405 U.S. 438 (1972);</text></whereas><whereas><text>Whereas the Centers for Disease Control and Prevention (CDC) recognized family planning in its published list of the <quote>Ten Greatest Public Health Achievements in the 20th Century</quote>;</text></whereas><whereas><text>Whereas target 3.7 of the United Nations Sustainable Development Goals (SDGs), which was adopted by the United States and 192 other United Nations (UN) member states, calls on countries <quote>by 2030, to ensure universal access to sexual and reproductive health-care services, including for family planning, information and education, and the integration of reproductive health into national strategies and programs</quote>;</text></whereas><whereas><text>Whereas certain barrier methods of contraception, specifically condoms, decreases the spread of sexually transmitted infections (STIs) and could eliminate the 3,500,000 annual cases of infertility in low- and middle-income countries that are caused by untreated gonorrhea or chlamydia;</text></whereas><whereas><text>Whereas the ability of individuals to control the number and spacing of their children reduces rates of unintended pregnancies, unsafe abortions and maternal deaths;</text></whereas><whereas><text>Whereas in economically developing countries, public health experts estimate that access to contraceptives would result in 76,000,000 fewer unintended pregnancies, 26,000,000 fewer unsafe abortions, and 186,000 fewer maternal deaths;</text></whereas><whereas><text>Whereas in the United States due to discrimination, significant racial, ethnic, and socioeconomic disparities exist in sexual and reproductive health, particularly in maternal mortality and morbidity and infant mortality with Black, American Indian, and Alaska Native women two to three times more likely to die from pregnancy-related causes than White women;</text></whereas><whereas><text>Whereas contraceptive choices are unduly influenced by structural racism, gender discrimination, and socioeconomic barriers;</text></whereas><whereas><text>Whereas research shows that both historically and today, medical racism has resulted in experiments on communities of color, such as the misleading and eugenics-based birth control trials on Puerto Rican women in the 1950s and the development of modern gynecology through the experimentation and exploitation of enslaved Black women beginning in the 1840s, has contributed to persistent feelings of mistrust among Black women regarding their ability to access high-quality sexual and reproductive health care;</text></whereas><whereas><text>Whereas effective contraception has been shown to be an important strategy to maintaining and improving mental health and well-being for women and other individuals who have the capacity to get pregnant;</text></whereas><whereas><text>Whereas planning, delaying, and spacing births helps people achieve their education, career, and life goals;</text></whereas><whereas><text>Whereas young women with access to the pill before age 21 graduated from college in significantly higher numbers than did women of the same era who came of age before the pill was available to them;</text></whereas><whereas><text>Whereas children born to women with access to United States federally funded family planning programs, which increase access to affordable contraception and family planning services, were more likely to complete at least 12, 13, and 16 years of schooling, and had 2-percent higher family incomes as adults;</text></whereas><whereas><text>Whereas globally, access to contraception increases labor force participation, boosting economic health and prosperity of economically developing communities;</text></whereas><whereas><text>Whereas many women face challenges in accessing birth control and using it effectively, and globally, 218,000,000 women in economically developing countries have an unmet need for modern contraception;</text></whereas><whereas><text>Whereas in the United States, one-third of adult United States women who have ever tried to obtain prescription contraception reported barriers to access;</text></whereas><whereas><text>Whereas one barrier to access is an appropriately trained, linguistically appropriate, and culturally competent reproductive health care workforce including primary care and other providers to ensure that all patients have access to a contraceptive method of their choice including highly effective reversible contraception methods;</text></whereas><whereas><text>Whereas more than 19,000,000 women of reproductive age in the United States are in need of publicly funded contraception and live in a contraceptive desert where they lack reasonable access in their county to a health center that offers the full range of contraceptive methods;</text></whereas><whereas><text>Whereas 12 States in America allow some health care providers to refuse to provide services related to contraception;</text></whereas><whereas><text>Whereas studies show that preventing young adults from accessing contraceptives puts teens at risk of unintended pregnancies and sexually transmitted diseases, including HIV;</text></whereas><whereas><text>Whereas emergency contraception is a safe way to prevent pregnancy after unprotected sex, but 9 States in America have adopted restrictions on emergency contraception by excluding emergency contraception from a State’s family planning program, contraceptive coverage mandate, or by allowing pharmacists to refuse to dispense emergency contraceptives;</text></whereas><whereas><text>Whereas according to the UN, globally, 19 percent of governments apply one or more restrictions on contraceptive access, and these include restrictions on the age and marital status of the person seeking access to contraception, parental consent, and restrictions on access to emergency contraceptive pills or sterilization;</text></whereas><whereas><text>Whereas researchers have found some women of color experience implicit and explicit racism when interacting with the medical system, lack of quality information about effective family planning methods, and an inability to access or afford reproductive health care;</text></whereas><whereas><text>Whereas while comprehensive sex education has been proven to reduce rates of unintended pregnancy and STIs, and include outcomes of appreciation of sexual diversity, dating and intimate partner violence prevention, development of healthy relationships, prevention of child sex abuse, improved social and emotional learning, and increased media literacy, but only 20 States and the District of Columbia require sex education to include information on birth control;</text></whereas><whereas><text>Whereas globally, many countries have made advances in developing policies to improve access to comprehensive sex education, however, there remain significant gaps between global and regional policies and implementation on the ground such as limited teacher training capacity;</text></whereas><whereas><text>Whereas existing research highlights uninsured women were 30 percent less likely to report using prescription contraceptive methods than women with private or public health insurance and women identify affordability among the top three factors in determining which contraception to use;</text></whereas><whereas><text>Whereas LGBTQ+ individuals, particularly transgender individuals undergoing transition, experience unique barriers to contraception access such as fragmentation of health services, discrimination from providers, and insurance issues, all of which can be exacerbated by racism and intersecting oppression;</text></whereas><whereas><text>Whereas there are continued efforts to defund or eliminate contraceptive programs and falsely conflating emergency contraceptives and intrauterine devices with abortion, even though they are proven to reduce unintended pregnancies;</text></whereas><whereas><text>Whereas reproductive justice is the human right to maintain personal bodily autonomy, have children, not have children, and parent the children we have in safe and sustainable communities;</text></whereas><whereas><text>Whereas people of color, indigenous people, immigrant communities, and people with disabilities have been exploited in the service of contraceptive development, and been coerced into using contraception, or sterilized against their will, yet still face barriers to accessing contraception when they need it; and</text></whereas><whereas><text>Whereas Congress has repeatedly recognized the importance of women’s ability to access contraceptives through support for the Medicaid program, title X of the Public Health Service Act, and the Federal Employees Health Benefits Program: Now, therefore, be it</text></whereas></preamble><resolution-body style="traditional" id="H463E8A1FE46543FD9909414B6574B0C8"><section display-inline="yes-display-inline" section-type="undesignated-section" id="H05D9014527B74ED6BF2C3830A819EE18"><enum/><text display-inline="yes-display-inline">That—</text><paragraph id="H6A5DB3CEDB424507A43C6246832D6108"><enum>(1)</enum><text>it is the sense of Congress that Congress and the Administration should take further steps to ensure that all people have universal, expansive, high-quality access to free or affordable contraception;</text></paragraph><paragraph id="H1175D0C3614F4706B58C35AF90248102"><enum>(2)</enum><text>Congress and the Administration should ensure all people capable of pregnancy have the autonomy to decide whether to have children, the number and spacing of their children, and to have medically accurate information, education, and access to health services to make these decisions and pursue reproductive justice;</text></paragraph><paragraph id="H85E732D1CAD6437D9C8F0472CF56B06B"><enum>(3)</enum><text>Congress and the Administration should examine and support ways to expand comprehensive access to contraception, including studying contraceptive deserts, new evidence-based methods and innovations, and whether Federal policy solutions can address these issues;</text></paragraph><paragraph id="H4719F188B6BF486F977F95F338106982"><enum>(4)</enum><text>Congress and the Administration should ensure people have access to affordable, comprehensive, consistent insurance coverage for all their reproductive health care needs, including contraception and abortion;</text></paragraph><paragraph id="HE59092E8F8064AB8A7B81551A8D91FC0"><enum>(5)</enum><text>Congress and the Administration should expand training of counseling, provision, and followup care for all forms of highly effective reversible contraception methods to primary care physicians to increase access to the most effective forms of birth control available;</text></paragraph><paragraph id="H917056F1A38146439E5F2032A2A4B2D8"><enum>(6)</enum><text display-inline="yes-display-inline">Congress aligns with scientific perspective that <quote>contraception</quote> includes all current and future Food and Drug Administration-approved, -granted, or -cleared methods, including those available by prescription and over-the-counter, and the World Health Organization defines contraception to include female and male sterilization, the intrauterine device (IUD), the implant, injectables, oral contraceptive pills, external and internal condoms, vaginal barrier methods (including the diaphragm, cervical cap, and spermicidal foam, jelly, cream, and sponge), lactational amenorrhea method (LAM), emergency contraception, and other modern methods not reported separately (for example, the contraceptive patch or vaginal ring);</text></paragraph><paragraph id="H2CB18D224AF5456AB06E45635C06A205"><enum>(7)</enum><text>Congress and the Administration should ensure that laws governing contraception access are evidence-based and grounded in accurate medical information;</text></paragraph><paragraph id="HE04DF5FFC2204AA6A8052364FAE30769"><enum>(8)</enum><text>Congress and the Administration should work to end reproductive health disparities, including with regard to ethnicity, race, gender identity, and sexual orientation;</text></paragraph><paragraph id="H59719AA4820F4A6182010EA1B1C87A0D"><enum>(9)</enum><text>Congress and the Administration should work to end gender-based violence, which disproportionately affects women, including transgender women;</text></paragraph><paragraph id="H2C974DD342DB4035B4EDF8727B103CC4"><enum>(10)</enum><text>Congress and the Administration should expand comprehensive and gender-inclusive sex education and patient-centered counseling, which includes accurate, age-appropriate information about one’s body, sexual and reproductive health, methods of contraception, access, and human rights;</text></paragraph><paragraph id="H2AA4BFB3D48540E2A397A9D3195BE59B"><enum>(11)</enum><text display-inline="yes-display-inline">Congress and the Administration should ensure that United States foreign assistance includes support for contraception services, safe abortion services, and quality postabortion care, and domestic assistance includes support for contraception services through title X family planning providers and Centers for Medicare and Medicaid Services; and</text></paragraph><paragraph id="H6B1958DBDD904650B01628C567DF05F2" commented="no"><enum>(12)</enum><text display-inline="yes-display-inline">this Congress does not support any policies that undermine the effectiveness of domestic and global programs and supports additional funding for global and domestic programs that increase access to contraception such as those under title X, Medicaid, Federal health care providers, and the United States Agency for International Development’s Office of Population and Reproductive Health.</text></paragraph></section></resolution-body></resolution> 

