<?xml version="1.0"?>
<?xml-stylesheet type="text/xsl" href="billres.xsl"?>
<!DOCTYPE resolution PUBLIC "-//US Congress//DTDs/res.dtd//EN" "res.dtd">
<resolution resolution-stage="Introduced-in-House" dms-id="H22B6D4AC256A40AB917005C49D892D43" public-private="public" resolution-type="house-concurrent" star-print="no-star-print" key="H"><metadata xmlns:dc="http://purl.org/dc/elements/1.1/">
<dublinCore>
<dc:title>117 HCON 78 IH: Expressing support for the recognition of March 10, 2022, as “Abortion Provider Appreciation Day”.</dc:title>
<dc:publisher>U.S. House of Representatives</dc:publisher>
<dc:date>2022-03-08</dc:date>
<dc:format>text/xml</dc:format>
<dc:language>EN</dc:language>
<dc:rights>Pursuant to Title 17 Section 105 of the United States Code, this file is not subject to copyright protection and is in the public domain.</dc:rights>
</dublinCore>
</metadata>
<form>
<distribution-code display="yes">IV</distribution-code><congress display="yes">117th CONGRESS</congress><session display="yes">2d Session</session><legis-num display="yes">H. CON. RES. 78</legis-num><current-chamber>IN THE HOUSE OF REPRESENTATIVES</current-chamber><action display="yes"><action-date date="20220308">March 8, 2022</action-date><action-desc><sponsor name-id="L000592">Mr. Levin of Michigan</sponsor> (for himself, <cosponsor name-id="B001224">Ms. Bush</cosponsor>, <cosponsor name-id="D000197">Ms. DeGette</cosponsor>, <cosponsor name-id="J000298">Ms. Jayapal</cosponsor>, <cosponsor name-id="L000551">Ms. Lee of California</cosponsor>, <cosponsor name-id="W000788">Ms. Williams of Georgia</cosponsor>, and <cosponsor name-id="P000617">Ms. Pressley</cosponsor>) submitted the following concurrent resolution; which was referred to the <committee-name committee-id="HIF00">Committee on Energy and Commerce</committee-name></action-desc></action><legis-type>CONCURRENT RESOLUTION</legis-type><official-title display="yes">Expressing support for the recognition of March 10, 2022, as <quote>Abortion Provider Appreciation Day</quote>.</official-title></form><preamble><whereas><text>Whereas March 10 has been established as a day to show appreciation for the essential, high-quality care that abortion providers and clinic staff provide to their communities and those traveling to their communities, and to celebrate their courage, compassion, and dedication to their work;</text></whereas><whereas><text>Whereas this date is established in honor of Dr. David Gunn who was killed outside his abortion clinic in Pensacola, Florida, by a White supremacist, antiabortion extremist, in the first known instance of the murder of an abortion provider on March 10, 1993;</text></whereas><whereas><text>Whereas abortion providers and clinic staff play a critical role in a world where people must be able to make essential and time-sensitive decisions about their bodies, lives, and futures;</text></whereas><whereas><text>Whereas abortion providers and clinic staff help to ensure that all people who can become pregnant can make their own decisions about their bodies and their pregnancies, and support their patients’ decisions by treating them with dignity, empathy, compassion, and respect;</text></whereas><whereas><text>Whereas abortion providers and clinic staff play an essential role within the reproductive justice framework, which was created by a group of Black women in 1994 who determined the necessity of adopting a human rights framework that demands every person has the human right to bodily autonomy, which includes if, when, and how to have children, to not have children, and to parent the children they have in safe and sustainable communities;</text></whereas><whereas><text>Whereas people seeking abortion care across the United States also rely on the work of abortion funds and practical support organizations to access abortion care for themselves and their families;</text></whereas><whereas><text>Whereas abortion funds and practical support organizations that rely on donations face increasing demand as people are forced into the vicious cycle of having to travel longer distances, find childcare or lodging, and raise money to obtain an abortion and cover associated costs;</text></whereas><whereas><text>Whereas restrictions on accessing abortion care have far-reaching consequences in both deepening existing inequities caused by structural racism and systemic discrimination in the maternal health care system and worsening health outcomes for pregnant people, people giving birth, and their families;</text></whereas><whereas><text>Whereas abortion care restrictions in some States have forced many abortion clinics to shut down, such that 90 percent of counties in the United States today do not have an abortion provider, the number of independent abortion clinics in the United States has declined by one-third since 2012, and efforts to undermine critical supports for patients, including family planning supports, have further threatened the work of abortion providers;</text></whereas><whereas><text>Whereas restricting access to abortion care creates and increases the out-of-pocket costs and logistical burdens that patients face to get care while exposing the remaining abortion providers and staff to increased levels of harassment and politically motivated restrictions;</text></whereas><whereas><text>Whereas the National Abortion Federation’s 2020 statistics on violence and disruption found an alarming escalation in incidents of obstruction, vandalism, and trespassing at abortion clinics, with abortion providers reporting an increase in death threats and threats of harm from 92 incidents in 2019 to 200 in 2020;</text></whereas><whereas><text>Whereas Black, indigenous, and other providers and patients of color face heightened levels of threats, harassment, and violence as compared to their White counterparts;</text></whereas><whereas><text>Whereas 2021 marked the worst year for abortion rights since Roe v. Wade (410 U.S. 113 (1973)) was decided, and the passage and enforcement of restrictions on abortion access and the criminalization of abortion has emboldened antiabortion individuals and groups to continue to harass providers and the patients they care for;</text></whereas><whereas><text>Whereas the Supreme Court of the United States is now (as of the date of adoption of this resolution) considering Dobbs v. Jackson Women’s Health Organization (141 S.Ct. 2619 (2021)), a case that the Justices could use to overturn or severely undermine Roe v. Wade, and at the same time has refused to block Texas’s blatantly unconstitutional ban on abortion at approximately 6 weeks of pregnancy, allowing Texas to ban the majority of abortions in the State;</text></whereas><whereas><text>Whereas the ripple effects of Texas’s abortion ban have been felt by communities and abortion providers across the country as abortion clinics try to absorb the massive influx of Texas’s patients who have the resources to travel and are seeking abortion care elsewhere;</text></whereas><whereas><text>Whereas should the Supreme Court overturn or severely undermine Roe v. Wade, Alabama, Arizona, Arkansas, Florida, Georgia, Idaho, Indiana, Iowa, Kentucky, Louisiana, Michigan, Mississippi, Missouri, Montana, Nebraska, North Dakota, Ohio, Oklahoma, South Carolina, South Dakota, Tennessee, Texas, Utah, West Virginia, Wisconsin, and Wyoming could act as soon as possible to prohibit abortion and criminalize abortion providers;</text></whereas><whereas><text>Whereas Roe v. Wade alone has never been sufficient to ensure that all people, especially Black people, indigenous people, people of color, working class and low-income people, LGBTQIA+ people, people who are immigrants, younger people, people with disabilities, geographically isolated people, and people with multimarginal identities, can get the abortion care they need;</text></whereas><whereas><text>Whereas the unraveling or overturning of Roe v. Wade threatens the ability of abortion providers and the clinic staff who support them to serve their patients; and</text></whereas><whereas><text>Whereas in the face of multifaceted attacks on their work, abortion providers remain an essential and valued part of their communities, providing high-quality, compassionate, and necessary health care, and courageously delivering this care despite pressures, restrictions, political interference, and violent threats to their personal safety: Now, therefore, be it</text></whereas></preamble><resolution-body style="traditional" id="HBA5492EC92984808903D1F6F7CA46453"><section id="HF6C7757BA52B40699AD587A23E8E2835" section-type="undesignated-section" display-inline="yes-display-inline"><enum/><text display-inline="yes-display-inline">That Congress—</text><paragraph id="H94472EB6D9884B78A526555B46062828"><enum>(1)</enum><text>recognizes Abortion Provider Appreciation Day to celebrate the courage, compassion, and high-quality care that abortion providers and clinic staff offer to patients and their families across the country;</text></paragraph><paragraph id="H4A444EE9BD4C4DC0A9DB214060B397CA"><enum>(2)</enum><text>lauds communities across the country who are proud to be home to abortion providers and clinic staff; </text></paragraph><paragraph id="HF1360EBA52474EB395EEC977E5B2C59A"><enum>(3)</enum><text display-inline="yes-display-inline">affirms Congress’ commitment to ensuring the safety of abortion providers, their ability to continue providing the essential care their patients need, and the right of their patients to access abortion care no matter where they live, free from fear of violence, criminalization, or stigma; and</text></paragraph><paragraph id="H2265E7F8471A4A5A923F9EED84AAB703"><enum>(4)</enum><text display-inline="yes-display-inline">declares a vision for a future where access to abortion is liberated from restrictions and bans universally, and affirms Congress’ commitment to working toward this goal in partnership with providers, patients, advocates, and their communities.</text></paragraph></section></resolution-body></resolution> 

