<?xml version="1.0"?>
<?xml-stylesheet type="text/xsl" href="billres.xsl"?>
<!DOCTYPE resolution PUBLIC "-//US Congress//DTDs/res.dtd//EN" "res.dtd">
<resolution resolution-stage="Introduced-in-House" dms-id="HA34F4DED932342B0A93E08C598AC3608" public-private="public" resolution-type="house-concurrent" star-print="no-star-print" key="H"><metadata xmlns:dc="http://purl.org/dc/elements/1.1/">
<dublinCore>
<dc:title>117 HCON 100 IH: Expressing the sense of Congress in opposition to the establishment of a new United States consulate or diplomatic mission in Jerusalem for outreach to Palestinians.</dc:title>
<dc:publisher>U.S. House of Representatives</dc:publisher>
<dc:date>2022-07-14</dc:date>
<dc:format>text/xml</dc:format>
<dc:language>EN</dc:language>
<dc:rights>Pursuant to Title 17 Section 105 of the United States Code, this file is not subject to copyright protection and is in the public domain.</dc:rights>
</dublinCore>
</metadata>
<form>
<distribution-code display="yes">IV</distribution-code><congress display="yes">117th CONGRESS</congress><session display="yes">2d Session</session><legis-num display="yes">H. CON. RES. 100</legis-num><current-chamber>IN THE HOUSE OF REPRESENTATIVES</current-chamber><action display="yes"><action-date date="20220714">July 14, 2022</action-date><action-desc><sponsor name-id="Z000017">Mr. Zeldin</sponsor> (for himself, <cosponsor name-id="S000168">Ms. Salazar</cosponsor>, <cosponsor name-id="L000564">Mr. Lamborn</cosponsor>, <cosponsor name-id="M001194">Mr. Moolenaar</cosponsor>, <cosponsor name-id="B001305">Mr. Budd</cosponsor>, <cosponsor name-id="G000593">Mr. Gimenez</cosponsor>, <cosponsor name-id="J000292">Mr. Johnson of Ohio</cosponsor>, <cosponsor name-id="K000392">Mr. Kustoff</cosponsor>, <cosponsor name-id="W000814">Mr. Weber of Texas</cosponsor>, <cosponsor name-id="J000304">Mr. Jackson</cosponsor>, <cosponsor name-id="G000597">Mr. Garbarino</cosponsor>, <cosponsor name-id="M001159">Mrs. Rodgers of Washington</cosponsor>, <cosponsor name-id="G000552">Mr. Gohmert</cosponsor>, <cosponsor name-id="F000466">Mr. Fitzpatrick</cosponsor>, <cosponsor name-id="C001087">Mr. Crawford</cosponsor>, <cosponsor name-id="H001084">Ms. Herrell</cosponsor>, <cosponsor name-id="W000812">Mrs. Wagner</cosponsor>, <cosponsor name-id="B000825">Mrs. Boebert</cosponsor>, <cosponsor name-id="P000605">Mr. Perry</cosponsor>, <cosponsor name-id="N000190">Mr. Norman</cosponsor>, <cosponsor name-id="S001196">Ms. Stefanik</cosponsor>, <cosponsor name-id="M001186">Mr. Meijer</cosponsor>, and <cosponsor name-id="C001118">Mr. Cline</cosponsor>) submitted the following concurrent resolution; which was referred to the <committee-name committee-id="HFA00">Committee on Foreign Affairs</committee-name></action-desc></action><legis-type>CONCURRENT RESOLUTION</legis-type><official-title display="yes">Expressing the sense of Congress in opposition to the establishment of a new United States consulate or diplomatic mission in Jerusalem for outreach to Palestinians.</official-title></form><preamble> 
<whereas><text>Whereas the United States recognizes sovereign nations’ authority to designate their own capitals;</text></whereas> <whereas><text>Whereas Jerusalem has served as the diplomatic capital of Israel for decades and has remained the cultural center of Israel and of the Jewish people for millennia;</text></whereas> 
<whereas><text>Whereas large, bipartisan supermajorities in the Senate and the House of Representatives voted for the Jerusalem Embassy Act of 1995 (<external-xref legal-doc="public-law" parsable-cite="pl/104/45">Public Law 104–45</external-xref>), which states, as the policy of the United States—</text> <paragraph id="idCE823E76FFBF4974B5AEBBEF686D67AC"><enum>(1)</enum><text><quote>Jerusalem should remain an undivided city</quote>;</text></paragraph> 
<paragraph id="idE2160D7664544E348BE3104C77D7B3AF"><enum>(2)</enum><text><quote>Jerusalem should be recognized as the capital of the State of Israel</quote>; and</text></paragraph> <paragraph id="idE5A433DC140543E7BE046A296B01D75D"><enum>(3)</enum><text><quote>the United States Embassy in Israel should be established in Jerusalem</quote>;</text></paragraph></whereas> 
<whereas><text>Whereas, in 2018, the Trump administration relocated the United States Embassy in Israel to Jerusalem in accordance with the Jerusalem Embassy Act of 1995;</text></whereas> <whereas><text>Whereas the Biden administration’s plan to open a United States consulate in Jerusalem for outreach to Palestinians could be viewed as a challenge to—</text> 
<paragraph id="idF8CB739D79C34E8CA72472D0B8FF20D7"><enum>(1)</enum><text> Israel’s sovereignty over Jerusalem; and </text></paragraph> <paragraph id="idD0EE18132E854572A0A1003A677B7BC7"><enum>(2)</enum><text>Jerusalem’s status as an undivided city;</text></paragraph></whereas> 
<whereas><text>Whereas such plan has received bipartisan criticism among members of the Government of the United States and the Government of Israel;</text></whereas> <whereas><text>Whereas the Palestinian Authority has stated that the purpose of opening a United States consulate in Jerusalem for outreach to Palestinians is to divide the city; and</text></whereas> 
<whereas><text>Whereas the opening and maintenance of a new and unnecessary consulate in Jerusalem would require a substantial expenditure of American taxpayer funds: Now, therefore, be it</text></whereas></preamble><resolution-body style="traditional" id="H5052247EEE804861A9A7E1BB124EFBA1"> <section display-inline="yes-display-inline" section-type="undesignated-section" id="HCE78B5AA67AB455CA0B545C9150BE31D"><text>That it is the sense of Congress that—</text> 
<paragraph id="H9366ADD0EA5845D6BF11FC34FE5B52E4"><enum>(1)</enum><text display-inline="yes-display-inline">Congress opposes the establishment of a new United States consulate in Jerusalem for outreach to Palestinians;</text></paragraph> <paragraph id="H99D4F30C8B1D4860B00CEA4A579BE515"><enum>(2)</enum><text>establishing such a consulate would violate the intent of the Jerusalem Embassy Act of 1995;</text></paragraph> 
<paragraph id="H98349A51DA66444D8494D9D9773280C9"><enum>(3)</enum><text>any establishment of a new consulate or diplomatic mission in Jerusalem should not move forward without congressional approval through the passage of new legislation; and</text></paragraph> <paragraph id="H1CEA95EA238147E29879EE7F72297CFE"><enum>(4)</enum><text>the presence of a United States diplomatic mission devoted to a non-state actor in Israel’s sovereign capital would be an affront to the territorial integrity of a long-standing United States partner and ally.</text></paragraph></section> 
</resolution-body></resolution>

