<?xml version="1.0"?>
<?xml-stylesheet type="text/xsl" href="billres.xsl"?>
<!DOCTYPE resolution PUBLIC "-//US Congress//DTDs/res.dtd//EN" "res.dtd">
<resolution resolution-stage="Introduced-in-House" dms-id="H4137619C0867424DBDF66ECFC44D626D" public-private="public" resolution-type="house-concurrent" star-print="no-star-print" key="H"><metadata xmlns:dc="http://purl.org/dc/elements/1.1/">
<dublinCore>
<dc:title>117 HCON 81 IH: Expressing the sense of Congress that the United States representative to the United Nations Commission on Narcotic Drugs should use the voice, vote, and influence of the United States to seek to de-schedule cannabis from Schedule I of the Single Convention on Narcotic Drugs of 1961 and take other related actions.</dc:title>
<dc:publisher>U.S. House of Representatives</dc:publisher>
<dc:date>2022-03-21</dc:date>
<dc:format>text/xml</dc:format>
<dc:language>EN</dc:language>
<dc:rights>Pursuant to Title 17 Section 105 of the United States Code, this file is not subject to copyright protection and is in the public domain.</dc:rights>
</dublinCore>
</metadata>
<form>
<distribution-code display="yes">IV</distribution-code><congress display="yes">117th CONGRESS</congress><session display="yes">2d Session</session><legis-num display="yes">H. CON. RES. 81</legis-num><current-chamber>IN THE HOUSE OF REPRESENTATIVES</current-chamber><action display="yes"><action-date date="20220321">March 21, 2022</action-date><action-desc><sponsor name-id="M000194">Ms. Mace</sponsor> (for herself and <cosponsor name-id="L000551">Ms. Lee of California</cosponsor>) submitted the following concurrent resolution; which was referred to the <committee-name committee-id="HFA00">Committee on Foreign Affairs</committee-name></action-desc></action><legis-type>CONCURRENT RESOLUTION</legis-type><official-title display="yes">Expressing the sense of Congress that the United States representative to the United Nations Commission on Narcotic Drugs should use the voice, vote, and influence of the United States to seek to de-schedule cannabis from Schedule I of the Single Convention on Narcotic Drugs of 1961 and take other related actions.</official-title></form><resolution-body style="traditional" id="H0A0C6C1CFBB640DC99B242B744C5DAF6"> 
<section display-inline="yes-display-inline" section-type="undesignated-section" id="H00DF918E0B63408CB5E17C7A95435E20"><text display-inline="yes-display-inline">That it is the sense of Congress that the President should direct the United States representative to the United Nations Commission on Narcotic Drugs to use the voice, vote, and influence of the United States at the Commission to seek to de-schedule cannabis from Schedule I of the Single Convention on Narcotic Drugs of 1961, expunge and forgive penalties relating to cannabis for prior offenders, and treat cannabis as a commodity similar to other agricultural commodities.</text></section> </resolution-body></resolution>

