<?xml version="1.0"?>
<?xml-stylesheet type="text/xsl" href="billres.xsl"?>
<!DOCTYPE resolution PUBLIC "-//US Congress//DTDs/res.dtd//EN" "res.dtd">
<resolution resolution-stage="Introduced-in-House" dms-id="H628B205EFEFD4F3CB632219F2A2DC8B1" public-private="public" resolution-type="house-concurrent" star-print="no-star-print" key="H"><metadata xmlns:dc="http://purl.org/dc/elements/1.1/">
<dublinCore>
<dc:title>117 HCON 124 IH: Directing the Clerk of the House of Representatives to make a correction in the enrollment of H.R. 2617.</dc:title>
<dc:publisher>U.S. House of Representatives</dc:publisher>
<dc:date>2022-12-13</dc:date>
<dc:format>text/xml</dc:format>
<dc:language>EN</dc:language>
<dc:rights>Pursuant to Title 17 Section 105 of the United States Code, this file is not subject to copyright protection and is in the public domain.</dc:rights>
</dublinCore>
</metadata>
<form>
<distribution-code display="yes">IV</distribution-code><congress display="yes">117th CONGRESS</congress><session display="yes">2d Session</session><legis-num display="yes">H. CON. RES. 124</legis-num><current-chamber>IN THE HOUSE OF REPRESENTATIVES</current-chamber><action display="yes"><action-date date="20221213">December 13, 2022</action-date><action-desc><sponsor name-id="D000216">Ms. DeLauro</sponsor> submitted the following concurrent resolution; which was referred to the <committee-name committee-id="HGO00">Committee on Oversight and Reform</committee-name>, and in addition to the Committee on <committee-name committee-id="HHA00">House Administration</committee-name>, for a period to be subsequently determined by the Speaker, in each case for consideration of such provisions as fall within the jurisdiction of the committee concerned</action-desc></action><legis-type>CONCURRENT RESOLUTION</legis-type><official-title display="yes">Directing the Clerk of the House of Representatives to make a correction in the enrollment of H.R. 2617.</official-title></form><resolution-body style="traditional" id="H777E910D995B4BDE8FB8976E1EDD6BF9"> 
<section display-inline="yes-display-inline" section-type="undesignated-section" id="H84772F4F03E149F5968B1E4964D0871F"><text display-inline="yes-display-inline">That, in the enrollment of the bill H.R. 2617, the Clerk of the House of Representatives shall make the following corrections:</text> <paragraph id="HAC8DD94CE42143A890581BF1DDC3F979"><enum>(1)</enum><text>Strike all after the enacting clause through page 3, line 19 (the first sections 1 and 2).</text></paragraph>
<paragraph id="H793526ACFDFA4491AA0EC20CA840A0ED"><enum>(2)</enum><text>Strike <quote>Division C</quote> and all that follows through the end. </text></paragraph></section> </resolution-body></resolution>

