<?xml version="1.0"?>
<?xml-stylesheet type="text/xsl" href="billres.xsl"?>
<!DOCTYPE resolution PUBLIC "-//US Congress//DTDs/res.dtd//EN" "res.dtd">
<resolution resolution-stage="Introduced-in-House" public-private="public" dms-id="HF244806A6B3146068525713FFE550D23" resolution-type="house-concurrent" key="G">
<metadata xmlns:dc="http://purl.org/dc/elements/1.1/">
<dublinCore>
<dc:title>117 HCON 69 IH: Providing for a joint session of Congress to receive a message from the President.</dc:title>
<dc:publisher>U.S. House of Representatives</dc:publisher>
<dc:date>2022-02-07</dc:date>
<dc:format>text/xml</dc:format>
<dc:language>EN</dc:language>
<dc:rights>Pursuant to Title 17 Section 105 of the United States Code, this file is not subject to copyright protection and is in the public domain.</dc:rights>
</dublinCore>
</metadata>
<form>
<distribution-code display="yes">IV</distribution-code>
<congress display="yes">117th CONGRESS</congress>
<session display="yes">2d Session</session>
<legis-num display="yes">H. CON. RES. 69</legis-num>
<current-chamber>IN THE HOUSE OF REPRESENTATIVES</current-chamber>
<action display="yes">
<action-date date="20220207">February 7, 2022</action-date>
<action-desc><sponsor name-id="L000397">Ms. Lofgren</sponsor> submitted the following concurrent resolution; which was referred to the <committee-name committee-id="HHA00">Committee on House Administration</committee-name></action-desc>
</action>
<legis-type>CONCURRENT RESOLUTION</legis-type>
<official-title display="yes">Providing for a joint session of Congress to receive a message from the President.</official-title>
</form>
<resolution-body display-resolving-clause="yes-display-resolving-clause" id="H1DE260E114E949369E770F2E50B89FF0">
<section display-inline="yes-display-inline" section-type="undesignated-section" id="H3EE420F4E42D4DD38EDD232DDB35C7FB"><text>That the two Houses of Congress assemble in the Hall of the House of Representatives on Tuesday, March 1, 2022, at 9 p.m., for the purpose of receiving such communication as the President of the United States shall be pleased to make to them.</text></section> </resolution-body> </resolution> 

