<?xml version="1.0"?>
<?xml-stylesheet type="text/xsl" href="billres.xsl"?>
<!DOCTYPE resolution PUBLIC "-//US Congress//DTDs/res.dtd//EN" "res.dtd">
<resolution dms-id="HDCB77708D06E44FA8AF1044D6CFD7EE6" public-private="public" resolution-stage="Enrolled-Bill" resolution-type="house-concurrent" star-print="no-star-print" key="H" stage-count="1"> 
<metadata xmlns:dc="http://purl.org/dc/elements/1.1/">
<dublinCore>
<dc:title> HCON 79 ENR: Directing the Clerk of the House of Representatives to make a correction in the enrollment of H.R. 2471.</dc:title>
<dc:publisher>U.S. House of Representatives</dc:publisher>
<dc:date>2022-03-10</dc:date>
<dc:format>text/xml</dc:format>
<dc:language>EN</dc:language>
<dc:rights>Pursuant to Title 17 Section 105 of the United States Code, this file is not subject to copyright protection and is in the public domain.</dc:rights>
</dublinCore>
</metadata>
<form>
<distribution-code display="no">IV</distribution-code> 
<congress display="yes">One Hundred Seventeenth Congress of the United States of America</congress> 
<session display="yes">At the Second Session</session><enrolled-dateline>Begun and held at the City of Washington on Monday, the third day of January, two thousand and twenty-two</enrolled-dateline> 
<legis-num>H. CON. RES. 79</legis-num> 
<current-chamber display="no"></current-chamber>
<action>
<action-date date="20220310">March 10, 2022</action-date>
<action-desc>Agreed to</action-desc>
</action> 
<legis-type>CONCURRENT RESOLUTION</legis-type> 
<official-title display="no">Directing the Clerk of the House of Representatives to make a correction in the enrollment of H.R. 2471.</official-title> 
</form> 
<resolution-body style="traditional" id="H02E836A9C1D4489B977F516413014467"> 
<section display-inline="yes-display-inline" section-type="undesignated-section" id="HE1FB7D514E1444DB8FE89B84BF9E6353"></section> 
<section id="HE6C15FDFF0D34FA18135E627D7CEE2CE" display-inline="yes-display-inline" section-type="undesignated-section"><text display-inline="yes-display-inline">That in the enrollment of the bill H.R. 2471, the Clerk of the House of Representatives shall make the following correction:</text></section> <section id="HD9019B0985FB4A3BB995338ACC24FB59" section-type="undesignated-section"><text display-inline="yes-display-inline">Amend the title so as to read: <quote>Making consolidated appropriations for the fiscal year ending September 30, 2022, and for providing emergency assistance for the situation in Ukraine, and for other purposes.</quote>.</text></section> 
</resolution-body> 
<attestation><attestation-group><role>Clerk of the House of Representatives.</role></attestation-group><attestation-group><role>Secretary of the Senate.</role></attestation-group></attestation>
</resolution> 


