<?xml version="1.0"?>
<?xml-stylesheet type="text/xsl" href="billres.xsl"?>
<!DOCTYPE resolution PUBLIC "-//US Congress//DTDs/res.dtd//EN" "res.dtd">
<resolution resolution-stage="Referred-in-Senate" dms-id="H6BE079A17E294DC2AF39FDCE66EEDE63" public-private="public" resolution-type="house-concurrent" star-print="no-star-print" key="G" stage-count="1"><metadata xmlns:dc="http://purl.org/dc/elements/1.1/">
<dublinCore>
<dc:title>117 HCON 45 : Expressing the sense of Congress regarding the execution-style murders of United States citizens Ylli, Agron, and Mehmet Bytyqi in the Republic of Serbia in July 1999.</dc:title>
<dc:publisher>U.S. House of Representatives</dc:publisher>
<dc:date></dc:date>
<dc:format>text/xml</dc:format>
<dc:language>EN</dc:language>
<dc:rights>Pursuant to Title 17 Section 105 of the United States Code, this file is not subject to copyright protection and is in the public domain.</dc:rights>
</dublinCore>
</metadata>
<form>
<distribution-code display="yes">III</distribution-code><congress display="yes">117th CONGRESS</congress><session display="yes">2d Session</session><legis-num display="yes">H. CON. RES. 45</legis-num><current-chamber>IN THE SENATE OF THE UNITED STATES</current-chamber><action><action-date>July 18, 2022</action-date><action-desc>Received; referred to the <committee-name committee-id="SSFR00">Committee on Foreign Relations</committee-name></action-desc></action><legis-type>CONCURRENT RESOLUTION</legis-type><official-title display="yes">Expressing the sense of Congress regarding the execution-style murders of United States citizens Ylli, Agron, and Mehmet Bytyqi in the Republic of Serbia in July 1999.</official-title></form><preamble><whereas><text>Whereas brothers Ylli, Agron, and Mehmet Bytyqi were citizens of the United States, born in Chicago, Illinois, to ethnic Albanian parents from what is today the Republic of Kosovo, and who subsequently lived in Hampton Bays, New York;</text></whereas><whereas><text>Whereas the three Bytyqi brothers responded to the brutality of the conflict associated with Kosovo’s <pagebreak></pagebreak> separation from the Republic of Serbia and the Federal Republic of Yugoslavia of which Serbia was a constituent republic by joining the so-called <quote>Atlantic Brigade</quote> of the Kosovo Liberation Army in April 1999;</text></whereas><whereas><text>Whereas a Military-Technical Agreement between the Government of Yugoslavia and the North Atlantic Council came into effect on June 10, 1999, leading to a cessation of hostilities;</text></whereas><whereas><text>Whereas the Bytyqi brothers were arrested on June 23, 1999, by Serbian police within the Federal Republic of Yugoslavia when the brothers accidently crossed what was then an unmarked administrative border while escorting an ethnic Romani family who had been neighbors to safety outside Kosovo;</text></whereas><whereas><text>Whereas the Bytyqi brothers were jailed for 15 days for illegal entry into the Federal Republic of Yugoslavia in Prokuplje, Serbia, until a judge ordered their release on July 8, 1999;</text></whereas><whereas><text>Whereas, instead of being released, the Bytyqi brothers were taken by a special operations unit of the Serbian Ministry of Internal Affairs to a training facility near Petrovo Selo, Serbia, where all three were executed;</text></whereas><whereas><text>Whereas, at the time of their murders, Ylli was 25, Agron was 23, and Mehmet was 21 years of age;</text></whereas><whereas><text>Whereas Yugoslav President Slobodan Milosevic was removed from office on October 5, 2000, following massive demonstrations protesting his refusal to acknowledge and accept election results the month before;</text></whereas><whereas><text>Whereas, in the following years, the political leadership of Serbia has worked to strengthen democratic institutions, to develop stronger adherence to the rule of law, and to ensure respect for human rights and fundamental freedoms, including as the Federal Republic of Yugoslavia evolved into a State Union of Serbia and Montenegro in February 2003, which itself dissolved when both republics proclaimed their respective independence in June 2006;</text></whereas><whereas><text>Whereas the United States Embassy in Belgrade, Serbia, was informed on July 17, 2001, that the bodies of Ylli, Agron, and Mehmet Bytyqi were found with their hands bound and gunshot wounds to the back of their heads, buried atop an earlier mass grave of approximately 70 bodies of murdered civilians from Kosovo;</text></whereas><whereas><text>Whereas Serbian authorities subsequently investigated but never charged those individuals who were part of the Ministry of Internal Affairs chain of command related to this crime, including former Minister of Internal Affairs Vlajko Stojilkovic, Assistant Minister and Chief of the Public Security Department Vlastimir Djordjevic, and special operations training camp commander Goran <quote>Guri</quote> Radosavljevic;</text></whereas><whereas><text>Whereas Vlajko Stojilkovic died of a self-inflicted gunshot wound in April 2002 prior to being transferred to the custody of the International Criminal Tribunal for the former Yugoslavia where he had been charged with crimes against humanity and violations of the laws or customs of war during the Kosovo conflict;</text></whereas><whereas><text>Whereas Vlastimir Djordjevic was arrested and transferred to the custody of the International Criminal Tribunal for the former Yugoslavia in June 2007, and sentenced in February 2011 to 27 years imprisonment (later reduced to 18 years) for crimes against humanity and violations of the laws or customs of war committed during the Kosovo conflict;</text></whereas><whereas><text>Whereas Goran <quote>Guri</quote> Radosavljevic is reported to reside in Serbia, working as director of a security consulting firm in Belgrade, and is a prominent member of the governing political party;</text></whereas><whereas><text>Whereas the Secretary of State designated Goran Radosavljevic of Serbia under section 7031(c) of the Department of State, Foreign Operations, and Related Programs Appropriations Act, 2018 as ineligible for entry into the United States due to his involvement in gross violations of human rights;</text></whereas><whereas><text>Whereas two Serbian Ministry of Internal Affairs officers, Sretan Popovic and Milos Stojanovic, were charged in 2006 for crimes associated with their involvement in the detention and transport of the Bytyqi brothers from Prokuplje to Petrovo Selo, but acquitted in May 2012 with an appeals court confirming the verdict in March 2013;</text></whereas><whereas><text>Whereas the Serbian President Aleksandar Vucic promised several high ranking United States officials to deliver justice in the cases of the deaths of Ylli, Agron, and Mehmet Bytyqi;</text></whereas><whereas><text>Whereas no individual has ever been found guilty for the murders of Ylli, Agron, and Mehmet Bytyqi or of any other crimes associated with their deaths; and</text></whereas><whereas><text>Whereas no individual is currently facing criminal charges regarding the murder of the Bytyqi brothers despite many promises by Serbian officials to resolve the case: Now, therefore, be it</text></whereas></preamble><resolution-body style="traditional" id="HA2B2CDBE282845CD957378C8EF00619F"><section display-inline="yes-display-inline" section-type="undesignated-section" id="H1B765C13FE1B44609F713658D4F2AB37"><enum/><text>That it is the sense of Congress that—</text><paragraph id="H416974C79740460EB7B9A86F780D0F16"><enum>(1)</enum><text display-inline="yes-display-inline">those individuals responsible for the murders in July 1999 of United States citizens Ylli, Agron, and Mehmet Bytyqi in Serbia should be brought to justice;</text></paragraph><paragraph id="H250D4899CD064D76896F1E860B1C1737"><enum>(2)</enum><text>it is reprehensible that no individual has ever been found guilty for executing the Bytyqi brothers, or of any other crimes associated with their deaths, and that no individual is even facing charges for these horrible crimes;</text></paragraph><paragraph id="H42F39373107049D983FFCBBACF3A7D83"><enum>(3)</enum><text>the Government of Serbia and its relevant ministries and offices, including the Serbian War Crimes Prosecutor’s Office, should make it a priority to investigate and prosecute as soon as possible those current or former officials believed to be responsible for their deaths, directly or indirectly;</text></paragraph><paragraph id="HC1EF0349FE2342B3ACE432E72B4F68FE"><enum>(4)</enum><text>the United States should devote sufficient resources to fully assist and properly monitor efforts by the Government of Serbia and its relevant ministries and offices to investigate and prosecute as soon as possible those individuals believed to be responsible for their deaths, directly or indirectly; and</text></paragraph><paragraph id="HB3608782C98446DCB5A7FE5353251994"><enum>(5)</enum><text>progress in resolving this case, or the lack thereof, should remain a significant factor determining the further development of relations between the United States and the Republic of Serbia.</text></paragraph></section></resolution-body><attestation><attestation-group><attestation-date date="20220714" chamber="House">Passed the House of Representatives July 14, 2022.</attestation-date><attestor display="yes">Cheryl L. Johnson,</attestor><role>Clerk.</role></attestation-group></attestation></resolution> 

