<?xml version="1.0"?>
<?xml-stylesheet type="text/xsl" href="billres.xsl"?>
<!DOCTYPE resolution PUBLIC "-//US Congress//DTDs/res.dtd//EN" "res.dtd">
<resolution resolution-stage="Introduced-in-House" dms-id="H270CE32FBB7E43A4A0FAAE1200A31B1B" public-private="public" resolution-type="house-concurrent" star-print="no-star-print" key="H"><metadata xmlns:dc="http://purl.org/dc/elements/1.1/">
<dublinCore>
<dc:title>117 HCON 104 IH: Recognizing September 11, 2022, as a “National Day of Service and Remembrance”.</dc:title>
<dc:publisher>U.S. House of Representatives</dc:publisher>
<dc:date>2022-09-09</dc:date>
<dc:format>text/xml</dc:format>
<dc:language>EN</dc:language>
<dc:rights>Pursuant to Title 17 Section 105 of the United States Code, this file is not subject to copyright protection and is in the public domain.</dc:rights>
</dublinCore>
</metadata>
<form>
<distribution-code display="yes">IV</distribution-code><congress display="yes">117th CONGRESS</congress><session display="yes">2d Session</session><legis-num display="yes">H. CON. RES. 104</legis-num><current-chamber>IN THE HOUSE OF REPRESENTATIVES</current-chamber><action display="yes"><action-date date="20220909">September 9, 2022</action-date><action-desc><sponsor name-id="M001163">Ms. Matsui</sponsor> (for herself, <cosponsor name-id="P000523">Mr. Price of North Carolina</cosponsor>, <cosponsor name-id="N000147">Ms. Norton</cosponsor>, <cosponsor name-id="C001066">Ms. Castor of Florida</cosponsor>, <cosponsor name-id="F000466">Mr. Fitzpatrick</cosponsor>, <cosponsor name-id="D000624">Mrs. Dingell</cosponsor>, <cosponsor name-id="H001085">Ms. Houlahan</cosponsor>, <cosponsor name-id="J000288">Mr. Johnson of Georgia</cosponsor>, <cosponsor name-id="C001084">Mr. Cicilline</cosponsor>, <cosponsor name-id="M000087">Mrs. Carolyn B. Maloney of New York</cosponsor>, <cosponsor name-id="W000797">Ms. Wasserman Schultz</cosponsor>, <cosponsor name-id="D000617">Ms. DelBene</cosponsor>, <cosponsor name-id="C001055">Mr. Case</cosponsor>, and <cosponsor name-id="W000788">Ms. Williams of Georgia</cosponsor>) submitted the following concurrent resolution; which was referred to the <committee-name committee-id="HGO00">Committee on Oversight and Reform</committee-name></action-desc></action><legis-type>CONCURRENT RESOLUTION</legis-type><official-title display="yes">Recognizing September 11, 2022, as a <quote>National Day of Service and Remembrance</quote>.</official-title></form><preamble>
<whereas><text>Whereas, on September 11, 2001, the United States endured violent terrorist attacks and events (referred to in this preamble as the <quote>attacks</quote>) in New York City, Washington, DC, and Shanksville, Pennsylvania, leading to the tragic deaths and injuries of thousands of innocent United States citizens and others from more than 90 different countries and territories;</text></whereas> <whereas><text>Whereas, in response to the attacks, firefighters, uniformed officers, emergency medical technicians, physicians, nurses, military personnel, and other first responders immediately rose to service in the heroic attempt to save the lives of the individuals in danger;</text></whereas>
<whereas><text>Whereas, in the immediate aftermath of the attacks, thousands of recovery workers, including trades personnel, iron workers, equipment operators, and many others, joined with uniformed officers and military personnel to help search for and recover victims lost in the attacks;</text></whereas> <whereas><text>Whereas, in the days, weeks, and months following the attacks, thousands of individuals in the United States spontaneously volunteered to help support rescue and recovery efforts, braving both physical and emotional hardship;</text></whereas>
<whereas><text>Whereas many first responders, rescue and recovery workers, volunteers, and survivors of the attacks continue to suffer from serious medical illnesses and emotional distress related to the physical and mental trauma of the attacks;</text></whereas> <whereas><text>Whereas hundreds of thousands of brave individuals continue to serve every day, answering the call to duty as members of the Armed Forces, with many having given their lives or suffered injury—</text>
<paragraph id="id477193ccc8304f8c969840d59537dff9"><enum>(1)</enum><text>to defend the security of the United States; and</text></paragraph> <paragraph id="id8f8261bcdf49420299c87ac07b053f1e"><enum>(2)</enum><text>to prevent further terrorist attacks;</text></paragraph></whereas>
<whereas><text>Whereas the people of the United States witnessed and endured the tragedy of September 11, 2001, and, in the immediate aftermath of the attacks, came together under a remarkable and inspiring spirit of unity, service, and compassion;</text></whereas> <whereas><text>Whereas, in the years immediately following the attacks, there was a marked increase in volunteerism and national service among the people of the United States, which continues to this day;</text></whereas>
<whereas><text>Whereas, in 2009, with the support of members of the community affected by the attacks, Congress passed, and President Barack Obama signed, the bipartisan Serve America Act (<external-xref legal-doc="public-law" parsable-cite="pl/111/13">Public Law 111–13</external-xref>; 123 Stat. 1460), which—</text> <paragraph id="id6e4b07bf6421405da6ea45df952cac47"><enum>(1)</enum><text>established Federal recognition of September 11 as a “National Day of Service and Remembrance” (commonly referred to as <quote>9/11 Day</quote>) as a way to annually and forever encourage all people of the United States to remember and pay tribute on the anniversary of the attacks through acts of service, including volunteerism, and to keep the promise to <quote>Never Forget</quote>; and</text></paragraph>
<paragraph id="id4c982e92c2be4926a307cecf38c783be"><enum>(2)</enum><text>charged the Corporation for National and Community Service (commonly known as <quote>AmeriCorps</quote>), the Federal agency for community service and volunteerism, with leading the annual day of service; and</text></paragraph></whereas> <whereas><text>Whereas, since the establishment of September 11 as a National Day of Service and Remembrance, millions of individuals in the United States have observed that date by uniting together across differences and engaging in a wide range of service activities and private forms of prayer and remembrance: Now, therefore, be it</text></whereas></preamble><resolution-body style="traditional" id="HA2DE803ACD9B44D19ACE6B1222918FDB"> 
<section display-inline="yes-display-inline" section-type="undesignated-section" id="H087EF31E91724155B1537B6BBF72B638"><text>That Congress—</text> <paragraph id="H70615EF9A68E4D87AAC7A86471025509"><enum>(1)</enum><text>recognizes, commends, and honors the selfless dedication to fellow citizens displayed through the heroic actions of first responders and other citizens in New York City, Washington, DC, and Shanksville, Pennsylvania;</text></paragraph>
<paragraph id="HEB9D75B0F1DA45D5A4C859093E89EF5A"><enum>(2)</enum><text>calls on the Members of the Senate and the House of Representatives, and all people of the United States, to observe September 11, 2022, as a <quote>National Day of Service and Remembrance</quote>, with appropriate and personal expressions of service and reflection, which may include performing good deeds, displaying the United States flag, participating in memorial and remembrance services, and engaging in volunteer service or other charitable activities—</text> <subparagraph id="H58C96CAD730D46E2987BA0984FEB478A"><enum>(A)</enum><text>in honor of the individuals who lost their lives, were injured in, or continue to be medically ill as a result of the terrorist attacks of September 11, 2001; and</text></subparagraph>
<subparagraph id="HE6546BD780D94793B58CF162D3779C85"><enum>(B)</enum><text>in tribute to the individuals who rose to service—</text> <clause id="H9D8D5EA8EFD54040963E4FA9A1C10E57"><enum>(i)</enum><text>to come to the aid of those individuals in need; and</text></clause>
<clause id="H3DB1F1D6E8A647F988E8E75202517A7E"><enum>(ii)</enum><text>in defense of the United States; and</text></clause></subparagraph></paragraph> <paragraph id="H663EFB09CF27423C92AE2CEB9D6B4C45"><enum>(3)</enum><text>urges all people of the United States to continue to live their lives throughout the year with the same spirit of unity, service, and compassion that was exhibited throughout the United States following the terrorist attacks of September 11, 2001. </text></paragraph></section> 
</resolution-body></resolution>

