<?xml version="1.0"?>
<?xml-stylesheet type="text/xsl" href="billres.xsl"?>
<!DOCTYPE resolution PUBLIC "-//US Congress//DTDs/res.dtd//EN" "res.dtd">
<resolution resolution-stage="Introduced-in-House" dms-id="HA3F031FBA62B43EEBCEBB5ECD636900B" public-private="public" resolution-type="house-concurrent" star-print="no-star-print" key="H"><metadata xmlns:dc="http://purl.org/dc/elements/1.1/">
<dublinCore>
<dc:title>117 HCON 89 IH: Expressing opposition to the criminalization of essential health care, including the full range of sexual and reproductive health care such as abortion, gender-affirming care, and contraceptive care, and disapproving of the criminalization of pregnancy outcomes.</dc:title>
<dc:publisher>U.S. House of Representatives</dc:publisher>
<dc:date>2022-05-12</dc:date>
<dc:format>text/xml</dc:format>
<dc:language>EN</dc:language>
<dc:rights>Pursuant to Title 17 Section 105 of the United States Code, this file is not subject to copyright protection and is in the public domain.</dc:rights>
</dublinCore>
</metadata>
<form>
<distribution-code display="yes">IV</distribution-code><congress display="yes">117th CONGRESS</congress><session display="yes">2d Session</session><legis-num display="yes">H. CON. RES. 89</legis-num><current-chamber>IN THE HOUSE OF REPRESENTATIVES</current-chamber><action display="yes"><action-date date="20220512">May 12, 2022</action-date><action-desc><sponsor name-id="W000788">Ms. Williams of Georgia</sponsor> (for herself, <cosponsor name-id="A000370">Ms. Adams</cosponsor>, <cosponsor name-id="D000197">Ms. DeGette</cosponsor>, <cosponsor name-id="E000299">Ms. Escobar</cosponsor>, <cosponsor name-id="F000462">Ms. Lois Frankel of Florida</cosponsor>, <cosponsor name-id="G000587">Ms. Garcia of Texas</cosponsor>, <cosponsor name-id="J000305">Ms. Jacobs of California</cosponsor>, <cosponsor name-id="L000581">Mrs. Lawrence</cosponsor>, <cosponsor name-id="L000551">Ms. Lee of California</cosponsor>, <cosponsor name-id="P000617">Ms. Pressley</cosponsor>, <cosponsor name-id="S001175">Ms. Speier</cosponsor>, <cosponsor name-id="C001078">Mr. Connolly</cosponsor>, <cosponsor name-id="V000081">Ms. Vel&#225;zquez</cosponsor>, <cosponsor name-id="W000808">Ms. Wilson of Florida</cosponsor>, <cosponsor name-id="N000147">Ms. Norton</cosponsor>, <cosponsor name-id="C001080">Ms. Chu</cosponsor>, <cosponsor name-id="M000087">Mrs. Carolyn B. Maloney of New York</cosponsor>, <cosponsor name-id="W000822">Mrs. Watson Coleman</cosponsor>, <cosponsor name-id="S001145">Ms. Schakowsky</cosponsor>, <cosponsor name-id="J000032">Ms. Jackson Lee</cosponsor>, <cosponsor name-id="B001224">Ms. Bush</cosponsor>, <cosponsor name-id="B000574">Mr. Blumenauer</cosponsor>, <cosponsor name-id="J000288">Mr. Johnson of Georgia</cosponsor>, <cosponsor name-id="J000306">Mr. Jones</cosponsor>, <cosponsor name-id="W000797">Ms. Wasserman Schultz</cosponsor>, <cosponsor name-id="N000192">Ms. Newman</cosponsor>, <cosponsor name-id="S001185">Ms. Sewell</cosponsor>, <cosponsor name-id="T000481">Ms. Tlaib</cosponsor>, <cosponsor name-id="H001066">Mr. Horsford</cosponsor>, <cosponsor name-id="C001067">Ms. Clarke of New York</cosponsor>, <cosponsor name-id="M001160">Ms. Moore of Wisconsin</cosponsor>, <cosponsor name-id="A000148">Mr. Auchincloss</cosponsor>, <cosponsor name-id="K000389">Mr. Khanna</cosponsor>, <cosponsor name-id="C001097">Mr. C&#225;rdenas</cosponsor>, <cosponsor name-id="F000468">Mrs. Fletcher</cosponsor>, <cosponsor name-id="D000399">Mr. Doggett</cosponsor>, <cosponsor name-id="B001270">Ms. Bass</cosponsor>, <cosponsor name-id="E000297">Mr. Espaillat</cosponsor>, <cosponsor name-id="T000486">Mr. Torres of New York</cosponsor>, <cosponsor name-id="G000551">Mr. Grijalva</cosponsor>, <cosponsor name-id="T000483">Mr. Trone</cosponsor>, <cosponsor name-id="L000586">Mr. Lawson of Florida</cosponsor>, <cosponsor name-id="C001072">Mr. Carson</cosponsor>, <cosponsor name-id="T000472">Mr. Takano</cosponsor>, <cosponsor name-id="C001061">Mr. Cleaver</cosponsor>, <cosponsor name-id="C001112">Mr. Carbajal</cosponsor>, <cosponsor name-id="T000468">Ms. Titus</cosponsor>, <cosponsor name-id="D000096">Mr. Danny K. Davis of Illinois</cosponsor>, <cosponsor name-id="R000305">Ms. Ross</cosponsor>, <cosponsor name-id="L000397">Ms. Lofgren</cosponsor>, <cosponsor name-id="M001206">Mr. Morelle</cosponsor>, <cosponsor name-id="B001300">Ms. Barrag&#225;n</cosponsor>, <cosponsor name-id="O000173">Ms. Omar</cosponsor>, <cosponsor name-id="B001278">Ms. Bonamici</cosponsor>, <cosponsor name-id="D000617">Ms. DelBene</cosponsor>, <cosponsor name-id="P000608">Mr. Peters</cosponsor>, <cosponsor name-id="P000607">Mr. Pocan</cosponsor>, <cosponsor name-id="C001055">Mr. Case</cosponsor>, <cosponsor name-id="B001285">Ms. Brownley</cosponsor>, <cosponsor name-id="C001121">Mr. Crow</cosponsor>, <cosponsor name-id="M001188">Ms. Meng</cosponsor>, <cosponsor name-id="M000312">Mr. McGovern</cosponsor>, <cosponsor name-id="P000604">Mr. Payne</cosponsor>, <cosponsor name-id="P000618">Ms. Porter</cosponsor>, <cosponsor name-id="T000482">Mrs. Trahan</cosponsor>, <cosponsor name-id="R000606">Mr. Raskin</cosponsor>, <cosponsor name-id="T000474">Mrs. Torres of California</cosponsor>, <cosponsor name-id="C001068">Mr. Cohen</cosponsor>, <cosponsor name-id="G000553">Mr. Green of Texas</cosponsor>, <cosponsor name-id="B001223">Mr. Bowman</cosponsor>, <cosponsor name-id="S001193">Mr. Swalwell</cosponsor>, <cosponsor name-id="L000579">Mr. Lowenthal</cosponsor>, <cosponsor name-id="M001200">Mr. McEachin</cosponsor>, <cosponsor name-id="L000592">Mr. Levin of Michigan</cosponsor>, <cosponsor name-id="C001117">Mr. Casten</cosponsor>, <cosponsor name-id="N000179">Mrs. Napolitano</cosponsor>, <cosponsor name-id="K000381">Mr. Kilmer</cosponsor>, <cosponsor name-id="L000557">Mr. Larson of Connecticut</cosponsor>, <cosponsor name-id="S001200">Mr. Soto</cosponsor>, <cosponsor name-id="M001196">Mr. Moulton</cosponsor>, <cosponsor name-id="M001143">Ms. McCollum</cosponsor>, <cosponsor name-id="M001135">Ms. Manning</cosponsor>, <cosponsor name-id="E000296">Mr. Evans</cosponsor>, <cosponsor name-id="D000610">Mr. Deutch</cosponsor>, <cosponsor name-id="M001208">Mrs. McBath</cosponsor>, <cosponsor name-id="L000590">Mrs. Lee of Nevada</cosponsor>, <cosponsor name-id="J000126">Ms. Johnson of Texas</cosponsor>, <cosponsor name-id="C001084">Mr. Cicilline</cosponsor>, <cosponsor name-id="M001163">Ms. Matsui</cosponsor>, <cosponsor name-id="S000344">Mr. Sherman</cosponsor>, <cosponsor name-id="D000631">Ms. Dean</cosponsor>, <cosponsor name-id="R000577">Mr. Ryan</cosponsor>, <cosponsor name-id="S001190">Mr. Schneider</cosponsor>, <cosponsor name-id="B001312">Ms. Bourdeaux</cosponsor>, <cosponsor name-id="V000131">Mr. Veasey</cosponsor>, <cosponsor name-id="D000191">Mr. DeFazio</cosponsor>, <cosponsor name-id="K000385">Ms. Kelly of Illinois</cosponsor>, <cosponsor name-id="G000586">Mr. Garc&#237;a of Illinois</cosponsor>, <cosponsor name-id="D000623">Mr. DeSaulnier</cosponsor>, <cosponsor name-id="S001205">Ms. Scanlon</cosponsor>, <cosponsor name-id="S001215">Ms. Stevens</cosponsor>, <cosponsor name-id="C001125">Mr. Carter of Louisiana</cosponsor>, <cosponsor name-id="C001119">Ms. Craig</cosponsor>, <cosponsor name-id="S001218">Ms. Stansbury</cosponsor>, <cosponsor name-id="S001156">Ms. S&#225;nchez</cosponsor>, <cosponsor name-id="W000800">Mr. Welch</cosponsor>, <cosponsor name-id="Q000023">Mr. Quigley</cosponsor>, <cosponsor name-id="B001304">Mr. Brown of Maryland</cosponsor>, <cosponsor name-id="G000574">Mr. Gallego</cosponsor>, <cosponsor name-id="J000298">Ms. Jayapal</cosponsor>, <cosponsor name-id="C001101">Ms. Clark of Massachusetts</cosponsor>, <cosponsor name-id="C001127">Mrs. Cherfilus-McCormick</cosponsor>, <cosponsor name-id="S000185">Mr. Scott of Virginia</cosponsor>, <cosponsor name-id="P000523">Mr. Price of North Carolina</cosponsor>, <cosponsor name-id="N000002">Mr. Nadler</cosponsor>, <cosponsor name-id="C001090">Mr. Cartwright</cosponsor>, <cosponsor name-id="B001281">Mrs. Beatty</cosponsor>, and <cosponsor name-id="P000616">Mr. Phillips</cosponsor>) submitted the following concurrent resolution; which was referred to the <committee-name committee-id="HIF00">Committee on Energy and Commerce</committee-name>, and in addition to the Committee on <committee-name committee-id="HJU00">the Judiciary</committee-name>, for a period to be subsequently determined by the Speaker, in each case for consideration of such provisions as fall within the jurisdiction of the committee concerned</action-desc></action><legis-type>CONCURRENT RESOLUTION</legis-type><official-title display="yes">Expressing opposition to the criminalization of essential health care, including the full range of sexual and reproductive health care such as abortion, gender-affirming care, and contraceptive care, and disapproving of the criminalization of pregnancy outcomes.</official-title></form><preamble> 
<whereas><text>Whereas access to the full range of sexual, gender-affirming, and reproductive health care, including abortion, is essential to the health and well-being of all people;</text></whereas> <whereas><text>Whereas reproductive and sexual health care providers, and those who support people making important health care decisions, provide high-quality, essential health care and play a critical role in ensuring people are able to make decisions about their bodies and lives with dignity, empathy, compassion, and respect;</text></whereas> 
<whereas><text>Whereas no one should be criminalized for providing essential health care;</text></whereas> <whereas><text>Whereas no one should be criminalized for their pregnancy outcomes, for using contraception, or for obtaining gender-affirming care; </text></whereas> 
<whereas><text>Whereas States and localities have attempted to prohibit health care providers from providing gender-affirming and reproductive health care, including abortion care, to patients;</text></whereas> <whereas><text>Whereas people have been prosecuted in the United States for their actions during pregnancy that allegedly caused harm or risk to their pregnancies;</text></whereas> 
<whereas><text>Whereas people have been forced to undergo unwanted medical procedures or surgical interventions including involuntary sterilization and cesarean sections, prosecuted for not seeking health care, prosecuted for experiencing a miscarriage or stillbirth, criminalized for alcohol and drug use during pregnancy, and prosecuted for self-managing an abortion;</text></whereas> <whereas><text>Whereas groups like the American Medical Association, American Public Health Association, American Academy of Pediatrics, American Society of Addiction Medicine, the American College of Obstetricians and Gynecologists, the American Bar Association, and others oppose the criminalization of health care provision and the criminalization of pregnancy outcomes;</text></whereas> 
<whereas><text>Whereas the threat of criminalization or prosecution can result in negative outcomes by intimidating people from seeking or providing care;</text></whereas> <whereas><text>Whereas abortion and gender-affirming care have become increasingly restricted in the United States; </text></whereas> 
<whereas><text>Whereas research shows there is an increased need and demand for pills to self-manage an abortion in States with abortion restrictions, and that self-managed abortion with access to medications and accurate information is safe;</text></whereas> <whereas><text>Whereas the reasons why people self-manage an abortion are varied and valid;</text></whereas> 
<whereas><text>Whereas health care providers have an ethical obligation to provide essential care to their patients and to protect the private medical information integral to the patient-provider relationship;</text></whereas> <whereas><text>Whereas even when charges are dropped or the defendant is exonerated, the turmoil<italic></italic> caused by arrest or prosecution is irreparable;</text></whereas> 
<whereas><text>Whereas several States have taken steps to repeal or reform laws that had been used to criminalize pregnancy outcomes and to increase access to abortion, contraception, and gender-affirming care;</text></whereas> <whereas><text>Whereas Black, indigenous, and people of color, people with low incomes, LGBTQ+ individuals, and other marginalized individuals are disproportionately likely to be surveilled, arrested, charged, prosecuted, convicted, and heavily punished within the criminal justice system;</text></whereas> 
<whereas><text>Whereas Black, indigenous, and people of color, people with low incomes, LGBTQ+ individuals, and other marginalized individuals are more likely, due to persistent disparities, to experience adverse pregnancy outcomes that place them under the scrutiny of the legal system; and</text></whereas> <whereas><text>Whereas punishing people for their pregnancy outcomes or for providing essential reproductive and sexual health care violates their fundamental rights: Now, therefore, be it</text></whereas></preamble><resolution-body style="traditional" id="H042F57F187884573A6D41D46E9A8A813"> 
<section id="H124732A431904A7DA223A0206D9C95DA" section-type="undesignated-section" display-inline="yes-display-inline"><text display-inline="yes-display-inline">That Congress—</text> <paragraph id="H5CA48C35DC9340D795132619799BB796"><enum>(1)</enum><text>condemns the misapplication of criminal laws to punish people for the outcomes of their pregnancies;</text></paragraph> 
<paragraph id="H5A43609694574E19947DC1ABF699FD38"><enum>(2)</enum><text>affirms that people deserve access to high-quality health care without fear of reprisal or punishment;</text></paragraph> <paragraph id="H8341AF86689440E893C7F3D376204CEA"><enum>(3)</enum><text>condemns the criminalization of providing essential health care;</text></paragraph> 
<paragraph id="H60B6E495B17B46809AA4172951B8D2AF"><enum>(4)</enum><text>affirms the ethical obligations of health care providers to safeguard patient privacy; and</text></paragraph> <paragraph id="H4FA837C210C347EA83C612068CAED227"><enum>(5)</enum> <subparagraph id="HAF9DFA180B52492688B71B2F3B417BD4" display-inline="yes-display-inline"><enum>(A)</enum><text display-inline="yes-display-inline">declares a vision for a future where access to abortion, contraception, and gender-affirming care is universally free from restrictions and bans and people are able to manage care on their own terms free from discrimination or punishment; and</text></subparagraph> 
<subparagraph id="H0E66FA6DE6424D1E848CE61D33F698DE" indent="up1"><enum>(B)</enum><text>affirms Congress’ commitment to working toward this goal in partnership with providers, patients, advocates, and their communities.</text></subparagraph></paragraph></section> </resolution-body></resolution>

