<?xml version="1.0"?>
<?xml-stylesheet type="text/xsl" href="billres.xsl"?>
<!DOCTYPE resolution PUBLIC "-//US Congress//DTDs/res.dtd//EN" "res.dtd">
<resolution resolution-stage="Introduced-in-House" dms-id="H97017717D4BC4D64B4DF8FE59FD5ECFF" public-private="public" resolution-type="house-concurrent" star-print="no-star-print" key="H"><metadata xmlns:dc="http://purl.org/dc/elements/1.1/">
<dublinCore>
<dc:title>117 HCON 76 IH: Expressing the sense of Congress that the International Criminal Court should immediately proceed with prosecuting Russian President Vladimir Putin with war crimes should any harm befall Ukrainian President Volodymyr Zelenskyy as a result of actions taken or directed by any Russian entity or authority.</dc:title>
<dc:publisher>U.S. House of Representatives</dc:publisher>
<dc:date>2022-03-02</dc:date>
<dc:format>text/xml</dc:format>
<dc:language>EN</dc:language>
<dc:rights>Pursuant to Title 17 Section 105 of the United States Code, this file is not subject to copyright protection and is in the public domain.</dc:rights>
</dublinCore>
</metadata>
<form>
<distribution-code display="yes">IV</distribution-code><congress display="yes">117th CONGRESS</congress><session display="yes">2d Session</session><legis-num display="yes">H. CON. RES. 76</legis-num><current-chamber>IN THE HOUSE OF REPRESENTATIVES</current-chamber><action display="yes"><action-date date="20220302">March 2, 2022</action-date><action-desc><sponsor name-id="B001248">Mr. Burgess</sponsor> (for himself, <cosponsor name-id="K000009">Ms. Kaptur</cosponsor>, <cosponsor name-id="M000317">Ms. Malliotakis</cosponsor>, <cosponsor name-id="C001072">Mr. Carson</cosponsor>, <cosponsor name-id="Q000023">Mr. Quigley</cosponsor>, <cosponsor name-id="H001052">Mr. Harris</cosponsor>, <cosponsor name-id="M001180">Mr. McKinley</cosponsor>, <cosponsor name-id="J000292">Mr. Johnson of Ohio</cosponsor>, <cosponsor name-id="C001068">Mr. Cohen</cosponsor>, <cosponsor name-id="F000466">Mr. Fitzpatrick</cosponsor>, <cosponsor name-id="T000480">Mr. Timmons</cosponsor>, <cosponsor name-id="P000614">Mr. Pappas</cosponsor>, <cosponsor name-id="U000031">Mr. Upton</cosponsor>, <cosponsor name-id="B001274">Mr. Brooks</cosponsor>, <cosponsor name-id="C001120">Mr. Crenshaw</cosponsor>, <cosponsor name-id="S001193">Mr. Swalwell</cosponsor>, <cosponsor name-id="K000382">Ms. Kuster</cosponsor>, <cosponsor name-id="C001103">Mr. Carter of Georgia</cosponsor>, <cosponsor name-id="J000299">Mr. Johnson of Louisiana</cosponsor>, <cosponsor name-id="S001214">Mr. Steube</cosponsor>, <cosponsor name-id="C001059">Mr. Costa</cosponsor>, <cosponsor name-id="D000619">Mr. Rodney Davis of Illinois</cosponsor>, <cosponsor name-id="A000375">Mr. Arrington</cosponsor>, <cosponsor name-id="D000600">Mr. Diaz-Balart</cosponsor>, <cosponsor name-id="F000246">Mr. Fallon</cosponsor>, <cosponsor name-id="W000814">Mr. Weber of Texas</cosponsor>, <cosponsor name-id="B000755">Mr. Brady</cosponsor>, <cosponsor name-id="G000594">Mr. Tony Gonzales of Texas</cosponsor>, <cosponsor name-id="W000795">Mr. Wilson of South Carolina</cosponsor>, <cosponsor name-id="M001212">Mr. Moore of Alabama</cosponsor>, <cosponsor name-id="A000055">Mr. Aderholt</cosponsor>, <cosponsor name-id="N000189">Mr. Newhouse</cosponsor>, <cosponsor name-id="C001126">Mr. Carey</cosponsor>, <cosponsor name-id="M001213">Mr. Moore of Utah</cosponsor>, <cosponsor name-id="L000564">Mr. Lamborn</cosponsor>, <cosponsor name-id="C001108">Mr. Comer</cosponsor>, <cosponsor name-id="P000609">Mr. Palmer</cosponsor>, <cosponsor name-id="P000048">Mr. Pfluger</cosponsor>, <cosponsor name-id="S001192">Mr. Stewart</cosponsor>, <cosponsor name-id="N000190">Mr. Norman</cosponsor>, and <cosponsor name-id="W000815">Mr. Wenstrup</cosponsor>) submitted the following concurrent resolution; which was referred to the <committee-name committee-id="HFA00">Committee on Foreign Affairs</committee-name></action-desc></action><legis-type>CONCURRENT RESOLUTION</legis-type><official-title display="yes">Expressing the sense of Congress that the International Criminal Court should immediately proceed with prosecuting Russian President Vladimir Putin with war crimes should any harm befall Ukrainian President Volodymyr Zelenskyy as a result of actions taken or directed by any Russian entity or authority.</official-title></form><preamble><whereas><text>Whereas, on February 24, 2022, Russia launched a large-scale air, land, and sea attack on the independent and democratic state of Ukraine;</text></whereas><whereas><text>Whereas, on February 25, 2022, Ukrainian President Volodymyr Zelenskyy stated, <quote>According to the information we have, the enemy has marked me as target No. 1, my family as target No. 2. They want to destroy Ukraine politically by destroying the head of state.</quote>;</text></whereas><whereas><text>Whereas President Zelenskyy has remained in Ukraine to fight with Ukrainians against the Russian invasion;</text></whereas><whereas><text>Whereas President Putin has called Ukraine’s democratically elected Government drug addicts and neo-Nazis;</text></whereas><whereas><text>Whereas Vladimir Putin is serving his fourth term as President of Russia and could potentially serve until 2036;</text></whereas><whereas><text>Whereas Russian state entities have been linked to the poisoning of several political dissidents and Russian enemies;</text></whereas><whereas><text>Whereas these poisonings include Ukrainian Presidential candidate Viktor Yuschenko in 2004, Russian journalist Anna Politkovskaya in 2004, former Russian Federal Security Service (FSB) officer Alexander Litvinenko in 2006, former Russian FSB officer Sergey Skripal in 2018, and Russian opposition leader Alexey Navalny in 2020;</text></whereas><whereas><text>Whereas, on February 28, 2022, the International Criminal Court stated it would open a formal investigation into Russia’s invasion of Ukraine;</text></whereas><whereas><text>Whereas International Criminal Court Prosecutor Karim A.A. Khan stated, <quote>I am satisfied that there is a reasonable basis to believe that both alleged war crimes against humanity have been committed in Ukraine …</quote>; </text></whereas><whereas><text>Whereas the Rome Statute of the International Criminal Court includes the Court’s jurisdiction over the crime of genocide, crimes against humanity and war crimes, and the crime of aggression; and</text></whereas><whereas><text>Whereas, on February 20, 2014, Ukraine made a declaration accepting jurisdiction of the International Criminal Court on an open-ended basis: Now, therefore, be it</text></whereas></preamble><resolution-body style="traditional" id="HB874F063256A4A399BF0972E0DD0B3F6"><section display-inline="yes-display-inline" section-type="undesignated-section" id="HAF23AFE987B54F51A073C050C1A1BEC7"><enum/><text display-inline="yes-display-inline">That it is the sense of Congress that the International Criminal Court should immediately proceed with prosecuting Russian President Vladimir Putin with war crimes should any harm befall Ukrainian President Volodymyr Zelenskyy as a result of actions taken or directed by any Russian entity or authority. </text></section></resolution-body></resolution> 

