<?xml version="1.0"?>
<?xml-stylesheet type="text/xsl" href="billres.xsl"?>
<!DOCTYPE resolution PUBLIC "-//US Congress//DTDs/res.dtd//EN" "res.dtd">
<resolution resolution-stage="Introduced-in-House" dms-id="H4A064D25194F42E88F1EFEDF46C9FF27" public-private="public" resolution-type="house-concurrent" star-print="no-star-print" key="H"><metadata xmlns:dc="http://purl.org/dc/elements/1.1/">
<dublinCore>
<dc:title>117 HCON 91 IH: Welcoming the Prime Minister of Greece to the United States for an address to a joint meeting of Congress.</dc:title>
<dc:publisher>U.S. House of Representatives</dc:publisher>
<dc:date>2022-05-17</dc:date>
<dc:format>text/xml</dc:format>
<dc:language>EN</dc:language>
<dc:rights>Pursuant to Title 17 Section 105 of the United States Code, this file is not subject to copyright protection and is in the public domain.</dc:rights>
</dublinCore>
</metadata>
<form>
<distribution-code display="yes">IV</distribution-code><congress display="yes">117th CONGRESS</congress><session display="yes">2d Session</session><legis-num display="yes">H. CON. RES. 91</legis-num><current-chamber>IN THE HOUSE OF REPRESENTATIVES</current-chamber><action display="yes"><action-date date="20220517">May 17, 2022</action-date><action-desc><sponsor name-id="M001137">Mr. Meeks</sponsor> (for himself and <cosponsor name-id="M001157">Mr. McCaul</cosponsor>) submitted the following concurrent resolution; which was referred to the <committee-name committee-id="HFA00">Committee on Foreign Affairs</committee-name></action-desc></action><legis-type>CONCURRENT RESOLUTION</legis-type><official-title display="yes">Welcoming the Prime Minister of Greece to the United States for an address to a joint meeting of Congress.</official-title></form><preamble>
<whereas><text>Whereas the concept of democracy—that the people have the power to govern—was developed in ancient Greece;</text></whereas> <whereas><text>Whereas the United States and Greece have enjoyed more than 150 years of diplomatic relations and share deep cultural connections and values;</text></whereas>
<whereas><text>Whereas the United States and Greece have been partners and allies in all major international conflicts throughout modern history;</text></whereas> <whereas><text>Whereas Greece heroically resisted Axis forces at a crucial moment in World War II, forcing Adolf Hitler to change his timeline and delaying the attack on the Soviet Union;</text></whereas>
<whereas><text>Whereas Winston Churchill said that <quote>if there had not been the virtue and courage of the Greeks, we do not know which the outcome of World War II would have been</quote> and <quote>no longer will we say that Greeks fight like heroes, but that heroes fight like Greeks</quote>;</text></whereas> <whereas><text>Whereas the metropolitan area of Mariupol, Ukraine, where forces of the Russian Federation have committed unconscionable war crimes against the local population during the ongoing invasion of Ukraine by President Vladimir Putin, is home to approximately 120,000 ethnic Greeks;</text></whereas>
<whereas><text>Whereas, after forces of the Russian Federation bombed a hospital in Ukraine on March 9, 2022, Prime Minister of Greece Kyriakos Mitsotakis said, on March 18, 2022, <quote>Greece is ready to rebuild the maternity hospital in Mariupol, the center of Greek minority in Ukraine, a city dear to our hearts and the symbol of barbarity of the war</quote>;</text></whereas> <whereas><text>Whereas Greece has sent at least 4 humanitarian aid shipments to Ukraine, including non-perishable food, bottled water, antiseptics, medical supplies, and power generators;</text></whereas>
<whereas><text>Whereas Greece has provided Ukraine with security assistance, including Kalashnikov rifles and portable rocket launchers;</text></whereas> <whereas><text>Whereas membership in the North Atlantic Treaty Organization (NATO) has further enhanced cooperation between the United States and Greece;</text></whereas>
<whereas><text>Whereas Greece is an integral part of the European Union;</text></whereas> <whereas><text>Whereas the commitment of the United States and Greece to security cooperation led to the Mutual Defense Cooperation Agreement Between the Government of the United States of America and the Government of the Hellenic Republic, done at Athens July 8, 1990, which was updated in 2021 to enhance defense ties between the countries and promote stability in southeastern Europe;</text></whereas>
<whereas><text>Whereas the Greek port of Alexandroupoli has been instrumental in allowing the United States to help reinforce the eastern flank of NATO and deter further aggression by the Russian Federation against allies and partners of the United States;</text></whereas> <whereas><text>Whereas the Floating Storage and Regasification Unit of Alexandroupoli, recently inaugurated, will contribute significantly to energy diversification of Greece and southeastern Europe, especially in light of the invasion of Ukraine by the Russian Federation;</text></whereas>
<whereas><text>Whereas the United States has demonstrated its support for the trilateral partnership of Greece, Israel, and Cyprus by enacting into law the Eastern Mediterranean Security and Energy Partnership Act of 2019 (title II of division J of <external-xref legal-doc="public-law" parsable-cite="pl/116/94">Public Law 116–94</external-xref>) and through joint engagement with Greece, Israel, and Cyprus in the 3+1 format;</text></whereas> <whereas><text>Whereas this support was bolstered in the United States-Greece Defense and Interparliamentary Partnership Act of 2021 (subtitle B of title XIII of <external-xref legal-doc="public-law" parsable-cite="pl/117/81">Public Law 117–81</external-xref>), establishing a 3+1 Interparliamentary Group to discuss the expansion of cooperation in other areas of common concern; </text></whereas>
<whereas><text>Whereas the United States is home to a robust Greek-American community of approximately 3,000,000 people, who meaningfully contribute to the cultural fabric of the United States; and</text></whereas> <whereas><text>Whereas the Speaker of the House has invited Prime Minister Mitsotakis to address a joint meeting of Congress on May 17, 2022: Now, therefore, be it</text></whereas></preamble><resolution-body style="traditional" id="H632C1963F2DE4C67AC1E636C5006ED6C"> 
<section display-inline="yes-display-inline" section-type="undesignated-section" id="H2D0C0AE2D0214782A235DED1A3C32D99"><text>That Congress—</text> <paragraph id="H9F7E7259CB634F2892464BE044C10910"><enum>(1)</enum><text>warmly welcomes Prime Minister of Greece Kyriakos Mitsotakis to the United States;</text></paragraph>
<paragraph id="H2B5CDEF932AB4AA19630504EB5E622A9"><enum>(2)</enum><text>eagerly anticipates the address of Prime Minister Mitsotakis before a joint meeting of Congress;</text></paragraph> <paragraph id="HE05C58E178CE44BCBD993431B1EF37CF"><enum>(3)</enum><text>appreciates the historic and present role of Greece in the defense of democracy, including through the provision of support to Ukraine amid the ongoing brutal and unprovoked invasion by the Russian Federation;</text></paragraph>
<paragraph id="H6D3FBD160287450A98852EB3BFD6EABF"><enum>(4)</enum><text>commits to a continued partnership with Greece to bolster energy cooperation through the 3+1 format and help accelerate energy security in Europe;</text></paragraph> <paragraph id="HE82F6F12A09B41EA9F341EA48FB4A0A8"><enum>(5)</enum><text>reaffirms the steadfast and bipartisan support for the friendship between the people and Governments of the United States and Greece; and</text></paragraph>
<paragraph id="HED759B49BF6D4306B742E50AD0D54850"><enum>(6)</enum><text>appreciates the important role that Greek-Americans play in supporting the strong bonds that exist between the United States and Greece. </text></paragraph></section> </resolution-body></resolution>

