<?xml version="1.0"?>
<?xml-stylesheet type="text/xsl" href="billres.xsl"?>
<!DOCTYPE resolution PUBLIC "-//US Congress//DTDs/res.dtd//EN" "res.dtd">
<resolution resolution-stage="Introduced-in-House" dms-id="H8B843E3B8F86494E9187AD10C69B9E8B" public-private="public" resolution-type="house-concurrent" star-print="no-star-print" key="H"><metadata xmlns:dc="http://purl.org/dc/elements/1.1/">
<dublinCore>
<dc:title>117 HCON 106 IH: Supporting the designation of the week of September 19 through September 23, 2022, as “Malnutrition Awareness Week”.</dc:title>
<dc:publisher>U.S. House of Representatives</dc:publisher>
<dc:date>2022-09-20</dc:date>
<dc:format>text/xml</dc:format>
<dc:language>EN</dc:language>
<dc:rights>Pursuant to Title 17 Section 105 of the United States Code, this file is not subject to copyright protection and is in the public domain.</dc:rights>
</dublinCore>
</metadata>
<form>
<distribution-code display="yes">IV</distribution-code><congress display="yes">117th CONGRESS</congress><session display="yes">2d Session</session><legis-num display="yes">H. CON. RES. 106</legis-num><current-chamber>IN THE HOUSE OF REPRESENTATIVES</current-chamber><action display="yes"><action-date date="20220920">September 20, 2022</action-date><action-desc><sponsor name-id="B001278">Ms. Bonamici</sponsor> (for herself, <cosponsor name-id="K000386">Mr. Katko</cosponsor>, <cosponsor name-id="B001298">Mr. Bacon</cosponsor>, <cosponsor name-id="F000466">Mr. Fitzpatrick</cosponsor>, <cosponsor name-id="C001112">Mr. Carbajal</cosponsor>, <cosponsor name-id="C001059">Mr. Costa</cosponsor>, <cosponsor name-id="G000551">Mr. Grijalva</cosponsor>, <cosponsor name-id="N000147">Ms. Norton</cosponsor>, <cosponsor name-id="B000490">Mr. Bishop of Georgia</cosponsor>, <cosponsor name-id="S001200">Mr. Soto</cosponsor>, <cosponsor name-id="J000032">Ms. Jackson Lee</cosponsor>, <cosponsor name-id="M000087">Mrs. Carolyn B. Maloney of New York</cosponsor>, <cosponsor name-id="D000610">Mr. Deutch</cosponsor>, <cosponsor name-id="B000574">Mr. Blumenauer</cosponsor>, <cosponsor name-id="M000312">Mr. McGovern</cosponsor>, <cosponsor name-id="L000590">Mrs. Lee of Nevada</cosponsor>, <cosponsor name-id="W000822">Mrs. Watson Coleman</cosponsor>, <cosponsor name-id="C001110">Mr. Correa</cosponsor>, <cosponsor name-id="H001081">Mrs. Hayes</cosponsor>, and <cosponsor name-id="M001188">Ms. Meng</cosponsor>) submitted the following concurrent resolution; which was referred to the <committee-name committee-id="HIF00">Committee on Energy and Commerce</committee-name>, and in addition to the Committees on <committee-name committee-id="HAG00">Agriculture</committee-name>, <committee-name committee-id="HED00">Education and Labor</committee-name>, and <committee-name committee-id="HWM00">Ways and Means</committee-name>, for a period to be subsequently determined by the Speaker, in each case for consideration of such provisions as fall within the jurisdiction of the committee concerned</action-desc></action><legis-type>CONCURRENT RESOLUTION</legis-type><official-title display="yes">Supporting the designation of the week of September 19 through September 23, 2022, as <quote>Malnutrition Awareness Week</quote>.</official-title></form><preamble><whereas><text>Whereas malnutrition is the condition that occurs when a person does not get enough protein, calories, or nutrients;</text></whereas><whereas><text>Whereas malnutrition is a significant problem in the United States and around the world, crossing all age, racial, class, gender, and geographic lines;</text></whereas><whereas><text>Whereas malnutrition can be driven by social determinants of health, including poverty or economic instability, access to affordable health care, and low health literacy;</text></whereas><whereas><text>Whereas there are inextricable and cyclical links between poverty and malnutrition;</text></whereas><whereas><text>Whereas the Department of Agriculture defines food insecurity as when a person or household does not have regular, reliable access to the foods needed for good health;</text></whereas><whereas><text>Whereas communities of color, across all age groups, are disproportionately likely to experience both food insecurity and malnutrition;</text></whereas><whereas><text>Whereas Black children are almost 3 times more likely to live in a food-insecure household than White children;</text></whereas><whereas><text>Whereas infants, older adults, people with chronic diseases, and other vulnerable populations are particularly at risk for malnutrition;</text></whereas><whereas><text>Whereas the American Academy of Pediatrics has found that failure to provide key nutrients during early childhood may result in lifelong deficits in brain function;</text></whereas><whereas><text>Whereas disease-associated malnutrition affects between 30 and 50 percent of patients admitted to hospitals, and the medical costs of hospitalized patients with malnutrition can be 300 percent more than the medical costs of properly nourished patients;</text></whereas><whereas><text>Whereas, according to the <quote>National Blueprint: Achieving Quality Malnutrition Care for Older Adults, 2020 Update</quote>, as many as half of older adults living in the United States are malnourished or at risk for malnutrition;</text></whereas><whereas><text>Whereas, according to recent Aging Network surveys, 76 percent of older adults receiving meals at senior centers and other congregate facilities report improved health outcomes, and 84 percent of older adults receiving home-delivered meals indicate the same;</text></whereas><whereas><text>Whereas disease-associated malnutrition in older adults alone costs the United States more than $51,300,000,000 each year; and</text></whereas><whereas><text>Whereas the American Society for Parenteral and Enteral Nutrition established <quote>Malnutrition Awareness Week</quote> to raise awareness and promote prevention of malnutrition across the lifespan: Now, therefore, be it</text></whereas></preamble><resolution-body style="traditional" id="HD13CD2A405114FAE8B6DB407ABE679F5"><section display-inline="yes-display-inline" section-type="undesignated-section" id="HED186B6C88CD4AF88E7A47041EE4ECD8"><enum/><text>That Congress— </text><paragraph id="H2320909CD2F0482B8A885C7A241C906E"><enum>(1)</enum><text>supports the designation of <quote>Malnutrition Awareness Week</quote>;</text></paragraph><paragraph id="H57D69599FE4C455097A57C0107B26E05"><enum>(2)</enum><text>recognizes registered dietitian nutritionists and other nutrition professionals, health care providers, school food service workers, social workers, advocates, caregivers, and other professionals and agencies for their efforts to advance awareness, treatment, and prevention of malnutrition;</text></paragraph><paragraph id="HCA40980600974321B9F8E65B8041DA5F"><enum>(3)</enum><text display-inline="yes-display-inline">recognizes the importance of existing Federal nutrition programs, like Older Americans Act of 1965 (<external-xref legal-doc="usc" parsable-cite="usc/42/3001">42 U.S.C. 3001 et seq.</external-xref>) nutrition programs and the Federal child nutrition programs, for their role in combating malnutrition, and supports increased funding for these critical programs;</text></paragraph><paragraph id="HE8F3FE8FDAEB4F14A87E13CA7BF5492E"><enum>(4)</enum><text>recognizes—</text><subparagraph id="H17C630F2B2CF4A12AE92E920F6C0542C"><enum>(A)</enum><text>the importance of medical nutrition therapy under the Medicare Program under title XVIII of the Social Security Act (<external-xref legal-doc="usc" parsable-cite="usc/42/1395">42 U.S.C. 1395 et seq.</external-xref>); and</text></subparagraph><subparagraph id="H379DC9A52A6A47D39E820A7D973BB654"><enum>(B)</enum><text>the need for vulnerable populations to have access to nutrition counseling; </text></subparagraph></paragraph><paragraph id="HB2CABCF050E2479BBEC969139ED1E1BB"><enum>(5)</enum><text>recognizes the importance of the innovative research conducted by the National Institutes of Health on—</text><subparagraph id="H6CC63993DF6749A886DD4EA5F33A3A90"><enum>(A)</enum><text>nutrition, dietary patterns, and the human gastrointestinal microbiome; and</text></subparagraph><subparagraph id="HC81E7EB369054A09A6145F6D00067505"><enum>(B)</enum><text>how those factors influence the prevention or development of chronic disease throughout the lifespan; </text></subparagraph></paragraph><paragraph id="H353DDD639E914F4AAEDBEF6FBA68DFC1" display-inline="no-display-inline"><enum>(6)</enum><text>supports access to malnutrition screening and assessment for all patients; </text></paragraph><paragraph id="HFC5BCFA3A63D4FC2924948DAE4B801BE"><enum>(7)</enum><text>encourages the Centers for Medicare &amp; Medicaid Services to evaluate the implementation of newly approved malnutrition electronic clinical quality measures; and</text></paragraph><paragraph id="H3C84CF4BA96547A3B67E5E95C2362584"><enum>(8)</enum><text>acknowledges the importance of healthy food access for children, especially in childcare settings and schools, and the benefits of evidence-based nutrition standards.</text></paragraph></section></resolution-body></resolution> 

