<?xml version="1.0"?>
<?xml-stylesheet type="text/xsl" href="billres.xsl"?>
<!DOCTYPE resolution PUBLIC "-//US Congress//DTDs/res.dtd//EN" "res.dtd">
<resolution resolution-stage="Enrolled-Bill" dms-id="HB9BDFB3400FA418EA8B716D41906BB22" public-private="public" resolution-type="house-concurrent" star-print="no-star-print" key="H" stage-count="1"> 
<metadata xmlns:dc="http://purl.org/dc/elements/1.1/">
<dublinCore>
<dc:title> HCON 88 ENR: Authorizing the use of the Capitol Grounds for the Greater Washington Soap Box Derby.</dc:title>
<dc:publisher>U.S. House of Representatives</dc:publisher>
<dc:date>2022-06-16</dc:date>
<dc:format>text/xml</dc:format>
<dc:language>EN</dc:language>
<dc:rights>Pursuant to Title 17 Section 105 of the United States Code, this file is not subject to copyright protection and is in the public domain.</dc:rights>
</dublinCore>
</metadata>
<form>
<distribution-code display="no">IV</distribution-code> 
<congress display="yes">One Hundred Seventeenth Congress of the United States of America</congress> 
<session display="yes">At the Second Session</session><enrolled-dateline>Begun and held at the City of Washington on Monday, the third day of January, two thousand and twenty-two</enrolled-dateline> 
<legis-num display="yes">H. CON. RES. 88</legis-num> 
<current-chamber display="no"></current-chamber>
<action>
<action-date date="20220616">June 16, 2022</action-date>
<action-desc>Agreed to</action-desc>
</action> 
<legis-type>CONCURRENT RESOLUTION</legis-type> 
<official-title display="no">Authorizing the use of the Capitol Grounds for the Greater Washington Soap Box Derby.</official-title> 
</form> 
<resolution-body style="OLC" id="H59EB11C7378B45988E6A1EDA11262A92"> 
<section id="HA62E2AFFC4144756B34EBC7E2A7F7F31" section-type="section-one"><enum>1.</enum><header>Use of Capitol Grounds for soap box derby races</header> 
<subsection id="H43AAC207B71A44118309430B5286769D"><enum>(a)</enum><header>In General</header><text display-inline="yes-display-inline">The Greater Washington Soap Box Derby Association (in this resolution referred to as the <quote>sponsor</quote>) shall be permitted to sponsor a public event, soap box derby races (in this resolution referred to as the <quote>event</quote>), on the Capitol Grounds.</text></subsection> <subsection id="H3517463A195C4700AD9F446EEA683199"><enum>(b)</enum><header>Date of Event</header><text display-inline="yes-display-inline">The event shall be held on June 18, 2022, or on such other date as the Speaker of the House of Representatives and the Committee on Rules and Administration of the Senate jointly designate.</text></subsection></section> 
<section id="H235FC16EB38A4E18ACCBD40EF26D15BF"><enum>2.</enum><header>Terms and conditions</header> 
<subsection id="HFAB60D78EB844F60892F5AB0AE6A91B7"><enum>(a)</enum><header>In General</header><text display-inline="yes-display-inline">Under conditions to be prescribed by the Architect of the Capitol and the Capitol Police Board, the event shall be—</text> <paragraph id="H37DADA45F0424D8AB44742B30820949E"><enum>(1)</enum><text display-inline="yes-display-inline">free of admission charge and open to the public; and</text></paragraph> 
<paragraph id="HC78871B0A1534C969BADA46EEB3F67FC"><enum>(2)</enum><text display-inline="yes-display-inline">arranged not to interfere with the needs of Congress.</text></paragraph></subsection> <subsection id="H754ABDF1E67049F8BB43873FFD7E31EA"><enum>(b)</enum><header>Expenses and Liabilities</header><text display-inline="yes-display-inline">The sponsor shall assume full responsibility for all expenses and liabilities incident to all activities associated with the event.</text></subsection></section> 
<section id="HE8381292D20A40B5BDA763B0CBDDF84E"><enum>3.</enum><header>Event preparations</header><text display-inline="no-display-inline">Subject to the approval of the Architect of the Capitol, the sponsor is authorized to erect upon the Capitol Grounds such stage, sound amplification devices, and other related structures and equipment as may be required for the event.</text></section> <section id="HAE9AE19094A34A838FFE2E52037F658D"><enum>4.</enum><header>Additional arrangements</header><text display-inline="no-display-inline">The Architect of the Capitol and the Capitol Police Board are authorized to make such additional arrangements as may be required to carry out the event.</text></section> 
<section id="HAA2F5379657543FBA49FAD14234E7E8D"><enum>5.</enum><header>Enforcement of restrictions</header><text display-inline="no-display-inline">The Capitol Police Board shall provide for enforcement of the restrictions contained in section 5104(c) of title 40, United States Code, concerning sales, advertisements, displays, and solicitations on the Capitol Grounds, as well as other restrictions applicable to the Capitol Grounds, with respect to the event.</text></section> </resolution-body> <attestation><attestation-group><role>Clerk of the House of Representatives.</role></attestation-group><attestation-group><role>Secretary of the Senate.</role></attestation-group></attestation> </resolution> 

