<?xml version="1.0"?>
<?xml-stylesheet type="text/xsl" href="billres.xsl"?>
<!DOCTYPE resolution PUBLIC "-//US Congress//DTDs/res.dtd//EN" "res.dtd">
<resolution resolution-stage="Introduced-in-House" dms-id="H26B9307CBE944100A109B4AEAFF91B13" public-private="public" resolution-type="house-concurrent" star-print="no-star-print" key="H"><metadata xmlns:dc="http://purl.org/dc/elements/1.1/">
<dublinCore>
<dc:title>117 HCON 115 IH: Expressing support for the Geneva Consensus Declaration on Promoting Women’s Health and Strengthening the Family and urging that the United States be added as a signatory.</dc:title>
<dc:publisher>U.S. House of Representatives</dc:publisher>
<dc:date>2022-11-17</dc:date>
<dc:format>text/xml</dc:format>
<dc:language>EN</dc:language>
<dc:rights>Pursuant to Title 17 Section 105 of the United States Code, this file is not subject to copyright protection and is in the public domain.</dc:rights>
</dublinCore>
</metadata>
<form>
<distribution-code display="yes">IV</distribution-code><congress display="yes">117th CONGRESS</congress><session display="yes">2d Session</session><legis-num display="yes">H. CON. RES. 115</legis-num><current-chamber>IN THE HOUSE OF REPRESENTATIVES</current-chamber><action display="yes"><action-date date="20221117">November 17, 2022</action-date><action-desc><sponsor name-id="B001299">Mr. Banks</sponsor> (for himself, <cosponsor name-id="D000615">Mr. Duncan</cosponsor>, <cosponsor name-id="C000266">Mr. Chabot</cosponsor>, <cosponsor name-id="P000601">Mr. Palazzo</cosponsor>, <cosponsor name-id="H001086">Mrs. Harshbarger</cosponsor>, <cosponsor name-id="M001211">Mrs. Miller of Illinois</cosponsor>, <cosponsor name-id="M000871">Mr. Mann</cosponsor>, <cosponsor name-id="G000552">Mr. Gohmert</cosponsor>, <cosponsor name-id="B001291">Mr. Babin</cosponsor>, <cosponsor name-id="W000814">Mr. Weber of Texas</cosponsor>, <cosponsor name-id="L000564">Mr. Lamborn</cosponsor>, <cosponsor name-id="L000578">Mr. LaMalfa</cosponsor>, <cosponsor name-id="A000055">Mr. Aderholt</cosponsor>, <cosponsor name-id="G000576">Mr. Grothman</cosponsor>, <cosponsor name-id="C001116">Mr. Clyde</cosponsor>, <cosponsor name-id="H001071">Mr. Hice of Georgia</cosponsor>, <cosponsor name-id="T000480">Mr. Timmons</cosponsor>, <cosponsor name-id="L000569">Mr. Luetkemeyer</cosponsor>, <cosponsor name-id="C001118">Mr. Cline</cosponsor>, <cosponsor name-id="J000292">Mr. Johnson of Ohio</cosponsor>, <cosponsor name-id="G000591">Mr. Guest</cosponsor>, <cosponsor name-id="L000589">Mrs. Lesko</cosponsor>, <cosponsor name-id="F000459">Mr. Fleischmann</cosponsor>, <cosponsor name-id="M001136">Mrs. McClain</cosponsor>, <cosponsor name-id="K000376">Mr. Kelly of Pennsylvania</cosponsor>, <cosponsor name-id="M001194">Mr. Moolenaar</cosponsor>, <cosponsor name-id="M001195">Mr. Mooney</cosponsor>, <cosponsor name-id="P000599">Mr. Posey</cosponsor>, and <cosponsor name-id="B001275">Mr. Bucshon</cosponsor>) submitted the following concurrent resolution; which was referred to the <committee-name committee-id="HFA00">Committee on Foreign Affairs</committee-name></action-desc></action><legis-type>CONCURRENT RESOLUTION</legis-type><official-title display="yes">Expressing support for the Geneva Consensus Declaration on Promoting Women&#8217;s Health and Strengthening the Family and urging that the United States be added as a signatory.</official-title></form><preamble>
<whereas><text>Whereas the United States strongly supports women reaching the highest attainable outcomes for health, life, dignity, and well-being throughout their lives;</text></whereas> <whereas><text>Whereas the historic coalition that issued the Geneva Consensus Declaration on Promoting Women’s Health and Strengthening the Family (in this preamble referred to as the <quote>Geneva Consensus Declaration</quote>) was formed by a diverse group of countries committed to charting a more positive path to advance the health of women, protect the family as foundational to any healthy society, affirm the value of life in all stages of development, and uphold the sovereign right of countries to make their own laws to advance those core values, without external pressure;</text></whereas>
<whereas><text>Whereas the Geneva Consensus Declaration was signed on October 22, 2020, by 35 countries from every region of the world, representing more than 1,600,000,000 people, which committed to working together on the core pillars enshrined in the Declaration, and 3 countries have subsequently signed;</text></whereas> <whereas><text>Whereas, although President Joseph R. Biden removed the United States as a signatory to the Geneva Consensus Declaration, at least temporarily, 36 countries remain signatories, and longstanding Federal laws that prohibit the United States from conducting or funding abortions, abortion lobbying, or coercive family planning in foreign countries remain in effect;</text></whereas>
<whereas><text>Whereas the Geneva Consensus Declaration reaffirms that <quote>all are equal before the law</quote> and <quote>human rights of women are an inalienable, integral, and indivisible part of all human rights and fundamental freedoms</quote>;</text></whereas> <whereas><text>Whereas the Geneva Consensus Declaration reaffirms the inherent <quote>dignity and worth of the human person</quote> and that <quote>every human being has the inherent right to life</quote>;</text></whereas>
<whereas><text>Whereas the Geneva Consensus Declaration reaffirms that <quote>there is no international right to abortion, nor any international obligation on the part of States to finance or facilitate abortion</quote>;</text></whereas> <whereas><text>Whereas the Geneva Consensus Declaration reaffirms that <quote>the family is the natural and fundamental group unit of society and is entitled to protection by society and the State</quote>; and</text></whereas>
<whereas><text>Whereas the Geneva Consensus Declaration coalition strengthens the collective voice of the signatory countries to prevent any country from being intimidated, isolated, or muted on the core values expressed in the Declaration: Now, therefore, be it</text></whereas></preamble><resolution-body style="traditional" id="H50DCF9F4281F40C99A0BB4140AD71886"> <section display-inline="yes-display-inline" section-type="undesignated-section" id="H5A6C4BEEA371435EA8526F598015AB47"><text>That Congress—</text>
<paragraph id="HC2AD3DCAFEB14F339F4C418E614F7586"><enum>(1)</enum><text>affirms the commitments to protect life and the family made in the Geneva Consensus Declaration on Promoting Women’s Health and Strengthening the Family (in this resolution referred to as the <quote>Geneva Consensus Declaration</quote>) and applauds the signatory countries for their dedication to advancing women’s health, protecting life at every stage while affirming that there is no international right to abortion, and upholding the importance of the family as foundational to society;</text></paragraph> <paragraph id="H2D10670DD4D5481C90F3497CCAC69079"><enum>(2)</enum><text>declares that the principles affirming life and the family recognized by the Geneva Consensus Declaration remain universally valid;</text></paragraph>
<paragraph id="HD58E22210EBC4DF4BA1D56C63EC0C347"><enum>(3)</enum><text>welcomes opportunities to strengthen support for the Geneva Consensus Declaration;</text></paragraph> <paragraph id="H7183EEAB089C46A5860042D27A53068C"><enum>(4)</enum><text>will defend the sovereignty of every country to adopt national policies that promote women's health, protect the right to life, and strengthen the family, as enshrined in the Geneva Consensus Declaration;</text></paragraph>
<paragraph id="HD0B98E6A50A64BDE96354E42221DE457"><enum>(5)</enum><text>will conduct oversight of the United States executive branch to ensure that the United States does not conduct or fund abortions, abortion lobbying, or coercive family planning in foreign countries, consistent with longstanding Federal law; </text></paragraph> <paragraph id="H3D99BCD2D48E48ECB71CAA148353844F"><enum>(6)</enum><text>urges the signatory countries to the Geneva Consensus Declaration to defend the universal principles affirming life and the family expressed in the Declaration; and</text></paragraph>
<paragraph id="H6A5638A8ECC64C29BB2214192ECE26AE"><enum>(7)</enum><text>calls on President Joseph R. Biden to once again add the United States as a signatory to the Geneva Consensus Declaration.</text></paragraph></section> </resolution-body></resolution>

