<?xml version="1.0"?>
<?xml-stylesheet type="text/xsl" href="billres.xsl"?>
<!DOCTYPE resolution PUBLIC "-//US Congress//DTDs/res.dtd//EN" "res.dtd">
<resolution resolution-stage="Referred-in-Senate" dms-id="HDAC2403EB2544A26A916A24AA7040E11" public-private="public" resolution-type="house-concurrent" star-print="no-star-print" key="G" stage-count="1"><metadata xmlns:dc="http://purl.org/dc/elements/1.1/">
<dublinCore>
<dc:title>117 HCON 82 : Authorizing the printing of a revised and updated version of the House document entitled “Black Americans in Congress, 1870–1989”.</dc:title>
<dc:publisher>U.S. House of Representatives</dc:publisher>
<dc:date>2022-09-22</dc:date>
<dc:format>text/xml</dc:format>
<dc:language>EN</dc:language>
<dc:rights>Pursuant to Title 17 Section 105 of the United States Code, this file is not subject to copyright protection and is in the public domain.</dc:rights>
</dublinCore>
</metadata>
<form>
<distribution-code display="yes">III</distribution-code><congress display="yes">117th CONGRESS</congress><session display="yes">2d Session</session><legis-num display="yes">H. CON. RES. 82</legis-num><current-chamber>IN THE SENATE OF THE UNITED STATES</current-chamber><action><action-date date="20220922">September 22, 2022</action-date><action-desc>Received; referred to the <committee-name committee-id="SSRA00">Committee on Rules and Administration</committee-name></action-desc></action><legis-type>CONCURRENT RESOLUTION</legis-type><official-title display="yes">Authorizing the printing of a revised and updated version of the House document entitled <quote>Black Americans in Congress, 1870–1989</quote>.</official-title></form><resolution-body style="OLC" id="H3141773DE8E54B35BF59DF20910A5549"><section display-inline="no-display-inline" section-type="section-one" id="HBCF5AE76BC434C818C34ACC8313C85C6"><enum>1.</enum><header>Printing of revised version of <quote>Black Americans in Congress, 1870–1989</quote></header><subsection id="H3738EAAFF6334195BB9FE96C570BB12C"><enum>(a)</enum><header>In general</header><text display-inline="yes-display-inline">An updated version of House Document 101–117, entitled <quote>Black Americans in Congress, 1870–1989</quote> (as revised by the Library of Congress), shall be printed as a House document by the <pagebreak></pagebreak>Director of the Government Publishing Office, with illustrations and suitable binding, under the direction of the Committee on House Administration of the House of Representatives.</text></subsection><subsection id="H2D7C0973533B451F9460B51B5C991B14"><enum>(b)</enum><header>Number of copies</header><text display-inline="yes-display-inline">In addition to the usual number, there shall be printed such number of copies of the document referred to in subsection (a) as does not exceed a total production and printing cost of $500,000, of which—</text><paragraph id="HCDC774F7B1AD42EB933714424D3FED03"><enum>(1)</enum><text display-inline="yes-display-inline">80 percent shall be for the use of the Committee on House Administration of the House of Representatives; and</text></paragraph><paragraph id="HDBF28252A7E24C30B57A7D8DE6DC411A"><enum>(2)</enum><text display-inline="yes-display-inline">20 percent shall be for the use of the Committee on Rules and Administration of the Senate.</text></paragraph></subsection></section></resolution-body><attestation><attestation-group><attestation-date date="20220921" chamber="House">Passed the House of Representatives September 21, 2022.</attestation-date><attestor display="yes">Cheryl L. Johnson,</attestor><role>Clerk.</role><proxy display="yes">Kevin F. McCumber,</proxy><role>Deputy Clerk.</role></attestation-group></attestation></resolution> 

