<?xml version="1.0"?>
<?xml-stylesheet type="text/xsl" href="billres.xsl"?>
<!DOCTYPE resolution PUBLIC "-//US Congress//DTDs/res.dtd//EN" "res.dtd">
<resolution dms-id="H6F300948E7D94D43859941AA3C1E7419" public-private="public" resolution-stage="Received-in-Senate" resolution-type="house-concurrent" star-print="no-star-print" key="G" stage-count="1"><metadata xmlns:dc="http://purl.org/dc/elements/1.1/">
<dublinCore>
<dc:title>117 HCON 121 : Directing the Clerk of the House of Representatives to make a correction in the enrollment of the bill H.R. 7776. </dc:title>
<dc:publisher>U.S. House of Representatives</dc:publisher>
<dc:date>2022-12-13</dc:date>
<dc:format>text/xml</dc:format>
<dc:language>EN</dc:language>
<dc:rights>Pursuant to Title 17 Section 105 of the United States Code, this file is not subject to copyright protection and is in the public domain.</dc:rights>
</dublinCore>
</metadata>
<form>
<distribution-code display="yes">III</distribution-code><congress display="yes">117th CONGRESS</congress><session display="yes">2d Session</session><legis-num>H. CON. RES. 121</legis-num><current-chamber>IN THE SENATE OF THE UNITED STATES</current-chamber><action><action-date date="20221213">December 13, 2022</action-date><action-desc>Received</action-desc></action><legis-type>CONCURRENT RESOLUTION</legis-type><official-title display="yes">Directing the Clerk of the House of Representatives to make a correction in the enrollment of the bill H.R. 7776. </official-title></form><resolution-body style="traditional" id="H2397E876C6614905852E4CBE7C094364"><section display-inline="yes-display-inline" section-type="undesignated-section" id="H552CCA72C3204B0E8D58BB77AFC77229"><enum/><text>That in the enrollment of the bill H.R. 7776, the Clerk of the House of Representatives shall make the following correction: Amend the long title so as to read: <quote>An Act to authorize appropriations for fiscal year 2023 for military activities of the Department of Defense, for military construction, and for defense<pagebreak></pagebreak> activities of the Department of Energy, to prescribe military personnel strengths for such fiscal year, and for other purposes.</quote>. </text></section></resolution-body><attestation><attestation-group><attestation-date date="20221208" chamber="House">Passed the House of Representatives December 8, 2022.</attestation-date><attestor display="yes">Cheryl L. Johnson,</attestor><role>Clerk.</role></attestation-group></attestation></resolution>


