<?xml version="1.0"?>
<?xml-stylesheet type="text/xsl" href="billres.xsl"?>
<!DOCTYPE resolution PUBLIC "-//US Congress//DTDs/res.dtd//EN" "res.dtd">
<resolution resolution-stage="Introduced-in-House" dms-id="HFFB9EB5428A2418DA12244457D3EB727" public-private="public" resolution-type="house-concurrent" star-print="no-star-print" key="H"><metadata xmlns:dc="http://purl.org/dc/elements/1.1/">
<dublinCore>
<dc:title>117 HCON 92 IH: Declaring a state of emergency due to the Russian invasion of Ukraine, in order to establish a waiver of the minimum tonnage requirements of section 55305 of title 46, United States Code.</dc:title>
<dc:publisher>U.S. House of Representatives</dc:publisher>
<dc:date>2022-05-20</dc:date>
<dc:format>text/xml</dc:format>
<dc:language>EN</dc:language>
<dc:rights>Pursuant to Title 17 Section 105 of the United States Code, this file is not subject to copyright protection and is in the public domain.</dc:rights>
</dublinCore>
</metadata>
<form>
<distribution-code display="yes">IV</distribution-code><congress display="yes">117th CONGRESS</congress><session display="yes">2d Session</session><legis-num display="yes">H. CON. RES. 92</legis-num><current-chamber>IN THE HOUSE OF REPRESENTATIVES</current-chamber><action display="yes"><action-date date="20220520">May 20, 2022</action-date><action-desc><sponsor name-id="W000813">Mrs. Walorski</sponsor> (for herself, <cosponsor name-id="C001059">Mr. Costa</cosponsor>, <cosponsor name-id="F000470">Mrs. Fischbach</cosponsor>, and <cosponsor name-id="D000096">Mr. Danny K. Davis of Illinois</cosponsor>) submitted the following concurrent resolution; which was referred to the <committee-name committee-id="HAS00">Committee on Armed Services</committee-name></action-desc></action><legis-type>CONCURRENT RESOLUTION</legis-type><official-title display="yes">Declaring a state of emergency due to the Russian invasion of Ukraine, in order to establish a waiver of the minimum tonnage requirements of section 55305 of title 46, United States Code.</official-title></form><preamble><whereas><text>Whereas, in March and April 2014, the Russian military invaded and annexed the Ukrainian peninsula of Crimea, and the Russian Federation took action to establish pro-Russian separatist states in the Donbas region of Ukraine;</text></whereas><whereas><text>Whereas the Russian Federation has failed to follow the cease-fire agreements established by the Minsk 1 and Minsk 2 accords, and conflict has been present in Ukraine since such invasion and annexation;</text></whereas><whereas><text>Whereas, throughout 2021, Russia amassed troops, weapon systems, and hardware on the border of Russia and Ukraine;</text></whereas><whereas><text>Whereas, on December 17, 2021, the Russian Federation presented the North Atlantic Treaty Organization (referred to in this preamble as <quote>NATO</quote>) with a list of security demands, including that NATO would never allow Ukraine, or other former Soviet states, into the alliance;</text></whereas><whereas><text>Whereas such demands are non-starters for NATO and its <quote>open door policy</quote>, which dates to the alliance’s founding and gives no third party a say in such deliberations, and such demands were only offered as a justification for a Russian invasion;</text></whereas><whereas><text>Whereas, on February 21, 2022, President Vladimir Putin officially recognized the regions of Donetsk and Luhansk as independent states despite international consensus that those regions remain part of the sovereign territory of Ukraine;</text></whereas><whereas><text>Whereas, on February 22, 2022, President Putin ordered Russian troops to enter Donetsk and Luhansk on a <quote>peacekeeping mission</quote> while setting the stage for a larger invasion;</text></whereas><whereas><text>Whereas, on February 24, 2022, President Putin ordered Russian forces to conduct a full-scale invasion, moving beyond the regions of Donetsk and Luhansk, and initiating attacks throughout broader Ukrainian territory;</text></whereas><whereas><text>Whereas Russian forces continue to devastate Ukraine’s hospitals, schools, homes, and other civilian infrastructure, and threaten nuclear power plants with heavy artillery, multi-launch rocket systems, and munitions systems, with no regard for civilian casualties;</text></whereas><whereas><text>Whereas an October 19, 2017, Government Accountability Office Report stated that a <quote>2015 analysis of agency data found that the application of [cargo preference for food aid] requirements increased United States Agency for International Development’s and United States Department of Agriculture’s costs for shipping food aid by about 23 percent, or $107 million, compared with the estimated shipping costs without application of CPFA requirements, from April 2011 through fiscal year 2014.</quote>;</text></whereas><whereas><text>Whereas in a United States Agency for International Development fact sheet titled: <quote>Food Aid Reform: Behind the Numbers</quote>, the United States Agency for International Development stated that eliminating the mandatory cargo preference reimbursements will reduce the deficit by an estimated $50,000,000 per year;</text></whereas><whereas><text>Whereas, in March 2020, the American Enterprise Institute published a report titled <quote>The Cost of Cargo Preferences for International Food Aid Programs</quote>, which—</text><paragraph id="id2CABF2191E6548A29B61651312AA129E"><enum>(1)</enum><text>found <quote>that removing cargo preference requirements would allow for between $36 and $64 million of already appropriated funds to go to feeding the hungry and would benefit U.S. soft power globally</quote>; and</text></paragraph><paragraph id="idD2B449D569B1410E86C161DAC58420DE"><enum>(2)</enum><text>concluded that <quote>cargo preference for food aid imposes substantial costs of USAID’s Title II program budget . . . The impacts are substantial, reducing the funds available for additional food aid programs by $52.83 million a year.</quote>;</text></paragraph></whereas><whereas><text>Whereas in a March 25, 2022, information note titled <quote>The importance of Ukraine and the Russian Federation for global agricultural markets and the risks associated with the current conflict</quote>, the Food and Agriculture Organization (referred to in this preamble as the <quote>FAO</quote>) of the United Nations stated that—</text><paragraph id="id99B61A03E76641289A277302BA9C2B8A"><enum>(1)</enum><text>the invasion of Ukraine could raise food prices <quote>by 8 to 22 percent above their already elevated baseline levels</quote>;</text></paragraph><paragraph id="id37DD6B8CC7F04AADA532AF5E7168172B"><enum>(2)</enum><text><quote>current indications are that, as a result of the conflict, between 20 and 30 percent of areas sown to winter crops in Ukraine will remain unharvested during the 2022/23 season, with the yields of these crops also likely to be adversely affected</quote>; and</text></paragraph><paragraph id="id99C89F3BB83C4EE7BE9812A22233D48D"><enum>(3)</enum><text><quote>FAO’s simulations suggest that under such a scenario, the global number of undernourished people could increase by 8 to 13 million people in 2022/23, with the most pronounced increases taking place in Asia-Pacific, followed by sub-Saharan Africa, and the Near East and North Africa.</quote>;</text></paragraph></whereas><whereas><text>Whereas, on April 8, 2022, the Associated Press published that <quote>The U.N. Food and Agriculture Organization said its Food Price Index, which tracks monthly changes in international prices for a basket of commodities, averaged 159.3 points last month, up 12.6% from February</quote>, and that <quote>As it is, the February index was the highest level since its inception in 1990.</quote>;</text></whereas><whereas><text>Whereas, on April 27, 2022, the United States Agency for International Development said in a press release that <quote>The world is suffering from historic levels of global food insecurity, which is being exacerbated by the impact Russia's war on Ukraine is having on global food supplies. Available estimates suggest that an additional 40 million people could be pushed into poverty and food insecurity as a result of Russia’s aggression.</quote>;</text></whereas><whereas><text>Whereas, on April 27, 2022, the Administrator of the United States Agency for International Development, Samantha Power, said that <quote>In Ukraine, which provides 10 percent of the world's wheat, farmers are struggling to plant and harvest their crops for fear of shelling and Russian landmines, and their path to exporting these vital commodities is severely restricted by Russia’s invasion, which caused the closure of Ukraine's ports.</quote>; and</text></whereas><whereas><text>Whereas, on April 27, 2022, Secretary of Agriculture Tom Vilsack, said that <quote>Russia’s unprovoked war on Ukraine, a fellow major agricultural export country, is driving food and energy costs higher for people around the world.</quote>: Now, therefore, be it</text></whereas></preamble><resolution-body style="traditional" id="H86F6E1EFE11B4A87B6239526DF2D3B03"><section display-inline="yes-display-inline" section-type="undesignated-section" id="H4EA7E02A43B142F4B0B886A75A270B9F"><enum/><text>That—</text><paragraph id="H0B03AF5BA5DA4C6098A3CBA09E4C665D"><enum>(1)</enum><text>a state of emergency exists due to the Russian invasion of Ukraine; </text></paragraph><paragraph id="H7374291504F94164851A0C31D05B6BBF"><enum>(2)</enum><text>such state of emergency—</text><subparagraph id="H5BE7AE0D91834886A83C257E48DB4936"><enum>(A)</enum><text>for the purposes of subparagraph (B), shall be in effect beginning on May 1, 2022, and ending on February 1, 2025; and</text></subparagraph><subparagraph id="H8176C71824C148FA808D083504875BE8"><enum>(B)</enum><text>justifies a waiver during such period of time of the minimum tonnage requirements, in accordance with section 55305(c) of title 46, United States Code, for the transport of equipment, materials, or commodities related to humanitarian operations resulting from the 2022 Russian invasion of Ukraine; and</text></subparagraph></paragraph><paragraph id="H09A4B9ECC37E478BAEA79680564AD20E"><enum>(3)</enum><text>the heads of the appropriate agencies shall be notified of such waiver.</text></paragraph></section></resolution-body></resolution> 

