<?xml version="1.0"?>
<?xml-stylesheet type="text/xsl" href="billres.xsl"?>
<!DOCTYPE resolution PUBLIC "-//US Congress//DTDs/res.dtd//EN" "res.dtd">
<resolution resolution-stage="Introduced-in-House" dms-id="HC571390D71594918833EF7F3CEB26D4C" public-private="public" resolution-type="house-concurrent" star-print="no-star-print" key="H"><metadata xmlns:dc="http://purl.org/dc/elements/1.1/">
<dublinCore>
<dc:title>117 HCON 22 IH: Expressing the sense of Congress that retired Lieutenant General Russel Honoré, United States Army, should immediately be relieved of his interim investigative role into the events of January 6, 2021.</dc:title>
<dc:publisher>U.S. House of Representatives</dc:publisher>
<dc:date>2021-03-03</dc:date>
<dc:format>text/xml</dc:format>
<dc:language>EN</dc:language>
<dc:rights>Pursuant to Title 17 Section 105 of the United States Code, this file is not subject to copyright protection and is in the public domain.</dc:rights>
</dublinCore>
</metadata>
<form>
<distribution-code display="yes">IV</distribution-code><congress display="yes">117th CONGRESS</congress><session display="yes">1st Session</session><legis-num display="yes">H. CON. RES. 22</legis-num><current-chamber>IN THE HOUSE OF REPRESENTATIVES</current-chamber><action display="yes"><action-date date="20210303">March 3, 2021</action-date><action-desc><sponsor name-id="B000825">Mrs. Boebert</sponsor> (for herself, <cosponsor name-id="M001184">Mr. Massie</cosponsor>, <cosponsor name-id="G000595">Mr. Good of Virginia</cosponsor>, <cosponsor name-id="B001302">Mr. Biggs</cosponsor>, <cosponsor name-id="M001211">Mrs. Miller of Illinois</cosponsor>, <cosponsor name-id="P000605">Mr. Perry</cosponsor>, <cosponsor name-id="P000599">Mr. Posey</cosponsor>, <cosponsor name-id="B001311">Mr. Bishop of North Carolina</cosponsor>, <cosponsor name-id="C001039">Mrs. Cammack</cosponsor>, <cosponsor name-id="B001274">Mr. Brooks</cosponsor>, <cosponsor name-id="T000165">Mr. Tiffany</cosponsor>, <cosponsor name-id="C001115">Mr. Cloud</cosponsor>, <cosponsor name-id="R000603">Mr. Rouzer</cosponsor>, <cosponsor name-id="H001084">Ms. Herrell</cosponsor>, <cosponsor name-id="H001052">Mr. Harris</cosponsor>, <cosponsor name-id="M001212">Mr. Moore of Alabama</cosponsor>, <cosponsor name-id="G000565">Mr. Gosar</cosponsor>, <cosponsor name-id="C001054">Mr. Carl</cosponsor>, <cosponsor name-id="W000814">Mr. Weber of Texas</cosponsor>, <cosponsor name-id="R000609">Mr. Rutherford</cosponsor>, <cosponsor name-id="G000563">Mr. Gibbs</cosponsor>, <cosponsor name-id="R000614">Mr. Roy</cosponsor>, <cosponsor name-id="S001183">Mr. Schweikert</cosponsor>, <cosponsor name-id="H001071">Mr. Hice of Georgia</cosponsor>, and <cosponsor name-id="L000583">Mr. Loudermilk</cosponsor>) submitted the following concurrent resolution; which was referred to the <committee-name committee-id="HHA00">Committee on House Administration</committee-name></action-desc></action><legis-type>CONCURRENT RESOLUTION</legis-type><official-title display="yes">Expressing the sense of Congress that retired Lieutenant General Russel Honoré, United States Army, should immediately be relieved of his interim investigative role into the events of January 6, 2021.</official-title></form><preamble><whereas><text>Whereas the United States Capitol was attacked on January 6, 2021;</text></whereas><whereas><text>Whereas it is the responsibility of Congress to examine the events of January 6, 2021, at the United States Capitol;</text></whereas><whereas><text>Whereas the magnitude of the attack was due to security failures, including the failures to address intelligence gatherings, take proactive security preparations, and avoid miscommunication in response to the riots;</text></whereas><whereas><text>Whereas the attack requires an immediate investigation and full review;</text></whereas><whereas><text>Whereas this investigation, and full faith in a report’s findings, necessitate that it be nonpartisan, straightforward, and honest;</text></whereas><whereas><text>Whereas a full and complete investigation must receive full cooperation and confidence of the honorable officers of the United States Capitol Police and other Federal law enforcement agencies, the service men and women of the Department of Defense and National Guard, and the duly elected Members of the House of Representatives and Senate;</text></whereas><whereas><text>Whereas retired Lieutenant General Russel Honoré, United States Army, prejudicially condemned officers of the United States Capitol Police by tweeting on January 6, 2021, that <quote>it appears that the Capital [sic] Police opened the gates to the rioters</quote>;</text></whereas><whereas><text>Whereas Honoré prejudicially condemned officers of the United States Capitol Police by tweeting on January 6, 2021, that <quote>they look totally ill prepared today. But now it just seems suspicious. General McCaffrey said tonight that it was capital [sic] security and not the DC police is [sic] responsible for this. They knew this was coming. They let people in. They gave them hours to voluntarily decide to leave.</quote>;</text></whereas><whereas><text>Whereas Honoré prejudicially condemned officers of the United States Capitol Police by tweeting on January 6, 2021, that <quote>they lost their honor. They may avoid consequences, but they won’t be able to put on that uniform with honor</quote>;</text></whereas><whereas><text>Whereas Honoré prejudicially condemned officers of the United States Capitol Police by tweeting on January 6, 2021, that <quote>either this building is woefully unprepared or the cops supported it</quote>;</text></whereas><whereas><text>Whereas Honoré prejudicially condemned officers of the United States Capitol Police by tweeting on January 6, 2021, <quote>Capital [sic] Police made Mall Cops look good today</quote>;</text></whereas><whereas><text>Whereas Honoré prejudicially condemned officers of the United States Capitol Police by tweeting on January 6, 2021, about <quote>too many Trumpsters within the C[apitol] P[olice]</quote>;</text></whereas><whereas><text>Whereas Honoré prejudicially condemned officers of the United States Capitol Police and the House and Senate Sergeant at Arms by tweeting on January 6, 2021, <quote>police underestimated the violent crowd</quote> because they were <quote>white and pro-Trump</quote> and <quote>Capitol Police and the Sergeant at Arms in the House and Senate may have been complicit in aiding and abetting the Capitol riots</quote>;</text></whereas><whereas><text>Whereas Honoré endorsed via the social media platform Twitter (tweeted) on January 6 and 7 the notion that President <quote>[T]rump’s minions were installed at the Department of Defense to help him in his seditious coup</quote> and <quote>Trump installed cronies at the Pentagon several weeks ago. It appears he knew this was coming on December 19 at the latest—and was prepared for it</quote> and <quote>they left the Capitol Police undermanned and without the right equipment to deal with a violent mob.</quote>;</text></whereas><whereas><text>Whereas Honoré called a Member of the Senate a <quote>coward</quote>, <quote>leech</quote>, and <quote>really stupid</quote> via Twitter;</text></whereas><whereas><text>Whereas Honoré tweeted on January 9, 2021, that a Member of the Senate was a disgrace;</text></whereas><whereas><text>Whereas Honoré tweeted of a Member of the Senate, <quote>This little peace of s**t with his Yale law degree should be run out of DC and Disbarred ASAP</quote>;</text></whereas><whereas><text>Whereas Honoré accused Members of the House and Senate from Kansas of sedition via Twitter;</text></whereas><whereas><text>Whereas Honoré endorsed, via Twitter, expelling Members of the House who objected to the certification of certain electoral college results;</text></whereas><whereas><text>Whereas Honoré, via Twitter, aligned Members of Congress with the Confederacy;</text></whereas><whereas><text>Whereas Honoré called a former Member of the House a <quote>crazy, fascist b*tch</quote>;</text></whereas><whereas><text>Whereas Honoré, in reference to a Member of the House, tweeted, <quote>Put Her Stupid A** on the No Fly List</quote>;</text></whereas><whereas commented="no"><text>Whereas Honoré retweeted calls for executing the former President of the United States by hanging;</text></whereas><whereas><text>Whereas Honoré, via Twitter, called on Members of the Senate to resign and stated that they have blood on their hands;</text></whereas><whereas><text>Whereas Honoré, via Twitter, engaged in hyperpartisan rhetoric supporting Democratic candidates for Senate ahead of the special elections in Georgia;</text></whereas><whereas><text>Whereas Honoré retweeted calls for media outlets to be shut down by the Federal Communications Commission;</text></whereas><whereas><text>Whereas Honoré retweeted calls to cancel a Member of the House;</text></whereas><whereas><text>Whereas Honoré retweeted a photo of a former Member of the House, two Members of the Senate, and a current Member of the House with the caption, <quote>This is why Florida is F****d</quote>;</text></whereas><whereas><text>Whereas Honoré, via Twitter, said the Republican leader and members of the Republican Party are the <quote>New Jim Crow Party</quote>;</text></whereas><whereas><text>Whereas Honoré, via Twitter, spreads disinformation regarding Members of Congress;</text></whereas><whereas><text>Whereas the Speaker of the House Nancy Pelosi appointed Honoré to conduct an investigation on January 15, 2021;</text></whereas><whereas><text>Whereas an inquiry into security failures at the Capitol on January 6, 2021, must not be partisan;</text></whereas><whereas><text>Whereas the President called for unity, stating, <quote>with unity we can do great things. Important things. We can right wrongs … Bringing America together. Uniting our people and uniting our nation. I ask every American to join me in this cause. Uniting to fight the common foes we face: Anger, resentment, hatred … For without unity, there is no peace, only bitterness and fury. No progress, only exhausting outrage.</quote>: Now, therefore, be it</text></whereas></preamble><resolution-body style="traditional" id="HE273CE26FFD34A73BDEA7CA2F5706D77"><section display-inline="yes-display-inline" section-type="undesignated-section" id="H21F13CA8B4564D0FAC025ED5C19811EB"><enum/><text>That it is the sense of Congress that—</text><paragraph id="HDA07FAC14F024F6C8193FF2B1B1F1E1C"><enum>(1)</enum><text display-inline="yes-display-inline">the Speaker of the House of Representatives should immediately relieve retired Lieutenant General Russel Honoré, United States Army, of his interim investigative role into the events of January 6, 2021; and</text></paragraph><paragraph id="HDDD4C8F1EE394C4C81CF4894A8D64C46"><enum>(2)</enum><text display-inline="yes-display-inline">the Speaker of the House of Representatives, in coordination with the Republican leader of the House, the Democratic leader of the Senate, and the Republican leader of the Senate, should appoint a nonpartisan, bicameral panel of former members of Congress, law enforcement officials, and military servicemen to properly and faithfully investigate the events of January 6, 2021.</text></paragraph></section></resolution-body></resolution> 

