<?xml version="1.0"?>
<?xml-stylesheet type="text/xsl" href="billres.xsl"?>
<!DOCTYPE resolution PUBLIC "-//US Congress//DTDs/res.dtd//EN" "res.dtd">
<resolution dms-id="HE77D3045B37E4006BB667B550E50C076" public-private="public" resolution-stage="Received-in-Senate" resolution-type="house-concurrent" star-print="no-star-print" key="G" stage-count="1"><metadata xmlns:dc="http://purl.org/dc/elements/1.1/">
<dublinCore>
<dc:title>117 HCON 28 : Directing the Architect of the Capitol to transfer the catafalque situated in the Capitol Visitor Center to the rotunda of the Capitol for use in connection with services conducted for United States Capitol Police Officer William F. Evans.</dc:title>
<dc:publisher>U.S. House of Representatives</dc:publisher>
<dc:date></dc:date>
<dc:format>text/xml</dc:format>
<dc:language>EN</dc:language>
<dc:rights>Pursuant to Title 17 Section 105 of the United States Code, this file is not subject to copyright protection and is in the public domain.</dc:rights>
</dublinCore>
</metadata>
<form>
<distribution-code display="yes">III</distribution-code><congress display="yes">117th CONGRESS</congress><session display="yes">1st Session</session><legis-num>H. CON. RES. 28</legis-num><current-chamber>IN THE SENATE OF THE UNITED STATES</current-chamber><action><action-date>April 12, 2021</action-date><action-desc>Received</action-desc></action><legis-type>CONCURRENT RESOLUTION</legis-type><official-title display="yes">Directing the Architect of the Capitol to transfer the catafalque situated in the Capitol Visitor Center to the rotunda of the Capitol for use in connection with services conducted for United States Capitol Police Officer William F. Evans.</official-title></form><resolution-body style="traditional" id="H9A44CDF2056A41A5B9E33C7F9B01811A"><section display-inline="yes-display-inline" section-type="undesignated-section" id="HDE629D82702E4D8EA37F53DBCA4D2F56"><enum/><text display-inline="yes-display-inline">That the Architect of the Capitol is authorized and directed to transfer the catafalque which is situated in the Capitol Visitor Center to the rotunda of the Capitol so that such catafalque may be used in connection <pagebreak></pagebreak> with services to be conducted there for United States Capitol Police Officer William F. Evans. </text></section></resolution-body><attestation><attestation-group><attestation-date date="20210408" chamber="House">Passed the House of Representatives April 8, 2021.</attestation-date><attestor display="yes">Cheryl L. Johnson,</attestor><role>Clerk.</role></attestation-group></attestation></resolution>


