<?xml version="1.0"?>
<?xml-stylesheet type="text/xsl" href="billres.xsl"?>
<!DOCTYPE resolution PUBLIC "-//US Congress//DTDs/res.dtd//EN" "res.dtd">
<resolution resolution-stage="Introduced-in-House" dms-id="H396D13C2CD724AA98871938ADB1F7F2E" public-private="public" resolution-type="house-concurrent" star-print="no-star-print" key="H"><metadata xmlns:dc="http://purl.org/dc/elements/1.1/">
<dublinCore>
<dc:title>117 HCON 34 IH: Expressing the sense of Congress that a carbon tax would be detrimental to the United States economy.</dc:title>
<dc:publisher>U.S. House of Representatives</dc:publisher>
<dc:date>2021-05-17</dc:date>
<dc:format>text/xml</dc:format>
<dc:language>EN</dc:language>
<dc:rights>Pursuant to Title 17 Section 105 of the United States Code, this file is not subject to copyright protection and is in the public domain.</dc:rights>
</dublinCore>
</metadata>
<form>
<distribution-code display="yes">IV</distribution-code><congress display="yes">117th CONGRESS</congress><session display="yes">1st Session</session><legis-num display="yes">H. CON. RES. 34</legis-num><current-chamber>IN THE HOUSE OF REPRESENTATIVES</current-chamber><action display="yes"><action-date date="20210517">May 17, 2021</action-date><action-desc><sponsor name-id="S001176">Mr. Scalise</sponsor> (for himself and <cosponsor name-id="M001180">Mr. McKinley</cosponsor>) submitted the following concurrent resolution; which was referred to the <committee-name committee-id="HWM00">Committee on Ways and Means</committee-name></action-desc></action><legis-type>CONCURRENT RESOLUTION</legis-type><official-title display="yes">Expressing the sense of Congress that a carbon tax would be detrimental to the United States economy.</official-title></form><preamble><whereas><text>Whereas a carbon tax is a Federal tax on carbon released from fossil fuels;</text></whereas><whereas><text>Whereas a carbon tax will increase energy prices, including the price of gasoline, electricity, natural gas, and home heating oil;</text></whereas><whereas><text>Whereas a carbon tax will mean that families and consumers will pay more for essentials like food, gasoline, and electricity;</text></whereas><whereas><text>Whereas a carbon tax will fall hardest on the poor, the elderly, and those on fixed incomes;</text></whereas><whereas><text>Whereas a carbon tax will lead to more jobs and businesses moving overseas;</text></whereas><whereas><text>Whereas a carbon tax will lead to less economic growth;</text></whereas><whereas><text>Whereas American families will be harmed the most from a carbon tax;</text></whereas><whereas><text>Whereas, according to the Energy Information Administration, the share of energy consumption during 2019 in the United States that was derived from fossil fuels was approximately 80 percent;</text></whereas><whereas commented="no"><text>Whereas a carbon tax will increase the cost of every good manufactured in the United States;</text></whereas><whereas><text>Whereas a carbon tax will impose disproportionate burdens on certain industries, jobs, States, and geographic regions and would further restrict the global competitiveness of the United States;</text></whereas><whereas><text>Whereas American ingenuity has led to innovations in energy exploration and development and has increased production of domestic energy resources on private and State-owned land which has created significant job growth and private capital investment;</text></whereas><whereas><text>Whereas the energy policy of the United States should encourage continued private sector innovation and development and not increase the existing tax burden on manufacturers;</text></whereas><whereas><text>Whereas the production of American energy resources increases the ability of the United States to maintain a competitive advantage in today’s global economy;</text></whereas><whereas><text>Whereas a carbon tax would reduce America’s global competitiveness and would encourage development abroad in countries that do not impose this exorbitant tax burden; and</text></whereas><whereas><text>Whereas the Congress and the President should focus on pro-growth solutions that encourage increased development of domestic resources: Now, therefore, be it</text></whereas></preamble><resolution-body style="traditional" id="HAD81D74CFB094F0D9617CA1D57BB968A"><section display-inline="yes-display-inline" section-type="undesignated-section" id="H6F29DA1F38434719BF3ED179BFFC4A0D"><enum/><text>That it is the sense of Congress that a carbon tax would be detrimental to American families and businesses, and is not in the best interest of the United States.</text></section></resolution-body></resolution> 

