<?xml version="1.0"?>
<?xml-stylesheet type="text/xsl" href="billres.xsl"?>
<!DOCTYPE resolution PUBLIC "-//US Congress//DTDs/res.dtd//EN" "res.dtd">
<resolution resolution-stage="Introduced-in-House" dms-id="H21B98F5C6B8A455E81742F692117AE01" public-private="public" resolution-type="house-concurrent" star-print="no-star-print" key="H"><metadata xmlns:dc="http://purl.org/dc/elements/1.1/">
<dublinCore>
<dc:title>117 HCON 29 IH: Supporting the goals and ideals of GLSEN’s 2021 Day of Silence in bringing attention to anti-lesbian, gay, bisexual, transgender, queer, and questioning (LGBTQ+) name-calling, bullying, and harassment faced by individuals in schools.</dc:title>
<dc:publisher>U.S. House of Representatives</dc:publisher>
<dc:date>2021-04-19</dc:date>
<dc:format>text/xml</dc:format>
<dc:language>EN</dc:language>
<dc:rights>Pursuant to Title 17 Section 105 of the United States Code, this file is not subject to copyright protection and is in the public domain.</dc:rights>
</dublinCore>
</metadata>
<form>
<distribution-code display="yes">IV</distribution-code><congress display="yes">117th CONGRESS</congress><session display="yes">1st Session</session><legis-num display="yes">H. CON. RES. 29</legis-num><current-chamber>IN THE HOUSE OF REPRESENTATIVES</current-chamber><action display="yes"><action-date date="20210419">April 19, 2021</action-date><action-desc><sponsor name-id="T000472">Mr. Takano</sponsor> submitted the following concurrent resolution; which was referred to the <committee-name committee-id="HED00">Committee on Education and Labor</committee-name>, and in addition to the Committee on <committee-name committee-id="HJU00">the Judiciary</committee-name>, for a period to be subsequently determined by the Speaker, in each case for consideration of such provisions as fall within the jurisdiction of the committee concerned</action-desc></action><legis-type>CONCURRENT RESOLUTION</legis-type><official-title display="yes">Supporting the goals and ideals of GLSEN&#8217;s 2021 Day of Silence in bringing attention to anti-lesbian, gay, bisexual, transgender, queer, and questioning (LGBTQ+) name-calling, bullying, and harassment faced by individuals in schools.</official-title></form><preamble> 
<whereas><text>Whereas the National Day of Silence is a day in which students take a vow of silence to bring attention to the anti-lesbian, gay, bisexual, transgender, queer, and questioning name-calling, bullying, and harassment faced by individuals in schools;</text></whereas> <whereas><text>Whereas GLSEN is a national nonprofit organization working to create safe and affirming learning environments in primary and secondary schools nationwide, regardless of sexual orientation, gender identity, or gender expression;</text></whereas> 
<whereas><text>Whereas GLSEN designates one day of every April as the Day of Silence;</text></whereas> <whereas><text>Whereas hundreds of thousands of students at thousands of schools have participated in the National Day of Silence in past years;</text></whereas> 
<whereas><text>Whereas GLSEN’s 2019 National School Climate Survey illustrates the pervasive harassment and victimization faced by LGBTQ+ middle and high school students by documenting their experiences within the preceding academic year;</text></whereas> <whereas><text>Whereas nearly 70 percent of LGBTQ+ students reported being verbally harassed by their peers at school because of their sexual orientation, and nearly 57 percent because of their gender expression;</text></whereas> 
<whereas><text>Whereas nearly 26 percent of LGBTQ+ students reported being physically harassed by their peers at school because of their sexual orientation, and nearly 22 percent because of their gender expression;</text></whereas> <whereas><text>Whereas 11 percent of LGBTQ+ students reported being physically assaulted by their peers at school because of their sexual orientation, and 9 percent because of their gender expression;</text></whereas> 
<whereas><text>Whereas nearly 45 percent of LGBTQ+ students reported being cyberbullied;</text></whereas> <whereas><text>Whereas nearly 56 percent of Asian-American and Pacific Islander LGBTQ+ students experienced harassment or assault related to their sexual orientation in the past year;</text></whereas> 
<whereas><text>Whereas 82 percent of American Indian or Alaska Native LGBTQ+ (or Two Spirit) students felt unsafe based on their sexual orientation in the past year;</text></whereas> <whereas><text>Whereas 60 percent of Latinx LGBTQ+ students experienced bullying based on their gender expression in the past year;</text></whereas> 
<whereas><text>Whereas nearly 60 percent of Black LGBTQ+ students experienced bullying based on their sexual orientation in the past year;</text></whereas> <whereas><text>Whereas 44 percent of multiracial LGBTQ+ students felt unsafe in school based on the way they express their gender;</text></whereas> 
<whereas><text>Whereas nearly 37 percent of LGBTQ+ students reported being harassed at school based on their actual or perceived disability status;</text></whereas> <whereas><text>Whereas 59 percent of LGBTQ+ students reported that they felt unsafe in school because of their sexual orientation, and nearly 33 percent reported missing at least one entire school day in the preceding month because of safety concerns;</text></whereas> 
<whereas><text>Whereas transgender students were more likely than all other students to report feeling unsafe at school because of their gender expression;</text></whereas> <whereas><text>Whereas transgender students were more likely to report missing school or changing schools because they felt unsafe or uncomfortable;</text></whereas> 
<whereas><text>Whereas student academic performance is affected such that LGBTQ+ students who experienced high levels of harassment and assault because of their sexual orientation or gender expression report a lower grade point average than those of LGBTQ+ students who experienced low levels of such harassment and assault;</text></whereas> <whereas><text>Whereas the presence of supportive staff contributed to a range of positive indicators including fewer reports of missing school, fewer reports of feeling unsafe, greater academic achievement, higher educational aspirations, and a greater sense of school belonging;</text></whereas> 
<whereas><text>Whereas a growing number of States, cities, and local education authorities are adopting laws and policies to prohibit name-calling, bullying, harassment, and discrimination against students on the basis of their sexual orientation and gender identity or expression; and</text></whereas> <whereas><text>Whereas every child should be guaranteed an education free from name-calling, bullying, harassment, and discrimination regardless of his or her sexual orientation and gender identity or expression: Now, therefore, be it</text></whereas></preamble><resolution-body style="traditional" id="H27AF2F7721B24482B282BD6074DB6DB3"> 
<section id="HCBEE2E98839D4D83ACE5CE6B8795416C" section-type="undesignated-section" display-inline="yes-display-inline"><text display-inline="yes-display-inline">That Congress—</text> <paragraph id="HB017D0624B564EA99F9C10EC05A947BC"><enum>(1)</enum><text>supports the goals and ideals of the National Day of Silence; and</text></paragraph> 
<paragraph id="HA757E6CDB67644F78F56554BE9409830"><enum>(2)</enum><text>encourages each State, city, and local educational agency to adopt laws and policies to prohibit name-calling, bullying, harassment, and discrimination against students, teachers, and other school staff regardless of their sexual orientation and gender identity or expression, so that the Nation’s schools are institutions where all individuals are able to focus on learning.</text></paragraph></section> </resolution-body></resolution>

