<?xml version="1.0"?>
<?xml-stylesheet type="text/xsl" href="billres.xsl"?>
<!DOCTYPE resolution PUBLIC "-//US Congress//DTDs/res.dtd//EN" "res.dtd">
<resolution resolution-stage="Introduced-in-House" dms-id="H0FF5A2E2BF4245D9ACAB303354F21104" public-private="public" resolution-type="house-concurrent" star-print="no-star-print" key="H"><metadata xmlns:dc="http://purl.org/dc/elements/1.1/">
<dublinCore>
<dc:title>117 HCON 33 IH: Supporting the Local Radio Freedom Act.</dc:title>
<dc:publisher>U.S. House of Representatives</dc:publisher>
<dc:date>2021-05-04</dc:date>
<dc:format>text/xml</dc:format>
<dc:language>EN</dc:language>
<dc:rights>Pursuant to Title 17 Section 105 of the United States Code, this file is not subject to copyright protection and is in the public domain.</dc:rights>
</dublinCore>
</metadata>
<form>
<distribution-code display="yes">IV</distribution-code><congress display="yes">117th CONGRESS</congress><session display="yes">1st Session</session><legis-num display="yes">H. CON. RES. 33</legis-num><current-chamber>IN THE HOUSE OF REPRESENTATIVES</current-chamber><action display="yes"><action-date date="20210504">May 4, 2021</action-date><action-desc><sponsor name-id="C001066">Ms. Castor of Florida</sponsor> (for herself, <cosponsor name-id="W000809">Mr. Womack</cosponsor>, <cosponsor name-id="T000463">Mr. Turner</cosponsor>, <cosponsor name-id="T000165">Mr. Tiffany</cosponsor>, <cosponsor name-id="T000479">Mr. Taylor</cosponsor>, <cosponsor name-id="P000614">Mr. Pappas</cosponsor>, <cosponsor name-id="C000266">Mr. Chabot</cosponsor>, <cosponsor name-id="B001295">Mr. Bost</cosponsor>, <cosponsor name-id="S001177">Mr. Sablan</cosponsor>, <cosponsor name-id="A000372">Mr. Allen</cosponsor>, <cosponsor name-id="C001072">Mr. Carson</cosponsor>, <cosponsor name-id="E000296">Mr. Evans</cosponsor>, <cosponsor name-id="L000562">Mr. Lynch</cosponsor>, <cosponsor name-id="F000466">Mr. Fitzpatrick</cosponsor>, <cosponsor name-id="M001196">Mr. Moulton</cosponsor>, <cosponsor name-id="L000586">Mr. Lawson of Florida</cosponsor>, <cosponsor name-id="B001304">Mr. Brown</cosponsor>, <cosponsor name-id="B001296">Mr. Brendan F. Boyle of Pennsylvania</cosponsor>, <cosponsor name-id="P000599">Mr. Posey</cosponsor>, <cosponsor name-id="G000061">Mr. Garcia of California</cosponsor>, <cosponsor name-id="S001148">Mr. Simpson</cosponsor>, <cosponsor name-id="S001180">Mr. Schrader</cosponsor>, <cosponsor name-id="W000795">Mr. Wilson of South Carolina</cosponsor>, <cosponsor name-id="A000369">Mr. Amodei</cosponsor>, <cosponsor name-id="Z000017">Mr. Zeldin</cosponsor>, <cosponsor name-id="C001103">Mr. Carter of Georgia</cosponsor>, <cosponsor name-id="U000031">Mr. Upton</cosponsor>, <cosponsor name-id="G000565">Mr. Gosar</cosponsor>, <cosponsor name-id="K000376">Mr. Kelly of Pennsylvania</cosponsor>, <cosponsor name-id="B001286">Mrs. Bustos</cosponsor>, <cosponsor name-id="G000563">Mr. Gibbs</cosponsor>, <cosponsor name-id="M001184">Mr. Massie</cosponsor>, <cosponsor name-id="G000581">Mr. Vicente Gonzalez of Texas</cosponsor>, <cosponsor name-id="G000576">Mr. Grothman</cosponsor>, <cosponsor name-id="F000450">Ms. Foxx</cosponsor>, <cosponsor name-id="W000804">Mr. Wittman</cosponsor>, <cosponsor name-id="C001108">Mr. Comer</cosponsor>, <cosponsor name-id="B001257">Mr. Bilirakis</cosponsor>, <cosponsor name-id="R000603">Mr. Rouzer</cosponsor>, <cosponsor name-id="B001298">Mr. Bacon</cosponsor>, <cosponsor name-id="W000798">Mr. Walberg</cosponsor>, <cosponsor name-id="G000377">Ms. Granger</cosponsor>, <cosponsor name-id="C001059">Mr. Costa</cosponsor>, <cosponsor name-id="L000566">Mr. Latta</cosponsor>, <cosponsor name-id="H001067">Mr. Hudson</cosponsor>, <cosponsor name-id="M001156">Mr. McHenry</cosponsor>, <cosponsor name-id="E000294">Mr. Emmer</cosponsor>, <cosponsor name-id="Y000033">Mr. Young</cosponsor>, <cosponsor name-id="B001299">Mr. Banks</cosponsor>, <cosponsor name-id="N000181">Mr. Nunes</cosponsor>, <cosponsor name-id="K000382">Ms. Kuster</cosponsor>, <cosponsor name-id="P000616">Mr. Phillips</cosponsor>, <cosponsor name-id="B001274">Mr. Brooks</cosponsor>, <cosponsor name-id="K000395">Mr. Keller</cosponsor>, <cosponsor name-id="K000188">Mr. Kind</cosponsor>, <cosponsor name-id="A000375">Mr. Arrington</cosponsor>, <cosponsor name-id="V000132">Mr. Vela</cosponsor>, <cosponsor name-id="B001281">Mrs. Beatty</cosponsor>, <cosponsor name-id="C001087">Mr. Crawford</cosponsor>, <cosponsor name-id="V000133">Mr. Van Drew</cosponsor>, <cosponsor name-id="R000395">Mr. Rogers of Kentucky</cosponsor>, <cosponsor name-id="S001157">Mr. David Scott of Georgia</cosponsor>, <cosponsor name-id="K000394">Mr. Kim of New Jersey</cosponsor>, <cosponsor name-id="M001204">Mr. Meuser</cosponsor>, <cosponsor name-id="W000821">Mr. Westerman</cosponsor>, <cosponsor name-id="B001306">Mr. Balderson</cosponsor>, <cosponsor name-id="M001203">Mr. Malinowski</cosponsor>, <cosponsor name-id="R000515">Mr. Rush</cosponsor>, <cosponsor name-id="K000378">Mr. Kinzinger</cosponsor>, <cosponsor name-id="C001053">Mr. Cole</cosponsor>, <cosponsor name-id="J000292">Mr. Johnson of Ohio</cosponsor>, <cosponsor name-id="P000601">Mr. Palazzo</cosponsor>, <cosponsor name-id="M001210">Mr. Murphy of North Carolina</cosponsor>, <cosponsor name-id="H001072">Mr. Hill</cosponsor>, <cosponsor name-id="M001190">Mr. Mullin</cosponsor>, <cosponsor name-id="D000624">Mrs. Dingell</cosponsor>, and <cosponsor name-id="D000619">Mr. Rodney Davis of Illinois</cosponsor>) submitted the following concurrent resolution; which was referred to the <committee-name committee-id="HJU00">Committee on the Judiciary</committee-name></action-desc></action><legis-type>CONCURRENT RESOLUTION</legis-type><official-title display="yes">Supporting the Local Radio Freedom Act.</official-title></form><preamble><whereas><text>Whereas the United States enjoys broadcasting and sound recording industries that are the envy of the world, due to the symbiotic relationship that has existed among these industries for many decades;</text></whereas><whereas><text>Whereas for nearly a century, Congress has rejected repeated calls by the recording industry to impose a performance fee on local radio stations for simply playing music on the radio and upsetting the mutually beneficial relationship between local radio and the recording industry;</text></whereas><whereas><text>Whereas local radio stations provide free publicity and promotion to the recording industry and performers of music in the form of radio air play, interviews with performers, introduction of new performers, concert promotions, and publicity that promotes the sale of music, concert tickets, ring tones, music videos and associated merchandise;</text></whereas><whereas><text>Whereas Congress found that <quote>the sale of many sound recordings and the careers of many performers benefited considerably from airplay and other promotional activities provided by both noncommercial and advertiser-supported, free over-the-air broadcasting</quote>;</text></whereas><whereas><text>Whereas local radio broadcasters provide tens of thousands of hours of essential local news and weather information during times of national emergencies and natural disasters, as well as public affairs programming, sports, and hundreds of millions of dollars of time for public service announcements and local fund-raising efforts for worthy charitable causes, all of which are jeopardized if local radio stations are forced to divert revenues to pay for a new performance fee;</text></whereas><whereas><text>Whereas there are many thousands of local radio stations that will suffer severe economic hardship if any new performance fee is imposed, as will many other small businesses that play music including bars, restaurants, retail establishments, sports and other entertainment venues, shopping centers and transportation facilities; and</text></whereas><whereas><text>Whereas the hardship that would result from a new performance fee would hurt American businesses, and ultimately the American consumers who rely on local radio for news, weather, and entertainment; and such a performance fee is not justified when the current system has produced the most prolific and innovative broadcasting, music, and sound recording industries in the world: Now, therefore, be it</text></whereas></preamble><resolution-body style="OLC" id="H904FF1E82A974E1686A2FC023FE38C79"><section display-inline="yes-display-inline" id="H7A6AD91B4D1149E0856BFE7F83894061" section-type="undesignated-section"><text>That Congress should not impose any new performance fee, tax, royalty, or other charge relating to the public performance of sound recordings on a local radio station for broadcasting sound recordings over-the-air, or on any business for such public performance of sound recordings.</text></section></resolution-body></resolution> 

