<?xml version="1.0"?>
<?xml-stylesheet type="text/xsl" href="billres.xsl"?>
<!DOCTYPE resolution PUBLIC "-//US Congress//DTDs/res.dtd//EN" "res.dtd">
<resolution resolution-stage="Introduced-in-House" dms-id="H0B9007FA0AD343A0B084437354DA2F32" public-private="public" resolution-type="house-concurrent" star-print="no-star-print" key="H"><metadata xmlns:dc="http://purl.org/dc/elements/1.1/">
<dublinCore>
<dc:title>117 HCON 35 IH: Expressing the sense of Congress that all trade agreements the United States enters into, should provide reasonable access and collaboration of each nation involved in such an agreement, for the purpose of search and recovery activities relating to members of the United States Armed Forces missing in action from prior wars or military conflicts.</dc:title>
<dc:publisher>U.S. House of Representatives</dc:publisher>
<dc:date>2021-05-19</dc:date>
<dc:format>text/xml</dc:format>
<dc:language>EN</dc:language>
<dc:rights>Pursuant to Title 17 Section 105 of the United States Code, this file is not subject to copyright protection and is in the public domain.</dc:rights>
</dublinCore>
</metadata>
<form>
<distribution-code display="yes">IV</distribution-code><congress display="yes">117th CONGRESS</congress><session display="yes">1st Session</session><legis-num display="yes">H. CON. RES. 35</legis-num><current-chamber>IN THE HOUSE OF REPRESENTATIVES</current-chamber><action display="yes"><action-date date="20210519">May 19, 2021</action-date><action-desc><sponsor name-id="T000467">Mr. Thompson of Pennsylvania</sponsor> (for himself and <cosponsor name-id="C001078">Mr. Connolly</cosponsor>) submitted the following concurrent resolution; which was referred to the <committee-name committee-id="HWM00">Committee on Ways and Means</committee-name></action-desc></action><legis-type>CONCURRENT RESOLUTION</legis-type><official-title display="yes">Expressing the sense of Congress that all trade agreements the United States enters into, should provide reasonable access and collaboration of each nation involved in such an agreement, for the purpose of search and recovery activities relating to members of the United States Armed Forces missing in action from prior wars or military conflicts.</official-title></form><preamble><whereas><text>Whereas the Department of Defense Prisoners of War/Missing in Action (POW/MIA) Accounting Agency must currently approach MIA recovery operations on a country by country basis via diplomatic, civil, and military negotiations;</text></whereas><whereas><text>Whereas countries utilizing mutually beneficial trade agreements with the United States should provide a transparent and efficient process to aid in the recovery of United States POW/MIA operations;</text></whereas><whereas><text>Whereas the Department of Defense estimates approximately 1,587 United States citizens who served during the Vietnam War are still unaccounted for in Vietnam, Laos, and Cambodia despite quarterly Joint Field Activity excavation and recovery efforts;</text></whereas><whereas><text>Whereas some 72,500 members of the United States Armed Forces remain unaccounted for throughout Europe, China, and Japan after sacrificing their lives during World War II; and</text></whereas><whereas><text>Whereas nearly 7,800 members of the United States Armed Forces are still missing on the Korean Peninsula after bravely serving during the Korean War: Now, therefore, be it</text></whereas></preamble><resolution-body style="traditional" id="H595CCBB735634AD9894517EF53F1BA36"><section display-inline="yes-display-inline" section-type="undesignated-section" id="H4836C3E25A9141C381DCD61DFA80DBEB"><enum/><text>That it is the sense of Congress that all trade agreements the United States enters into, should provide reasonable access and collaboration of each nation involved in such an agreement, for the purpose of search and recovery activities relating to members of the United States Armed Forces missing in action from prior wars or military conflicts.</text></section></resolution-body></resolution> 

