<?xml version="1.0"?>
<?xml-stylesheet type="text/xsl" href="billres.xsl"?>
<!DOCTYPE resolution PUBLIC "-//US Congress//DTDs/res.dtd//EN" "res.dtd">
<resolution resolution-stage="Enrolled-Bill" dms-id="H9A13AB31210F4B6984E94E87B9640B7F" public-private="public" resolution-type="house-concurrent" star-print="no-star-print" key="H" stage-count="1"> 
<metadata xmlns:dc="http://purl.org/dc/elements/1.1/">
<dublinCore>
<dc:title> HCON 41 ENR: Authorizing the use of the Capitol Grounds for the National Peace Officers Memorial Service and the National Honor Guard and Pipe Band Exhibition.</dc:title>
<dc:publisher>U.S. House of Representatives</dc:publisher>
<dc:date>2021-09-23</dc:date>
<dc:format>text/xml</dc:format>
<dc:language>EN</dc:language>
<dc:rights>Pursuant to Title 17 Section 105 of the United States Code, this file is not subject to copyright protection and is in the public domain.</dc:rights>
</dublinCore>
</metadata>
<form>
<distribution-code display="no">IV</distribution-code> 
<congress display="yes">One Hundred Seventeenth Congress of the United States of America</congress> 
<session display="yes">At the First Session</session><enrolled-dateline>Begun and held at the City of Washington on Monday, the fourth day of January, two thousand and twenty-one</enrolled-dateline> 
<legis-num display="yes">H. CON. RES. 41</legis-num> 
<current-chamber display="no"></current-chamber>
<action>
<action-date date="20210923">September 23, 2021</action-date>
<action-desc>Agreed to</action-desc>
</action> 
<legis-type>CONCURRENT RESOLUTION</legis-type> 
<official-title display="no">Authorizing the use of the Capitol Grounds for the National Peace Officers Memorial Service and the National Honor Guard and Pipe Band Exhibition.</official-title> 
</form> 
<resolution-body style="OLC" id="HFF6F3C159578479DB3295729057A704B"> 
<section display-inline="yes-display-inline" section-type="undesignated-section" id="H90954493A0D046B9A257E5BF09846926"><text>That </text></section> <section id="H3BC4E1D2D28D42C8BAE8E2273B31DF08" section-type="section-one"><enum>1.</enum><header>Use of the Capitol Grounds for National Peace Officers Memorial Service</header> <subsection id="H703219B4ED984FDCBA470F128D74E085"><enum>(a)</enum><header>In general</header><text>The Grand Lodge of the Fraternal Order of Police and its auxiliary shall be permitted to sponsor a public event, the 40th Annual National Peace Officers Memorial Service (in this resolution referred to as the <quote>Memorial Service</quote>), on the Capitol Grounds, in order to honor the law enforcement officers who died in the line of duty during 2020.</text></subsection> 
<subsection id="HC569399BDF754813A1B094CC45527C0A"><enum>(b)</enum><header>Date of Memorial Service</header><text>The Memorial Service shall be held on October 16, 2021, or on such other date as the Speaker of the House of Representatives and the Committee on Rules and Administration of the Senate jointly designate, with preparation for the event to begin on October 11, 2021, and takedown completed on October 17, 2021.</text></subsection></section> <section id="H1D04428E7AE34BD99D33266F0E62B5C8"><enum>2.</enum><header>Use of the Capitol Grounds for National Honor Guard and Pipe Band Exhibition</header> <subsection id="H6005112327EE48E092A7C0BE137D3F8A"><enum>(a)</enum><header>In general</header><text>The Grand Lodge of the Fraternal Order of Police and its auxiliary shall be permitted to sponsor a public event, the National Honor Guard and Pipe Band Exhibition (in this resolution referred to as the <quote>Exhibition</quote>), on the Capitol Grounds, in order to allow law enforcement representatives to exhibit their ability to demonstrate Honor Guard programs and provide for a bagpipe exhibition.</text></subsection> 
<subsection id="H6FA0F087B73149A1A8A14B7F0A1EA1EE"><enum>(b)</enum><header>Date of Exhibition</header><text>The Exhibition shall be held on October 16, 2021, or on such other date as the Speaker of the House of Representatives and the Committee on Rules and Administration of the Senate jointly designate.</text></subsection></section> <section id="H7F70B96BE4A741FDBE482C7AE527135F"><enum>3.</enum><header>Terms and conditions</header> <subsection id="HDEE09F188AF24DF8A8C676CA4532C93F"><enum>(a)</enum><header>In general</header><text>Under conditions to be prescribed by the Architect of the Capitol and the Capitol Police Board, the event shall be—</text> 
<paragraph id="H20AE693AB32B417C8B03719DDB61512A"><enum>(1)</enum><text>free of admission charge and open to the public; and</text></paragraph> <paragraph id="H778DFADFF2F14E098B1E5102A02F95C8"><enum>(2)</enum><text>arranged not to interfere with the needs of Congress.</text></paragraph></subsection> 
<subsection id="H598FE04FEAED487C91A2DC6DB9CFA3CD"><enum>(b)</enum><header>Expenses and liabilities</header><text>The sponsors of the Memorial Service and Exhibition shall assume full responsibility for all expenses and liabilities incident to all activities associated with the events.</text></subsection></section> <section id="H7118DC7ED84F4E9799E502175FFF3650"><enum>4.</enum><header>Event preparations</header><text display-inline="no-display-inline">Subject to the approval of the Architect of the Capitol, the sponsors referred to in section 3(b) are authorized to erect upon the Capitol Grounds such stage, sound amplification devices, and other related structures and equipment, as may be required for the Memorial Service and Exhibition.</text></section> 
<section id="H0BCEEFA9D2DA4C28A5F88BC811D8B0F4"><enum>5.</enum><header>Enforcement of restrictions</header><text display-inline="no-display-inline">The Capitol Police Board shall provide for enforcement of the restrictions contained in section 5104(c) of title 40, United States Code, concerning sales, advertisements, displays, and solicitations on the Capitol Grounds, as well as other restrictions applicable to the Capitol Grounds, in connection with the events.</text></section> </resolution-body> <attestation><attestation-group><role>Clerk of the House of Representatives.</role></attestation-group><attestation-group><role>Secretary of the Senate.</role></attestation-group></attestation> </resolution> 

