<?xml version="1.0"?>
<?xml-stylesheet type="text/xsl" href="billres.xsl"?>
<!DOCTYPE resolution PUBLIC "-//US Congress//DTDs/res.dtd//EN" "res.dtd">
<resolution resolution-stage="Introduced-in-House" dms-id="H8F3621BC94C3458082E289212F6D7915" public-private="public" resolution-type="house-concurrent" star-print="no-star-print" key="H"><metadata xmlns:dc="http://purl.org/dc/elements/1.1/">
<dublinCore>
<dc:title>117 HCON 37 IH: Honoring the men and women who paid the ultimate price for the Nation’s freedom and recommitting the people of the United States to remember and renew the legacy of Memorial Day.</dc:title>
<dc:publisher>U.S. House of Representatives</dc:publisher>
<dc:date>2021-05-28</dc:date>
<dc:format>text/xml</dc:format>
<dc:language>EN</dc:language>
<dc:rights>Pursuant to Title 17 Section 105 of the United States Code, this file is not subject to copyright protection and is in the public domain.</dc:rights>
</dublinCore>
</metadata>
<form>
<distribution-code display="yes">IV</distribution-code><congress display="yes">117th CONGRESS</congress><session display="yes">1st Session</session><legis-num display="yes">H. CON. RES. 37</legis-num><current-chamber>IN THE HOUSE OF REPRESENTATIVES</current-chamber><action display="yes"><action-date date="20210528">May 28, 2021</action-date><action-desc><sponsor name-id="B001305">Mr. Budd</sponsor> submitted the following concurrent resolution; which was referred to the <committee-name committee-id="HAS00">Committee on Armed Services</committee-name></action-desc></action><legis-type>CONCURRENT RESOLUTION</legis-type><official-title display="yes">Honoring the men and women who paid the ultimate price for the Nation’s freedom and recommitting the people of the United States to remember and renew the legacy of Memorial Day.</official-title></form><preamble><whereas><text>Whereas it is essential to remember and renew the legacy of Memorial Day, which was established in 1868 to pay tribute to individuals who made the ultimate sacrifice in service to the United States;</text></whereas><whereas><text>Whereas Congress made the observance of Memorial Day a Federal holiday in 1971;</text></whereas><whereas><text>Whereas the first Memorial Day celebrations, which at the time was commonly referred to as Decoration Day, often involved mass closures of businesses within a town for the day while residents would visit the graves of soldiers, decorating them with flowers and flags;</text></whereas><whereas><text>Whereas Memorial Day is intended to be a somber remembrance and honoring of the sacrifice of the men and women who died during the performance of their military duties;</text></whereas><whereas><text>Whereas in 2000, Congress passed the National Moment of Remembrance Act in which Congress found that <quote>greater strides must be made to demonstrate appreciation for those loyal people of the United States whose values, represented by their sacrifices, are critical to the future of the United States</quote>; and</text></whereas><whereas><text>Whereas in 2000, Congress asked the people of the United States to participate in a symbolic and solemn National Moment of Remembrance at 3:00 p.m. local time on Memorial Day to <quote>honor the men and women of the United States who died in the pursuit of freedom and peace</quote>: Now, therefore, be it</text></whereas></preamble><resolution-body style="traditional" id="H33703F2FDD234C1C9297D23D851D2003"><section display-inline="yes-display-inline" section-type="undesignated-section" id="HC01A27AA70724BE282EA940A39818042"><enum/><text>That Congress—</text><paragraph id="HD407B6B466304213AA34CC4D835811C9"><enum>(1)</enum><text>urges all Americans to continue to observe the National Moment of Remembrance to demonstrate respect for the courage and sacrifice of the approximately 1,300,000 members of the Armed Forces who have lost their lives in war from 1775 to 2021;</text></paragraph><paragraph id="HCF70880EBA8347DF9C8C40542E4D06CE"><enum>(2)</enum><text>recognizes that Memorial Day is a day distinctly intended to commemorate and honor the military personnel who never returned home; and</text></paragraph><paragraph id="HEC5EB4196F1E4A01AFFE132636CDE271"><enum>(3)</enum><text>recognizes that the ability of the House of Representatives and Senate, along with the rest of the Government, to provide representative governance for the people of the United States would not be possible without the bravery of those members of the Armed Forces who are honored on Memorial Day.</text></paragraph></section></resolution-body></resolution> 

