<?xml version="1.0"?>
<?xml-stylesheet type="text/xsl" href="billres.xsl"?>
<!DOCTYPE resolution PUBLIC "-//US Congress//DTDs/res.dtd//EN" "res.dtd">
<resolution resolution-stage="Introduced-in-House" dms-id="H90C9CA9EEFC14C07BF985BC369D50F67" public-private="public" resolution-type="house-concurrent" star-print="no-star-print" key="H"><metadata xmlns:dc="http://purl.org/dc/elements/1.1/">
<dublinCore>
<dc:title>117 HCON 8 IH: Honoring and memorializing the life and sacrifice of Officer Brian D. Sicknick.</dc:title>
<dc:publisher>U.S. House of Representatives</dc:publisher>
<dc:date>2021-01-25</dc:date>
<dc:format>text/xml</dc:format>
<dc:language>EN</dc:language>
<dc:rights>Pursuant to Title 17 Section 105 of the United States Code, this file is not subject to copyright protection and is in the public domain.</dc:rights>
</dublinCore>
</metadata>
<form>
<distribution-code display="yes">IV</distribution-code><congress display="yes">117th CONGRESS</congress><session display="yes">1st Session</session><legis-num display="yes">H. CON. RES. 8</legis-num><current-chamber>IN THE HOUSE OF REPRESENTATIVES</current-chamber><action display="yes"><action-date date="20210125">January 25, 2021</action-date><action-desc><sponsor name-id="P000616">Mr. Phillips</sponsor> (for himself, <cosponsor name-id="K000375">Mr. Keating</cosponsor>, <cosponsor name-id="M000312">Mr. McGovern</cosponsor>, <cosponsor name-id="S001201">Mr. Suozzi</cosponsor>, <cosponsor name-id="K000381">Mr. Kilmer</cosponsor>, <cosponsor name-id="M001203">Mr. Malinowski</cosponsor>, <cosponsor name-id="N000147">Ms. Norton</cosponsor>, <cosponsor name-id="D000624">Mrs. Dingell</cosponsor>, <cosponsor name-id="H000324">Mr. Hastings</cosponsor>, <cosponsor name-id="S001193">Mr. Swalwell</cosponsor>, <cosponsor name-id="D000631">Ms. Dean</cosponsor>, <cosponsor name-id="W000826">Ms. Wild</cosponsor>, <cosponsor name-id="S001156">Ms. Sánchez</cosponsor>, <cosponsor name-id="P000034">Mr. Pallone</cosponsor>, <cosponsor name-id="M001196">Mr. Moulton</cosponsor>, and <cosponsor name-id="D000627">Mrs. Demings</cosponsor>) submitted the following concurrent resolution; which was referred to the <committee-name committee-id="HHA00">Committee on House Administration</committee-name></action-desc></action><legis-type>CONCURRENT RESOLUTION</legis-type><official-title display="yes">Honoring and memorializing the life and sacrifice of Officer Brian D. Sicknick.</official-title></form><preamble><whereas><text>Whereas, on January 6, 2021, thousands of insurrectionists carried out a violent attack against the United States Capitol in a failed attempt to disrupt and harm lawmakers certifying the outcome of the 2020 Presidential election;</text></whereas><whereas><text>Whereas these individuals actively assaulted United States Capitol Police officers and other uniformed law enforcement officers with metal pipes, discharged chemical irritant, and took up other weapons against officers;</text></whereas><whereas><text>Whereas rioters breached police perimeters, scaled the walls of the Capitol, and broke through doors and windows to gain entry to the Capitol;</text></whereas><whereas><text>Whereas while these events were unfolding across the Capitol complex, United States Capitol Police officers were simultaneously responding to multiple reports of pipe bombs and suspicious vehicles in the immediate area surrounding the United States Capitol;</text></whereas><whereas><text>Whereas Officer Brian D. Sicknick, a twelve-year veteran of the Capitol Police, sustained multiple injuries as a result of violent encounters with insurrectionists; and</text></whereas><whereas><text>Whereas Officer Brian D. Sicknick later succumbed to his injuries, dying in the line of duty defending the United States Capitol complex and protecting all who serve and work throughout: Now, therefore, be it</text></whereas></preamble><resolution-body style="OLC" id="H5C71C8EFBDAB4ECFB9E362B56EAD9CDF"><section id="HE34F2CE765834D13B2B4396D5B9DCF04" display-inline="yes-display-inline" section-type="undesignated-section"><text>That—</text><paragraph id="H413C4258512E42888E4E14A355C2D4C8"><enum>(1)</enum><text>the United States holds sincere gratitude and a deep respect for United States Capitol Police Officer Brian D. Sicknick for his courage in the line of duty and for the sacrifice he made to protect Members, staff, and employees inside the United States Capitol;</text></paragraph><paragraph id="H517F75D46A5940CFB5B6C42A2A078720"><enum>(2)</enum><text>the United States extends its condolences to Officer Brian D. Sicknick’s family and loved ones during this difficult time;</text></paragraph><paragraph id="H50E50E72324C4C3AB9F64708C52A6184"><enum>(3)</enum><text>no later than January 31, 2022, the Speaker of the House of Representatives, the minority leader of the House of Representatives, the majority leader of the Senate, and the minority leader of the Senate shall select an appropriate memorial that shall be located in the United States Capitol and that shall honor the life and sacrifice of Officer Brian D. Sicknick; and</text></paragraph><paragraph id="H9CAD9290E56A4C62A0F456EC42FA196A"><enum>(4)</enum><text>the memorial shall state the purpose of the honor and the name of the officer on whom the honor is bestowed.</text></paragraph></section></resolution-body></resolution> 

