<?xml version="1.0"?>
<?xml-stylesheet type="text/xsl" href="billres.xsl"?>
<!DOCTYPE resolution PUBLIC "-//US Congress//DTDs/res.dtd//EN" "res.dtd">
<resolution resolution-stage="Introduced-in-House" dms-id="HC237851E1C00469AB7C8866F407A75B6" public-private="public" resolution-type="house-concurrent" star-print="no-star-print" key="H"><metadata xmlns:dc="http://purl.org/dc/elements/1.1/">
<dublinCore>
<dc:title>117 HCON 38 IH: Expressing support for the NATO alliance and increased alliance cooperation on opportunities and challenges.</dc:title>
<dc:publisher>U.S. House of Representatives</dc:publisher>
<dc:date>2021-06-14</dc:date>
<dc:format>text/xml</dc:format>
<dc:language>EN</dc:language>
<dc:rights>Pursuant to Title 17 Section 105 of the United States Code, this file is not subject to copyright protection and is in the public domain.</dc:rights>
</dublinCore>
</metadata>
<form>
<distribution-code display="yes">IV</distribution-code><congress display="yes">117th CONGRESS</congress><session display="yes">1st Session</session><legis-num display="yes">H. CON. RES. 38</legis-num><current-chamber>IN THE HOUSE OF REPRESENTATIVES</current-chamber><action display="yes"><action-date date="20210614">June 14, 2021</action-date><action-desc><sponsor name-id="P000613">Mr. Panetta</sponsor> (for himself, <cosponsor name-id="M001137">Mr. Meeks</cosponsor>, <cosponsor name-id="C001078">Mr. Connolly</cosponsor>, <cosponsor name-id="D000610">Mr. Deutch</cosponsor>, <cosponsor name-id="M001196">Mr. Moulton</cosponsor>, <cosponsor name-id="B001298">Mr. Bacon</cosponsor>, <cosponsor name-id="K000378">Mr. Kinzinger</cosponsor>, <cosponsor name-id="U000031">Mr. Upton</cosponsor>, <cosponsor name-id="G000579">Mr. Gallagher</cosponsor>, and <cosponsor name-id="F000466">Mr. Fitzpatrick</cosponsor>) submitted the following concurrent resolution; which was referred to the <committee-name committee-id="HFA00">Committee on Foreign Affairs</committee-name></action-desc></action><legis-type>CONCURRENT RESOLUTION</legis-type><official-title display="yes">Expressing support for the NATO alliance and increased alliance cooperation on opportunities and challenges.</official-title></form><preamble><whereas><text>Whereas the North Atlantic Treaty Organization (NATO) came into being through the North Atlantic Treaty, which entered into force on April 4, 1949, between the United States of America and the other founding members of the North Atlantic Treaty Organization, and has served as a pillar of international peace and stability, a critical component of United States security, and a deterrent against adversaries and external threats;</text></whereas><whereas><text>Whereas Congress has repeatedly supported and affirmed that—</text><paragraph id="HA0B5CA5E45D044E187ABF08FE927D710"><enum>(1)</enum><text>NATO is one of the most successful military alliances in history, deterring the outbreak of another world war, protecting the territorial integrity of its members, and seeing the Cold War through to a peaceful conclusion;</text></paragraph><paragraph id="H020E88367C134FB0B06F4204AA88ABFE"><enum>(2)</enum><text>NATO remains the foundation of United States foreign policy to promote a Europe that is whole, free, and at peace;</text></paragraph><paragraph id="H68819D83F720418295036DC23325157A"><enum>(3)</enum><text>the United States is solemnly committed to the North Atlantic Treaty Organization’s principle of collective defense as enumerated in Article 5 of the North Atlantic Treaty; and</text></paragraph><paragraph id="HB75E244653A941CD80C52D5470180BF1"><enum>(4)</enum><text>each alliance member ought to honor the decision at the NATO Wales Summit in 2014 to spend at least 2 percent of that country’s gross domestic product on defense by 2024;</text></paragraph></whereas><whereas><text>Whereas it is the policy of the United States—</text><paragraph id="HC2094284056448C1B4B44EB7D5CBDDAE"><enum>(1)</enum><text>to remain a member in good standing of NATO;</text></paragraph><paragraph id="H3A25D380D6494CFBB43B2EEA2DDA4AA6"><enum>(2)</enum><text>to continue to work with NATO members to meet their 2014 Wales Defense Investment Pledge commitments; and</text></paragraph><paragraph id="HD4AFD0E1A04D4498980BA2D8689E019D"><enum>(3)</enum><text>to support robust United States funding for the European Deterrence Initiative, which increases the ability of the United States and its allies to deter and defend against aggression;</text></paragraph></whereas><whereas><text>Whereas the United States should take every action to reinforce its global reputation as a country that fully complies with its obligations under the international treaties to which it is a party; and</text></whereas><whereas><text>Whereas NATO was founded on the principles of democracy, individual liberty, and the rule of law: Now, therefore, be it</text></whereas></preamble><resolution-body style="traditional" id="H77DC04800D194E5EB0718CC3BC688274"><section display-inline="yes-display-inline" section-type="undesignated-section" id="HA146F248FC864102972D43352E5E6D45"><enum/><text display-inline="yes-display-inline">That Congress—</text><paragraph id="H9C05536CB2D84FD680841C734FE74FE8"><enum>(1)</enum><text display-inline="yes-display-inline">recognizes the contributions to the national security of the United States and other alliance members derived from international treaties and alliances;</text></paragraph><paragraph id="H19C1E143FAEF47808368B0FB06AF3238"><enum>(2)</enum><text display-inline="yes-display-inline">supports the President’s reaffirmation of the United States commitment to Article 5 and to NATO collective defense based on shared democratic values; </text></paragraph><paragraph id="HF1457B8223F74590B713881CCD8A67B5"><enum>(3)</enum><text>calls for—</text><subparagraph id="H9571E4EE85D2438D96EC0709AD14553C"><enum>(A)</enum><text>robust United States leadership within NATO;</text></subparagraph><subparagraph id="H87B0EBB13D4E44B9AF037556E9BD9575"><enum>(B)</enum><text>coordination with steadfast allies and partners on shared peace and security concerns; and</text></subparagraph><subparagraph id="HEA6890647C224446B53C5547012D8813"><enum>(C)</enum><text>continued United States engagement to assist NATO allies in meeting their burden-sharing targets;</text></subparagraph></paragraph><paragraph id="HB43F2156D9024E17B7D2EC03B9106F51"><enum>(4)</enum><text>supports increased cooperation on new and persistent threats to democratic institutions from Russia and other competitors, as well as to critical global challenges like climate change and the COVID–19 pandemic; and</text></paragraph><paragraph id="H6886EC49B6194A09999A906FFEFE1EE9"><enum>(5)</enum><text display-inline="yes-display-inline">supports increased cooperation and dialogue relating to how the alliance may modernize, pursue new opportunities, and address potential internal threats to democracy.</text></paragraph></section></resolution-body></resolution> 

