<?xml version="1.0"?>
<?xml-stylesheet type="text/xsl" href="billres.xsl"?>
<!DOCTYPE resolution PUBLIC "-//US Congress//DTDs/res.dtd//EN" "res.dtd">
<resolution resolution-stage="Introduced-in-House" dms-id="H960F41E9F8B9420B8BDBE41765E10071" public-private="public" resolution-type="house-concurrent" star-print="no-star-print" key="H"><metadata xmlns:dc="http://purl.org/dc/elements/1.1/">
<dublinCore>
<dc:title>117 HCON 58 IH: Permitting the use of the rotunda of the Capitol for a ceremony as part of the commemoration of the 100th anniversary of the dedication of the Tomb of the Unknown Soldier.</dc:title>
<dc:publisher>U.S. House of Representatives</dc:publisher>
<dc:date>2021-11-03</dc:date>
<dc:format>text/xml</dc:format>
<dc:language>EN</dc:language>
<dc:rights>Pursuant to Title 17 Section 105 of the United States Code, this file is not subject to copyright protection and is in the public domain.</dc:rights>
</dublinCore>
</metadata>
<form>
<distribution-code display="yes">IV</distribution-code><congress display="yes">117th CONGRESS</congress><session display="yes">1st Session</session><legis-num display="yes">H. CON. RES. 58</legis-num><current-chamber>IN THE HOUSE OF REPRESENTATIVES</current-chamber><action display="yes"><action-date date="20211103">November 3, 2021</action-date><action-desc><sponsor name-id="B001295">Mr. Bost</sponsor> (for himself and <cosponsor name-id="T000472">Mr. Takano</cosponsor>) submitted the following concurrent resolution; which was referred to the <committee-name committee-id="HHA00">Committee on House Administration</committee-name></action-desc></action><legis-type>CONCURRENT RESOLUTION</legis-type><official-title display="yes">Permitting the use of the rotunda of the Capitol for a ceremony as part of the commemoration of the 100th anniversary of the dedication of the Tomb of the Unknown Soldier.</official-title></form><resolution-body style="OLC" id="HAD2CBBA6A2694EE09DFF5556FE468A2F"><section display-inline="yes-display-inline" section-type="undesignated-section" id="H41ABC883425D4BEFA0ACE99608AB5CE3"></section><section id="H8125A0B5A7C8426D9CE2EC7FCA0159A5" section-type="section-one"><enum>1.</enum><header>Use of rotunda of the Capitol</header><text display-inline="no-display-inline">The rotunda of the Capitol is authorized to be used on November 10, 2021, for a ceremony as part of the commemoration of the 100th anniversary of the dedication of the Tomb of the Unknown Soldier.</text></section><section id="HE30369CE79FA424E9BA1E745C9FE373E"><enum>2.</enum><header>Physical preparations for the ceremony</header><text display-inline="no-display-inline">Physical preparations for the ceremony shall be carried out in accordance with such conditions as the Architect of the Capitol may prescribe.</text></section></resolution-body></resolution> 

