<?xml version="1.0"?>
<?xml-stylesheet type="text/xsl" href="billres.xsl"?>
<!DOCTYPE resolution PUBLIC "-//US Congress//DTDs/res.dtd//EN" "res.dtd">
<resolution resolution-stage="Introduced-in-House" dms-id="H29E51DCC59894209A7272EDF71BC716F" public-private="public" resolution-type="house-concurrent" star-print="no-star-print" key="H"><metadata xmlns:dc="http://purl.org/dc/elements/1.1/">
<dublinCore>
<dc:title>117 HCON 3 IH: Censuring President Donald J. Trump for attempting to overturn the results of the 2020 Presidential election through unlawful means and for inciting insurrection.</dc:title>
<dc:publisher>U.S. House of Representatives</dc:publisher>
<dc:date>2021-01-11</dc:date>
<dc:format>text/xml</dc:format>
<dc:language>EN</dc:language>
<dc:rights>Pursuant to Title 17 Section 105 of the United States Code, this file is not subject to copyright protection and is in the public domain.</dc:rights>
</dublinCore>
</metadata>
<form>
<distribution-code display="yes">IV</distribution-code><congress display="yes">117th CONGRESS</congress><session display="yes">1st Session</session><legis-num display="yes">H. CON. RES. 3</legis-num><current-chamber>IN THE HOUSE OF REPRESENTATIVES</current-chamber><action display="yes"><action-date date="20210111">January 11, 2021</action-date><action-desc><sponsor name-id="N000147">Ms. Norton</sponsor> (for herself, <cosponsor name-id="D000191">Mr. DeFazio</cosponsor>, <cosponsor name-id="V000081">Ms. Velázquez</cosponsor>, <cosponsor name-id="K000382">Ms. Kuster</cosponsor>, and <cosponsor name-id="C001072">Mr. Carson</cosponsor>) submitted the following concurrent resolution; which was referred to the <committee-name committee-id="HJU00">Committee on the Judiciary</committee-name></action-desc></action><legis-type>CONCURRENT RESOLUTION</legis-type><official-title display="yes">Censuring President Donald J. Trump for attempting to overturn the results of the 2020 Presidential election through unlawful means and for inciting insurrection.</official-title></form><preamble><whereas><text>Whereas, on January 2, 2021, President Donald J. Trump called the secretary of state of Georgia, Brad Raffensperger, demanding that Secretary Raffensperger, inter alia, overturn the results of the 2020 presidential election in Georgia by <quote>find[ing] me 11,780 votes,</quote> which would change the outcome in that State’s election and nullify the votes of millions of Americans who voted for President-elect Joseph R. Biden, including African Americans and other people of color, notwithstanding that the State had already certified the winner after thrice counting the votes in favor of President-elect Biden;</text></whereas><whereas><text>Whereas President Trump has consistently raised unsubstantiated claims of voter fraud, while producing no evidence in court or to the public, challenging the security and accuracy of the 2020 Presidential election, despite his Administration saying that this was the most secure election in U.S. history;</text></whereas><whereas><text>Whereas President Trump has incited his followers to challenge the election with his baseless claims against the 2020 Presidential election;</text></whereas><whereas><text>Whereas, on January 6, 2021, the House of Representatives and Senate met at the United States Capitol in a Joint Session to count the votes of the Electoral College;</text></whereas><whereas><text>Whereas, on January 6, 2021, immediately prior to the Joint Session, President Trump spoke to a large crowd in the District of Columbia, where he again raised baseless questions about the legitimacy of the 2020 Presidential election and thereby encouraged the crowd to falsely believe that fraud had occurred;</text></whereas><whereas><text>Whereas, in his speech on January 6, 2021, President Trump used phrases like <quote>fight like hell</quote>, <quote>[y]ou have to show strength and you have to be strong</quote>, <quote>you’ll never take back our country with weakness</quote>, and <quote>everyone here will soon be marching over to the Capitol</quote>; said that President-elect Biden and his supporters are <quote>not gonna take this White House</quote>, and again stated that he won the election <quote>by a lot</quote> and that <quote>we won this election, and we won it by a landslide</quote>;</text></whereas><whereas><text>Whereas, on January 6, 2021, members of the crowd, incited by the President’s speech, and intending to, among other objectives, interfere with the counting of the votes of the Electoral College, breached the United States Capitol, and committed violent, seditious, and destructive acts; </text></whereas><whereas><text>Whereas, as a result of that attack on the Capitol, at least five individuals lost their lives, and numerous others were left injured;</text></whereas><whereas><text>Whereas, during the attack, President Trump told the insurrectionists, <quote>we love you</quote>, and told them to remember that day forever; and</text></whereas><whereas><text>Whereas President Trump has violated his constitutional duties to <quote>preserve, protect and defend the Constitution of the United States</quote> and to <quote>faithfully execute</quote> his office: Now, therefore, be it: </text></whereas></preamble><resolution-body style="traditional" id="H9F84352542ED46109FC623B6E9A36CB7"><section display-inline="yes-display-inline" section-type="undesignated-section" id="HD0A5698C22884EC3A0F720E9774DF9BE"><enum/><text display-inline="yes-display-inline">That the House of Representatives (the Senate concurring)—</text><paragraph id="HFD62ECBF1C254942B25589A9172BE2CD"><enum>(1)</enum><text>censures President Donald J. Trump for the actions he took as set forth above, including attempting to overturn the 2020 Presidential election and inciting insurrection at the United States Capitol on January 6, 2021;</text></paragraph><paragraph id="H7EEBC1E0E5EA45E5A2F92A8DE9000913"><enum>(2)</enum><text>calls upon President Trump—</text><subparagraph id="H90219592AA4648F3B85BBEF0F68D47C5"><enum>(A)</enum><text display-inline="yes-display-inline">to acknowledge that President-elect Joseph R. Biden was the victor of the 2020 presidential election and that President-elect Biden will be the lawful President on January 20, 2021;</text></subparagraph><subparagraph id="H322EBAA27143485CB60004554142210C"><enum>(B)</enum><text>to call on his supporters not to engage in violence;</text></subparagraph><subparagraph id="HD1684947891E4BD79A8FADB6DF5243BF"><enum>(C)</enum><text display-inline="yes-display-inline">to disavow the actions of the insurrectionists who attacked the United States Capitol on January 6, 2021; and</text></subparagraph><subparagraph id="H5AED88E1571E4D39A113288EA4BBCBD4"><enum>(D)</enum><text display-inline="yes-display-inline">to denounce any further acts of violence, including any planned to occur surrounding the 58th Presidential Inauguration; and</text></subparagraph></paragraph><paragraph id="HB6BCDB60F862426C8EF0CFCE586F119D"><enum>(3)</enum><text display-inline="yes-display-inline">finds that, in engaging in the above cited actions, President Donald J. Trump <quote>as an officer of the United States … engaged in insurrection or rebellion against the [United States], or given aid or comfort to the enemies thereof,</quote> making him ineligible for future office, unless Congress, in the future, <quote>by a vote of two-thirds of each House, remove such disability,</quote> under section 3 of the 14th Amendment to the United States Constitution.</text></paragraph></section></resolution-body></resolution> 

