<?xml version="1.0"?>
<?xml-stylesheet type="text/xsl" href="billres.xsl"?>
<!DOCTYPE resolution PUBLIC "-//US Congress//DTDs/res.dtd//EN" "res.dtd">
<resolution dms-id="H94018CE98BE045D988E82BFD8D6B51C4" public-private="public" resolution-stage="Received-in-Senate" resolution-type="house-concurrent" star-print="no-star-print" key="G" stage-count="1"><metadata xmlns:dc="http://purl.org/dc/elements/1.1/">
<dublinCore>
<dc:title>117 HCON 64 : Directing the Secretary of the Senate to make a correction in the enrollment of the bill S. 1605. </dc:title>
<dc:publisher>U.S. House of Representatives</dc:publisher>
<dc:date></dc:date>
<dc:format>text/xml</dc:format>
<dc:language>EN</dc:language>
<dc:rights>Pursuant to Title 17 Section 105 of the United States Code, this file is not subject to copyright protection and is in the public domain.</dc:rights>
</dublinCore>
</metadata>
<form>
<distribution-code display="yes">III</distribution-code><congress display="yes">117th CONGRESS</congress><session display="yes">1st Session</session><legis-num>H. CON. RES. 64</legis-num><current-chamber>IN THE SENATE OF THE UNITED STATES</current-chamber><action><action-date>December 8, 2021</action-date><action-desc>Received</action-desc></action><legis-type>CONCURRENT RESOLUTION</legis-type><official-title display="yes">Directing the Secretary of the Senate to make a correction in the enrollment of the bill S. 1605. </official-title></form><resolution-body style="traditional" id="H52E6A557946E4B04AD3A3FF13799497A"><section display-inline="yes-display-inline" section-type="undesignated-section" id="HBA34DC1B239D4700AEBCA9658A667D27"><enum/><text display-inline="yes-display-inline">That in the enrollment of the bill S. 1605, the Secretary of the Senate shall make the following correction: Amend the long title so as to read:<pagebreak></pagebreak><quote>An Act to authorize appropriations for fiscal year 2022 for military activities of the Department of Defense, for military construction, and for defense activities of the Department of Energy, to prescribe military personnel strengths for such fiscal year, and for other purposes.</quote>. </text></section></resolution-body><attestation><attestation-group><attestation-date date="20211207" chamber="House">Passed the House of Representatives December 7, 2021.</attestation-date><attestor display="yes">Cheryl L. Johnson,</attestor><role>Clerk.</role><proxy display="yes">Kevin McCumber,</proxy><role>Deputy Clerk</role></attestation-group></attestation></resolution> 

