<?xml version="1.0"?>
<?xml-stylesheet type="text/xsl" href="billres.xsl"?>
<!DOCTYPE resolution PUBLIC "-//US Congress//DTDs/res.dtd//EN" "res.dtd">
<resolution resolution-stage="Introduced-in-House" dms-id="H051D83D1FFBF4FF0992773BFE5C30672" public-private="public" resolution-type="house-concurrent" star-print="no-star-print" key="H"><metadata xmlns:dc="http://purl.org/dc/elements/1.1/">
<dublinCore>
<dc:title>117 HCON 56 IH: Condemning the Government of the People’s Republic of China and the People’s Liberation Army for continued military aggression against Taiwan, most notably the October 4th incursion of Taiwan’s Air Defense Identification Zone.</dc:title>
<dc:publisher>U.S. House of Representatives</dc:publisher>
<dc:date>2021-10-25</dc:date>
<dc:format>text/xml</dc:format>
<dc:language>EN</dc:language>
<dc:rights>Pursuant to Title 17 Section 105 of the United States Code, this file is not subject to copyright protection and is in the public domain.</dc:rights>
</dublinCore>
</metadata>
<form>
<distribution-code display="yes">IV</distribution-code><congress display="yes">117th CONGRESS</congress><session display="yes">1st Session</session><legis-num display="yes">H. CON. RES. 56</legis-num><current-chamber>IN THE HOUSE OF REPRESENTATIVES</current-chamber><action display="yes"><action-date date="20211025">October 25, 2021</action-date><action-desc><sponsor name-id="F000246">Mr. Fallon</sponsor> submitted the following concurrent resolution; which was referred to the <committee-name committee-id="HFA00">Committee on Foreign Affairs</committee-name></action-desc></action><legis-type>CONCURRENT RESOLUTION</legis-type><official-title display="yes">Condemning the Government of the People’s Republic of China and the People’s Liberation Army for continued military aggression against Taiwan, most notably the October 4th incursion of Taiwan’s Air Defense Identification Zone.</official-title></form><preamble><whereas><text>Whereas President Xi Jinping and the People’s Liberation Army have recently engaged in a campaign of escalated military aggression against Taiwan which includes incursions of the Air Defense Identification Zone and military exercises along the coast of the Fujian Province;</text></whereas><whereas><text>Whereas China has maintained the One-China policy and has threatened Taiwan’s autonomy both internally and externally;</text></whereas><whereas><text>Whereas Taiwan and its outlying islands have never been under the jurisdiction of the People’s Republic of China;</text></whereas><whereas><text>Whereas the People’s Republic of China continues to illegitimately claim sovereignty over Taiwan and its people;</text></whereas><whereas><text>Whereas, on October 4, 2021, days before the celebration of Taiwan’s 110th National Day, the largest Chinese sortie in a single day penetrated the Air Defense Identification Zone;</text></whereas><whereas><text>Whereas President Xi Jinping stated afterwards <quote>[t]he historical task of the complete reunification of the motherland must be fulfilled and can definitely be fulfilled</quote>;</text></whereas><whereas><text>Whereas the People’s Liberation Army has run over 800 sorties of military aircraft near Taiwan in the past year;</text></whereas><whereas><text>Whereas the People’s Liberation Army aircraft and vessels have markedly increased their activity in the Taiwan Strait since 2020;</text></whereas><whereas><text>Whereas Russian Foreign Minister Sergey Lavrov stated after the October 4th incursion that, <quote>Russia, like the overwhelming majority of other countries, considers Taiwan to be part of the People’s Republic of China. We have proceeded and will proceed from this premise in our foreign policy</quote>;</text></whereas><whereas><text>Whereas Congress passed the Taiwan Relations Act in 1979 which established the foundation for continued relations between the people of the United States and Taiwan after the expiration of the Sino-American Mutual Defense Treaty;</text></whereas><whereas><text>Whereas Taiwan remains an ally of the United States and is an exemplary member of the international community;</text></whereas><whereas><text>Whereas Taiwan’s President Tsai Ing-wen emphasized the need for maintaining the status quo saying, <quote>Our position on cross-strait relations remains the same: neither our goodwill nor our commitments will change. We call for maintaining the status quo, and we will do our utmost to prevent the status quo from being unilaterally altered</quote>; and</text></whereas><whereas><text>Whereas the actions of President Xi Jinping and the People’s Liberation Army threatens peace and stability in the region: Now, therefore, be it</text></whereas></preamble><resolution-body style="traditional" id="H02FFE1CBB46146D8893E49EF2D816409"><section display-inline="yes-display-inline" section-type="undesignated-section" id="H6E14FE4EC22A4043AD71EACDA765B42E"><enum/><text>That Congress—</text><paragraph id="HD5B9DDA351884B1FBF96D2B42DDB17F1"><enum>(1)</enum><text>condemns the Government of the People’s Republic of China and the People’s Liberation Army for its continued military aggression against Taiwan, most notably the October 4th incursion of Taiwan’s Air Defense Identification Zone;</text></paragraph><paragraph id="H4AB56BEA8A024E2DA9E879C93D645F4F"><enum>(2)</enum><text>condemns the actions of any other countries delegitimizing Taiwan’s sovereignty;</text></paragraph><paragraph id="H6C4354351F7F49ABB5BE8F8247BF0F24"><enum>(3)</enum><text>calls for a cessation of military aggression and internal coercion against Taiwan by the People’s Republic of China; and</text></paragraph><paragraph id="HBEC3230D437143F98C1526559D0E4531"><enum>(4)</enum><text>reaffirms support for Taiwan’s political and economic autonomy.</text></paragraph></section></resolution-body></resolution> 

