<?xml version="1.0"?>
<?xml-stylesheet type="text/xsl" href="billres.xsl"?>
<!DOCTYPE resolution PUBLIC "-//US Congress//DTDs/res.dtd//EN" "res.dtd">
<resolution resolution-stage="Introduced-in-House" dms-id="H8EF02D2BE04D4C3799C1FDC0BE2CD941" public-private="public" resolution-type="house-concurrent" star-print="no-star-print" key="H"><metadata xmlns:dc="http://purl.org/dc/elements/1.1/">
<dublinCore>
<dc:title>117 HCON 18 IH: Expressing the sense of Congress regarding the importance of including small business concerns, especially minority-owned small business concerns, in any efforts to leverage the Defense Production Act in response to the COVID–19 pandemic.</dc:title>
<dc:publisher>U.S. House of Representatives</dc:publisher>
<dc:date>2021-02-24</dc:date>
<dc:format>text/xml</dc:format>
<dc:language>EN</dc:language>
<dc:rights>Pursuant to Title 17 Section 105 of the United States Code, this file is not subject to copyright protection and is in the public domain.</dc:rights>
</dublinCore>
</metadata>
<form>
<distribution-code display="yes">IV</distribution-code><congress display="yes">117th CONGRESS</congress><session display="yes">1st Session</session><legis-num display="yes">H. CON. RES. 18</legis-num><current-chamber>IN THE HOUSE OF REPRESENTATIVES</current-chamber><action display="yes"><action-date date="20210224">February 24, 2021</action-date><action-desc><sponsor name-id="V000081">Ms. Velázquez</sponsor> (for herself and <cosponsor name-id="M000687">Mr. Mfume</cosponsor>) submitted the following concurrent resolution; which was referred to the <committee-name committee-id="HBA00">Committee on Financial Services</committee-name></action-desc></action><legis-type>CONCURRENT RESOLUTION</legis-type><official-title display="yes">Expressing the sense of Congress regarding the importance of including small business concerns, especially minority-owned small business concerns, in any efforts to leverage the Defense Production Act in response to the COVID–19 pandemic.</official-title></form><preamble><whereas><text>Whereas, on January 21, 2021, the President announced a national strategy and signed an Executive order to combat the COVID–19 pandemic;</text></whereas><whereas><text>Whereas a cornerstone of the President’s national strategy and Executive order includes exercising his authority under the Defense Production Act of 1950 (<external-xref legal-doc="usc" parsable-cite="usc/50/4501">50 U.S.C. 4501</external-xref> et seq.) to increase production of critical medical supplies, including testing supplies, vaccination supplies, and personal protective equipment (<quote>PPE</quote>);</text></whereas><whereas><text>Whereas small businesses are bearing the brunt of the COVID–19 pandemic, as shown by the fact that from January 2020 through December 31, 2020, the number of open small businesses decreased by 29.7 percent;</text></whereas><whereas><text>Whereas minority-owned small businesses, in particular, have been disproportionately affected by the COVID–19 pandemic;</text></whereas><whereas><text>Whereas a National Bureau of Economic Research study found that during the first two months of the pandemic, 41 percent of small businesses owned by African Americans and 32 percent of small businesses owned by Hispanics were forced to close their doors, compared to 22 percent of small businesses overall;</text></whereas><whereas><text>Whereas small businesses are resilient and proven innovators, and several have pivoted to manufacturing medical supplies, including PPE, in order to fill the gaps and retain their workforce; and</text></whereas><whereas><text>Whereas sections 108 and 701 of the Defense Production Act of 1950 (<external-xref legal-doc="usc" parsable-cite="usc/50/4518">50 U.S.C. 4518</external-xref>; 4551) establish a preference for small business concerns, and in particular, section 701 states that <quote>Small business concerns shall be given the maximum practicable opportunity to participate as contractors, and subcontractors at various tiers, in all programs to maintain and strengthen the Nation’s industrial base and technology base undertaken pursuant to this Act.</quote>: Now, therefore, be it</text></whereas></preamble><resolution-body style="traditional" id="H6B53C139B1894D3D92E6734CB82E0392"><section id="H7852DC492B684C809FD9A2415CCCD3A1" section-type="undesignated-section" display-inline="yes-display-inline"><enum/><text display-inline="yes-display-inline">That it is the sense of Congress that the President should ensure small business concerns, especially minority-owned small business concerns, are included in any efforts to leverage the Defense Production Act of 1950 (<external-xref legal-doc="usc" parsable-cite="usc/50/4501">50 U.S.C. 4501</external-xref> et seq.) in response to the COVID–19 pandemic by according preferences to small business concerns as directed under sections 108 and 701 of the Defense Production Act of 1950 (<external-xref legal-doc="usc" parsable-cite="usc/50/4518">50 U.S.C. 4518</external-xref>; 4551).</text></section></resolution-body></resolution> 

