<?xml version="1.0"?>
<?xml-stylesheet type="text/xsl" href="billres.xsl"?>
<!DOCTYPE resolution PUBLIC "-//US Congress//DTDs/res.dtd//EN" "res.dtd">
<resolution resolution-stage="Introduced-in-House" dms-id="HEA9110190350465EAA52A6CF28CA126A" public-private="public" resolution-type="house-concurrent" star-print="no-star-print" key="H"><metadata xmlns:dc="http://purl.org/dc/elements/1.1/">
<dublinCore>
<dc:title>117 HCON 25 IH: Encouraging the Architect of the Capitol to transition to the exclusive use of electricity derived from renewable energy sources to power the United States Capitol Complex by 2032.</dc:title>
<dc:publisher>U.S. House of Representatives</dc:publisher>
<dc:date>2021-03-26</dc:date>
<dc:format>text/xml</dc:format>
<dc:language>EN</dc:language>
<dc:rights>Pursuant to Title 17 Section 105 of the United States Code, this file is not subject to copyright protection and is in the public domain.</dc:rights>
</dublinCore>
</metadata>
<form>
<distribution-code display="yes">IV</distribution-code><congress display="yes">117th CONGRESS</congress><session display="yes">1st Session</session><legis-num display="yes">H. CON. RES. 25</legis-num><current-chamber>IN THE HOUSE OF REPRESENTATIVES</current-chamber><action display="yes"><action-date date="20210326">March 26, 2021</action-date><action-desc><sponsor name-id="N000191">Mr. Neguse</sponsor> (for himself, <cosponsor name-id="N000147">Ms. Norton</cosponsor>, and <cosponsor name-id="H001068">Mr. Huffman</cosponsor>) submitted the following concurrent resolution; which was referred to the <committee-name committee-id="HPW00">Committee on Transportation and Infrastructure</committee-name></action-desc></action><legis-type>CONCURRENT RESOLUTION</legis-type><official-title display="yes">Encouraging the Architect of the Capitol to transition to the exclusive use of electricity derived from renewable energy sources to power the United States Capitol Complex by 2032.</official-title></form><preamble><whereas><text>Whereas according to the 2018 National Climate Assessment, without substantial and sustained global mitigation and regional adaption efforts, climate change is expected to cause growing losses to American infrastructure and property and impede the rate of economic growth over this century;</text></whereas><whereas><text>Whereas according to the 2018 Intergovernmental Panel on Climate Change (IPCC) Special Report on Global Warming of 1.5° Celsius, to avoid the most devastating impacts of climate change, the world must limit the warming of the global average temperature to 1.5° Celsius above preindustrial levels;</text></whereas><whereas><text>Whereas according to the IPCC, reaching and sustaining net zero global anthropogenic carbon dioxide emissions is necessary for halting anthropogenic global warming;</text></whereas><whereas><text>Whereas according to the IPCC, in order to limit global warming to 1.5° Celsius above preindustrial levels, the world must achieve carbon neutrality by 2050, which will require rapid, dramatic changes in how governments, industries, and societies function;</text></whereas><whereas><text>Whereas the IPCC has reported that in comparison to global warming of 1.5° Celsius, global warming of 2° Celsius will result in a greater number of severe heat waves, more extreme storms, increased poverty, and the degradation of critical ecosystems;</text></whereas><whereas><text>Whereas climate change impacts will be felt disproportionately by communities of color and low-income communities;</text></whereas><whereas><text>Whereas to address the urgent need to limit global warming to 1.5° Celsius, the IPCC has recommended increasing installation of renewable energy systems, with a goal of such systems generating 70 to 80 percent of global electricity by 2050;</text></whereas><whereas><text>Whereas investing in the clean energy economy, with strong labor and procurement standards, will create quality jobs;</text></whereas><whereas><text>Whereas according to the National Oceanic and Atmospheric Administration, 2020 was the warmest year on record globally;</text></whereas><whereas><text>Whereas the world’s cities occupy 2 percent of global land mass, but are responsible for up to 70 percent of harmful greenhouse gas emissions;</text></whereas><whereas><text>Whereas more than 350 mayors in the United States have adopted the Paris Agreement goals for their cities, including Washington, DC;</text></whereas><whereas><text>Whereas in the fight against climate change, cities and counties have become important leaders because of their role as laboratories, incubators, and implementers of climate solutions;</text></whereas><whereas><text>Whereas, on January 18, 2019, District of Columbia Mayor Muriel Bowser signed the CleanEnergy DC Omnibus Amendment Act of 2018, which mandates that, by 2032, 100 percent of the electricity sold at retail in the District be derived from renewable energy sources, and also includes an ambitious building performance standard; and</text></whereas><whereas><text>Whereas it is critical that Congress leads by example for American cities, communities, and people, by committing to renewable energy to combat climate change: Now, therefore, be it</text></whereas></preamble><resolution-body style="OLC" id="HB5D715A5C3DA43E9A11479E8B6DB8DD5"><section display-inline="no-display-inline" id="HD6535490944C4AB2900D25101BF7487D" section-type="section-one"><enum>1.</enum><header>Encouraging transition to exclusive use of electricity derived from renewable energy sources for the United States Capitol Complex</header><subsection id="H32759ED4830D40FD8D9C282FCD78302D"><enum>(a)</enum><header>Transition</header><text display-inline="yes-display-inline">In order to address climate change, and in keeping with the recommendations of Intergovernmental Panel on Climate Change and consistent with the Building Energy Performance Standard Program of the District of Columbia, Congress encourages the Architect of the Capitol to transition to the exclusive use of electricity derived from renewable energy sources to power the United States Capitol Complex by 2032.</text></subsection><subsection id="H77BBB2AB3F8049BFBCC892A5AF62810F"><enum>(b)</enum><header>Definition</header><text display-inline="yes-display-inline">In this section, the term <term>United States Capitol Complex</term> means the Capitol buildings (as defined in section 5101 of title 40, United States Code) and the United States Capitol Grounds (as described in section 5102 of such title).</text></subsection></section></resolution-body></resolution> 

