<?xml version="1.0"?>
<?xml-stylesheet type="text/xsl" href="billres.xsl"?>
<!DOCTYPE resolution PUBLIC "-//US Congress//DTDs/res.dtd//EN" "res.dtd">
<resolution dms-id="HE4BA0498C57A4D1E96501A104E9A38D1" public-private="public" resolution-stage="Received-in-Senate" resolution-type="house-concurrent" star-print="no-star-print" key="G" stage-count="1"><metadata xmlns:dc="http://purl.org/dc/elements/1.1/">
<dublinCore>
<dc:title>117 HCON 1 : Regarding consent to assemble outside the seat of government.</dc:title>
<dc:publisher>U.S. House of Representatives</dc:publisher>
<dc:date></dc:date>
<dc:format>text/xml</dc:format>
<dc:language>EN</dc:language>
<dc:rights>Pursuant to Title 17 Section 105 of the United States Code, this file is not subject to copyright protection and is in the public domain.</dc:rights>
</dublinCore>
</metadata>
<form>
<distribution-code display="yes">III</distribution-code><congress display="yes">117th CONGRESS</congress><session display="yes">1st Session</session><legis-num>H. CON. RES. 1</legis-num><current-chamber>IN THE SENATE OF THE UNITED STATES</current-chamber><action><action-date>January 6, 2021</action-date><action-desc>Received</action-desc></action><legis-type>CONCURRENT RESOLUTION</legis-type><official-title display="yes">Regarding consent to assemble outside the seat of government.</official-title></form><resolution-body style="traditional" id="H25DD3F6B1555417392EA857CA4EBA5FA"><section display-inline="yes-display-inline" section-type="undesignated-section" id="HD35942D7F4DA4E2FB5544E441D7CB0C1"><enum/><text display-inline="yes-display-inline">That pursuant to clause 4, section 5, article I of the Constitution, during the One Hundred Seventeenth Congress the Speaker of the House and the Majority Leader of the Senate or their respective designees, acting jointly after consultation with the Minority Leader of the House and the Minority Leader of the Senate, may notify the Members of the House and the Senate, respectively, to assemble at a place outside the District of Columbia if, in their opinion, the public interest shall warrant it.</text></section></resolution-body><attestation><attestation-group><attestation-date date="20210104" chamber="House">Passed the House of Representatives January 4, 2021.</attestation-date><attestor display="yes">Cheryl L. Johnson,</attestor><role>Clerk.</role></attestation-group></attestation></resolution> 

