<?xml version="1.0"?>
<?xml-stylesheet type="text/xsl" href="billres.xsl"?>
<!DOCTYPE resolution PUBLIC "-//US Congress//DTDs/res.dtd//EN" "res.dtd">
<resolution resolution-stage="Introduced-in-House" dms-id="H3FDD021538D14A28AD03B3F2B0FB11F2" public-private="public" resolution-type="house-concurrent" star-print="no-star-print" key="H"><metadata xmlns:dc="http://purl.org/dc/elements/1.1/">
<dublinCore>
<dc:title>117 HCON 16 IH: Urging that the International Olympic Committee rebid the 2022 Olympic Winter Games, and expressing the sense of Congress that the United States Olympic &amp; Paralympic Committee should not participate if the Games are held in the People’s Republic of China and that the United States Government should lead an international boycott if the Games are held in the People’s Republic of China, and for other purposes.</dc:title>
<dc:publisher>U.S. House of Representatives</dc:publisher>
<dc:date>2021-02-11</dc:date>
<dc:format>text/xml</dc:format>
<dc:language>EN</dc:language>
<dc:rights>Pursuant to Title 17 Section 105 of the United States Code, this file is not subject to copyright protection and is in the public domain.</dc:rights>
</dublinCore>
</metadata>
<form>
<distribution-code display="yes">IV</distribution-code><congress display="yes">117th CONGRESS</congress><session display="yes">1st Session</session><legis-num display="yes">H. CON. RES. 16</legis-num><current-chamber>IN THE HOUSE OF REPRESENTATIVES</current-chamber><action display="yes"><action-date date="20210211">February 11, 2021</action-date><action-desc><sponsor name-id="R000610">Mr. Reschenthaler</sponsor> submitted the following concurrent resolution; which was referred to the <committee-name committee-id="HFA00">Committee on Foreign Affairs</committee-name>, and in addition to the Committee on <committee-name committee-id="HGO00">Oversight and Reform</committee-name>, for a period to be subsequently determined by the Speaker, in each case for consideration of such provisions as fall within the jurisdiction of the committee concerned</action-desc></action><legis-type>CONCURRENT RESOLUTION</legis-type><official-title display="yes">Urging that the International Olympic Committee rebid the 2022 Olympic Winter Games, and expressing the sense of Congress that the United States Olympic &amp; Paralympic Committee should not participate if the Games are held in the People’s Republic of China and that the United States Government should lead an international boycott if the Games are held in the People’s Republic of China, and for other purposes.</official-title></form><preamble><whereas><text>Whereas, in 2015, the International Olympic Committee announced Beijing, the capital city of the People’s Republic of China, as the host city of the 2022 Olympic Winter Games;</text></whereas><whereas><text>Whereas the Olympic charter states the goal of Olympism is to promote <quote>a peaceful society concerned with the preservation of human dignity</quote>;</text></whereas><whereas><text>Whereas, according to the September 2020 House of Representatives China Task Force Report, the Government of China is the leading human rights abuser in the world, depriving 1,400,000,000 human beings of their fundamental rights;</text></whereas><whereas><text>Whereas, since 2017, the Government of China has detained and persecuted up to 1,800,000 Turkic Muslims, including ethnic Uyghurs, Kazakhs, and Kyrgyz, in <quote>political re-education</quote> centers, and many detainees who have not <quote>graduated</quote> from the facilities have been convicted of formal crimes and sentenced to prison terms;</text></whereas><whereas><text>Whereas detained and imprisoned Muslim minorities in the Xinjiang Uyghur Autonomous Region are held arbitrarily and without due process, coerced to disavow religious beliefs and cultural practices, forced to work in factories, deprived of food and other essential needs, and subjected to physical abuse, including torture and alleged organ harvesting;</text></whereas><whereas><text>Whereas the Government of China is implementing a policy of employing large numbers of Uyghurs, including former detainees, in labor-intensive factories in Xinjiang and elsewhere in China under forced labor conditions; </text></whereas><whereas><text>Whereas the Government of China has implemented policies against minority groups in the Xinjiang Uyghur Autonomous Region to lower birth rates, including forced abortions, sterilizations, and contraception;</text></whereas><whereas><text>Whereas according to the Australian Strategic Policy Institute, an estimated 8,500 mosques have been demolished in the Xinjiang Uyghur Autonomous Region, and nearly 30 percent of Islamic shrines, cemeteries, and other sites of religious importance in the region have been damaged or destroyed, mostly since 2017;</text></whereas><whereas><text>Whereas Article 2 of the 1948 United Nations Convention on the Prevention and Punishment of the Crime of Genocide, which both the United States and China have ratified, defines genocide as <quote>any of the following acts committed with intent to destroy, in whole or in part, a national, ethnical, racial or religious group, as such: (a) killing members of the group; (b) causing serious bodily or mental harm to members of the group; (c) deliberately inflicting on the group conditions of life calculated to bring about its physical destruction in whole or in part; (d) imposing measures intended to prevent births within the group; [or] (e) forcibly transferring children of the group to another group.</quote>;</text></whereas><whereas><text>Whereas, on January 19, 2021, the Department of State determined that the Government of China, under the direction and control of the Chinese Communist Party, <quote>has committed genocide against the predominantly Muslim Uyghurs and other ethnic and religious minority groups in Xinjiang</quote>, and on the same day, Secretary of State Antony Blinken agreed, stating, <quote>forcing men, women and children into concentration camps, trying to in effect re-educate them to be adherents to the Chinese Communist Party—all of that speaks to an effort to commit genocide</quote>;</text></whereas><whereas><text>Whereas, in June 2020, the legislature of China passed a national security law for Hong Kong restricting basic political rights and authorizing severe punishments for anyone inside or outside Hong Kong found guilty of broad vaguely defined crimes, effectively ending the longstanding <quote>one country, two systems</quote> policy;</text></whereas><whereas><text>Whereas, in September 2020, the House Foreign Affairs Committee Minority Staff Report on the origins of the COVID–19 global pandemic found that—</text><paragraph id="H920CE7CDC8744FF4ABB3B862B1EFAD99"><enum>(1)</enum><text>authorities in China harassed, detained, and disappeared individuals who told the truth about the Chinese Communist Party’s handling of the COVID–19 pandemic; </text></paragraph><paragraph id="H8766896CD14642BB881EEF3BF063E7B5"><enum>(2)</enum><text>during the early outbreak of the COVID–19 pandemic, the Government of China failed to meet an international legal requirement to inform the World Health Organization of the COVID–19 outbreak in Wuhan, Hubei Province, China;</text></paragraph><paragraph id="H54388DB4F2174F0D92052456F3232C89"><enum>(3)</enum><text>during the early stages of the COVID–19 pandemic, the Government of China knew of the deadly human-to-human transmission capabilities of the virus and took steps to hide it from the public and global community; and</text></paragraph><paragraph id="H03FC77909D5C446CA22518BD3AA5F5C0"><enum>(4)</enum><text>in February 2020, the Government of China nationalized their medical supply chain to stockpile personal protective equipment and stop foreign exports to other countries battling the COVID–19 pandemic;</text></paragraph></whereas><whereas><text>Whereas, in October 2020, United Kingdom Foreign Secretary Dominic Raab stated, regarding a potential boycott of the 2022 Winter Olympics due to human rights violations against the Uyghurs, that <quote>my instinct is to separate sport from diplomacy and politics, but there comes a point where that may not be possible</quote>;</text></whereas><whereas><text>Whereas, in September 2020, an international coalition of human rights organizations wrote to the International Olympic Committee requesting the committee <quote>reverse its mistake in awarding Beijing the honor of hosting the Winter Olympic Games in 2022</quote>;</text></whereas><whereas><text>Whereas, in November 2020, the Australian Parliament debated a motion calling on the <quote>Australian Government to work with the Australian Olympic Committee to ensure Australia boycotts the 2022 Winter Olympics games in Beijing</quote>;</text></whereas><whereas><text>Whereas, in January 2020, the editorial board of The Washington Post opposed the Government of China hosting the 2022 Winter Olympics and stated, <quote>the world must ask whether China, slowly strangling an entire people, has the moral standing to host the 2022 Winter Olympic Games. We think not.</quote>;</text></whereas><whereas><text>Whereas, in 1980, in H. Con. Res. 249, the House of Representatives voted 386 to 12, and the Senate voted 88 to 4, to urge the United States Olympic Committee to propose the transfer or cancellation of the 1980 Summer Olympics in Moscow; to urge the International Olympic Committee to adopt such a proposal; and, if the International Olympic Committee rejected the proposal, to urge the United States Olympic Committee and those of other countries not to participate in the Games and to conduct alternative games of their own, due to concerns over the Soviet Union’s invasion of Afghanistan; and</text></whereas><whereas><text>Whereas since the 2008 Summer Olympic Games in Beijing, the human rights record and global authoritarian influence of China have severely worsened and do not meet the values of Olympism: Now, therefore, be it</text></whereas></preamble><resolution-body style="traditional" id="H232B815C892F47FEA537B28FD73D5147"><section display-inline="yes-display-inline" section-type="undesignated-section" id="H1B0F146D1725432483427EA050C9E5F7"><enum/><text>That Congress—</text><paragraph id="H9FBA2BFA0AF94E4DB161CEA0D89B125A"><enum>(1)</enum><text>supports the achievements of the athletes, coaches, and personnel of the United States Olympic &amp; Paralympic Committee;</text></paragraph><paragraph id="H556895D3D702466A942CED021CE60838"><enum>(2)</enum><text>affirms the values and goals of Olympism;</text></paragraph><paragraph id="H73C6ED5D58164F59AB4177A77E0421C4"><enum>(3)</enum><text>urges the International Olympic Committee to rebid the 2022 Winter Olympics to a country that recognizes and respects human rights;</text></paragraph><paragraph id="HCC670CC0E5EF4D1EA3357A16FEBBEBC2"><enum>(4)</enum><text>calls on the United States Olympic &amp; Paralympic Committee to support human rights and boycott the 2022 Winter Olympics if held in the People’s Republic of China; and</text></paragraph><paragraph id="H4A6FCDD752E049C8BC971C2C4BE63B06"><enum>(5)</enum><text>calls on the Administration to support international efforts toward a boycott of the 2022 Olympic Winter Games if they are held in China.</text></paragraph></section></resolution-body></resolution> 

