<?xml version="1.0"?>
<?xml-stylesheet type="text/xsl" href="billres.xsl"?>
<!DOCTYPE resolution PUBLIC "-//US Congress//DTDs/res.dtd//EN" "res.dtd">
<resolution resolution-stage="Introduced-in-House" dms-id="H09F5184B31BF4AE98D2C3E5A93E54B5E" public-private="public" resolution-type="house-concurrent" star-print="no-star-print" key="H">
<metadata xmlns:dc="http://purl.org/dc/elements/1.1/">
<dublinCore>
<dc:title>117 HCON 65 IH: Expressing the sense of the Congress that tax-exempt fraternal benefit societies have historically provided and continue to provide critical benefits to the people and communities of the United States.</dc:title>
<dc:publisher>U.S. House of Representatives</dc:publisher>
<dc:date>2021-12-16</dc:date>
<dc:format>text/xml</dc:format>
<dc:language>EN</dc:language>
<dc:rights>Pursuant to Title 17 Section 105 of the United States Code, this file is not subject to copyright protection and is in the public domain.</dc:rights>
</dublinCore>
</metadata>
<form>
<distribution-code display="yes">IV</distribution-code>
<congress display="yes">117th CONGRESS</congress>
<session display="yes">1st Session</session>
<legis-num display="yes">H. CON. RES. 65</legis-num>
<current-chamber>IN THE HOUSE OF REPRESENTATIVES</current-chamber>
<action display="yes">
<action-date date="20211216">December 16, 2021</action-date>
<action-desc><sponsor name-id="K000188">Mr. Kind</sponsor> (for himself, <cosponsor name-id="S001195">Mr. Smith of Missouri</cosponsor>, <cosponsor name-id="M001160">Ms. Moore of Wisconsin</cosponsor>, <cosponsor name-id="L000585">Mr. LaHood</cosponsor>, <cosponsor name-id="S001201">Mr. Suozzi</cosponsor>, <cosponsor name-id="M001202">Mrs. Murphy of Florida</cosponsor>, <cosponsor name-id="E000294">Mr. Emmer</cosponsor>, <cosponsor name-id="H001067">Mr. Hudson</cosponsor>, <cosponsor name-id="H001058">Mr. Huizenga</cosponsor>, <cosponsor name-id="S001213">Mr. Steil</cosponsor>, <cosponsor name-id="W000813">Mrs. Walorski</cosponsor>, <cosponsor name-id="K000386">Mr. Katko</cosponsor>, <cosponsor name-id="H001038">Mr. Higgins of New York</cosponsor>, <cosponsor name-id="S001185">Ms. Sewell</cosponsor>, <cosponsor name-id="F000466">Mr. Fitzpatrick</cosponsor>, <cosponsor name-id="K000380">Mr. Kildee</cosponsor>, <cosponsor name-id="D000617">Ms. DelBene</cosponsor>, <cosponsor name-id="P000593">Mr. Perlmutter</cosponsor>, <cosponsor name-id="K000376">Mr. Kelly of Pennsylvania</cosponsor>, <cosponsor name-id="P000613">Mr. Panetta</cosponsor>, <cosponsor name-id="P000607">Mr. Pocan</cosponsor>, <cosponsor name-id="W000815">Mr. Wenstrup</cosponsor>, <cosponsor name-id="B001281">Mrs. Beatty</cosponsor>, <cosponsor name-id="L000557">Mr. Larson of Connecticut</cosponsor>, <cosponsor name-id="S001212">Mr. Stauber</cosponsor>, <cosponsor name-id="G000583">Mr. Gottheimer</cosponsor>, <cosponsor name-id="E000298">Mr. Estes</cosponsor>, <cosponsor name-id="S001190">Mr. Schneider</cosponsor>, <cosponsor name-id="C001061">Mr. Cleaver</cosponsor>, <cosponsor name-id="W000812">Mrs. Wagner</cosponsor>, <cosponsor name-id="L000569">Mr. Luetkemeyer</cosponsor>, and <cosponsor name-id="H001074">Mr. Hollingsworth</cosponsor>) submitted the following concurrent resolution; which was referred to the <committee-name committee-id="HWM00">Committee on Ways and Means</committee-name></action-desc>
</action>
<legis-type>CONCURRENT RESOLUTION</legis-type>
<official-title display="yes">Expressing the sense of the Congress that tax-exempt fraternal benefit societies have historically provided and continue to provide critical benefits to the people and communities of the United States.</official-title>
</form>
<preamble>
<whereas><text>Whereas fraternal benefit societies of the United States are long-standing mutual aid organizations created more than a century ago to serve the needs of communities and provide for the payment of life, health, accident, and other benefits to their members;</text></whereas> <whereas><text>Whereas fraternal benefit societies represent a successful, modern-day model under which individuals come together with a common purpose to collectively provide charitable and other beneficial activities for society;</text></whereas>
<whereas><text>Whereas fraternal benefit societies operate under a chapter system, creating a nationwide infrastructure, combined with local energy and knowledge, which positions fraternal benefit societies to most efficiently address unmet needs in communities, many of which government cannot address;</text></whereas> <whereas><text>Whereas the fraternal benefit society model represents one of the largest member-volunteer networks in the United States, with approximately 8,000,000 people of the United States belonging to more than 25,000 local chapters across the country;</text></whereas>
<whereas><text>Whereas research has shown that the value of the work of fraternal benefit societies to society is more than $3,800,000,000 per year, accounting for charitable giving, educational programs, and volunteer activities, as well as important social capital that strengthens the fabric, safety, and quality of life in thousands of local communities in the United States;</text></whereas> <whereas><text>Whereas, in 1909, Congress recognized the value of fraternal benefit societies and exempted those organizations from taxation, as later codified in <external-xref legal-doc="usc" parsable-cite="usc/26/501">section 501(c)(8)</external-xref> of the Internal Revenue Code of 1986;</text></whereas>
<whereas><text>Whereas fraternals have adapted since 1909 to better serve the evolving needs of their members and the public;</text></whereas> <whereas><text>Whereas the efforts of fraternal benefit societies to help people of the United States save money and be financially secure relieves pressures on government safety net programs; and</text></whereas>
<whereas><text>Whereas Congress recognizes that fraternal benefit societies have served their original purpose for more than a century, helping countless individuals, families, and communities through their fraternal member activities: Now, therefore, be it</text></whereas></preamble> <resolution-body style="traditional" id="H8BE8399A432447E489FE004056AE4339"> <section display-inline="yes-display-inline" section-type="undesignated-section" id="HBCA111CE9413409FAE5B4EAFCA8F067A"><enum/><text>That it is the sense of Congress that—</text>
<paragraph id="H87B8A2D555714DEAAE3CC8CBFC741C0A"><enum>(1)</enum><text>the fraternal benefit society model is a successful private sector economic and social support system that helps meet needs that would otherwise go unmet;</text></paragraph> <paragraph id="HA7E328796B724B28853C55A7A5A50AA5"><enum>(2)</enum><text>the provision of payment for life, sick, accident, or other benefits to the members of fraternal benefit societies in accordance with <external-xref legal-doc="usc" parsable-cite="usc/26/501">section 501(c)(8)</external-xref> of the Internal Revenue Code of 1986 is necessary to support the charitable and fraternal activities of the volunteer chapters within the communities of fraternal benefit societies;</text></paragraph>
<paragraph id="H30A3C4DCE4C94A5CA591515255798FB6"><enum>(3)</enum><text>fraternal benefit societies have adapted since 1909 to better serve their members and the public; and</text></paragraph> <paragraph id="H10275B0EAAE6403586014CEF575A8B41"><enum>(4)</enum><text>the exemption from taxation under <external-xref legal-doc="usc" parsable-cite="usc/26/501">section 501(c)(8)</external-xref> of the Internal Revenue Code of 1986 of fraternal benefit societies continues to generate significant returns to the United States, and the work of fraternal benefit societies should continue to be promoted.</text></paragraph></section>
</resolution-body>
</resolution> 


