<?xml version="1.0"?>
<?xml-stylesheet type="text/xsl" href="billres.xsl"?>
<!DOCTYPE resolution PUBLIC "-//US Congress//DTDs/res.dtd//EN" "res.dtd">
<resolution resolution-stage="Introduced-in-House" dms-id="HF27286AAD1E34E2E83093F6E3507F758" public-private="public" resolution-type="house-concurrent" star-print="no-star-print" key="H"><metadata xmlns:dc="http://purl.org/dc/elements/1.1/">
<dublinCore>
<dc:title>117 HCON 52 IH: Government Shutdown Prevention Act of 2021</dc:title>
<dc:publisher>U.S. House of Representatives</dc:publisher>
<dc:date>2021-09-22</dc:date>
<dc:format>text/xml</dc:format>
<dc:language>EN</dc:language>
<dc:rights>Pursuant to Title 17 Section 105 of the United States Code, this file is not subject to copyright protection and is in the public domain.</dc:rights>
</dublinCore>
</metadata>
<form>
<distribution-code display="yes">IV</distribution-code><congress display="yes">117th CONGRESS</congress><session display="yes">1st Session</session><legis-num display="yes">H. CON. RES. 52</legis-num><current-chamber>IN THE HOUSE OF REPRESENTATIVES</current-chamber><action display="yes"><action-date date="20210922">September 21, 2021</action-date><action-desc><sponsor name-id="E000294">Mr. Emmer</sponsor> submitted the following concurrent resolution; which was referred to the <committee-name committee-id="HAP00">Committee on Appropriations</committee-name></action-desc></action><legis-type>CONCURRENT RESOLUTION</legis-type><official-title display="yes">To amend title 31, United States Code, to provide for automatic continuing resolutions.</official-title></form><resolution-body style="OLC" id="HD10370B4651C4318A1548A3005C96E0A"><section section-type="section-one" id="H3F235C9CCF2545AF9DA97A82F05997BF"><enum>1.</enum><header>Short title</header><text display-inline="no-display-inline">This Act may be cited as the <quote><short-title>Government Shutdown Prevention Act of 2021</short-title></quote>.</text></section><section id="H8434048D36584B9DB9612B6A90FF0FD3"><enum>2.</enum><header>Automatic continuing appropriations</header><subsection id="HFA0EEB83FECB4F7E984B361B64434DE0"><enum>(a)</enum><header>In General</header><text><external-xref legal-doc="usc-chapter" parsable-cite="usc-chapter/31/13">Chapter 13</external-xref> of title 31, United States Code, is amended by inserting after <external-xref legal-doc="usc" parsable-cite="usc/31/1310">section 1310</external-xref> the following new section:</text><quoted-block style="OLC" display-inline="no-display-inline" id="H1D7F3444071D49FF8E4CDB21B00D5F6D"><section id="H8087C6A9C5FC44DBB2F72E293F9B690C"><enum>1311.</enum><header>Continuing appropriations</header><subsection id="HF5F960AEEBB3499DB399761BE805D41C"><enum>(a)</enum><paragraph commented="no" display-inline="yes-display-inline" id="H6C68DE6C134146B7A8847F2E8DE17D4D"><enum>(1)</enum><text>If any appropriation measure for a fiscal year is not enacted before the beginning of such fiscal year or a joint resolution making continuing appropriations is not in effect, there are appropriated such sums as may be necessary to continue any program, project, or activity for which funds were provided in the preceding fiscal year—</text><subparagraph id="HEEC65F60E43A4904AD98E8349DBB9A3C" indent="up1"><enum>(A)</enum><text>in the corresponding appropriation Act for such preceding fiscal year; or</text></subparagraph><subparagraph id="H7F042EE4EB2543DD97D3D4D0AC0A833E" indent="up1"><enum>(B)</enum><text>if the corresponding appropriation bill for such preceding fiscal year did not become law, then in a joint resolution making continuing appropriations for such preceding fiscal year.</text></subparagraph></paragraph><paragraph id="HA6AE2B87DB104EE5A57DFF44BBCA2211" indent="up1"><enum>(2)</enum><subparagraph commented="no" display-inline="yes-display-inline" id="H5EAADC46818B4E168FE143A3F2C6DBCC"><enum>(A)</enum><text>Appropriations and funds made available, and authority granted, for a program, project, or activity for any fiscal year pursuant to this section shall be at a rate of operations not in excess of the lower of—</text><clause id="H22067167A15342EFBA33800A8327BB65" indent="up1"><enum>(i)</enum><text>99 percent of the rate of operations provided for in the regular appropriation Act providing for such program, project, or activity for the preceding fiscal year;</text></clause><clause id="H86E9F2442CD346DEB37F7918A5BF7EEC" indent="up1"><enum>(ii)</enum><text>in the absence of such an Act, 99 percent of the rate of operations provided for such program, project, or activity pursuant to a joint resolution making continuing appropriations for such preceding fiscal year; or</text></clause><clause id="HA8F8C20251B047BF85B57F88B6C773EE" indent="up1"><enum>(iii)</enum><text>99 percent of the annualized rate of operations provided for in the most recently enacted joint resolution making continuing appropriations for part of that fiscal year or any funding levels established under the provisions of this Act,</text></clause><continuation-text continuation-text-level="subparagraph" indent="subsection">for the period of 90 days. After the first 90-day period during which this subsection is in effect for that fiscal year, the applicable rate of operations shall be reduced by 1 percentage point. For each subsequent 90-day period during which this subsection is in effect for that fiscal year, the applicable rate of operations shall be reduced by 1 percentage point. The 90-day period reductions shall extend beyond the last day of that fiscal year. </continuation-text></subparagraph><subparagraph id="H1B3D0B13FA6A44ACB855BB05E5ECAA20" indent="up1"><enum>(B)</enum><text display-inline="yes-display-inline">If this section is in effect at the end of a fiscal year, funding levels shall continue as provided in this section for the next fiscal year.</text></subparagraph></paragraph><paragraph id="H52B9065496A845259F13AAD495D3D36C" indent="up1"><enum>(3)</enum><text>Appropriations and funds made available, and authority granted, for any fiscal year pursuant to this section for a program, project, or activity shall be available for the period beginning with the first day of a lapse in appropriations and ending with the date on which the applicable regular appropriation bill for such fiscal year becomes law (whether or not such law provides for such program, project, or activity) or a continuing resolution making appropriations becomes law, as the case may be.</text></paragraph></subsection><subsection id="H586567BD9D4742C884765A93800FF17E"><enum>(b)</enum><text>An appropriation or funds made available, or authority granted, for a program, project, or activity for any fiscal year pursuant to this section shall be subject to the terms and conditions imposed with respect to the appropriation made or funds made available for the preceding fiscal year, or authority granted for such program, project, or activity under current law.</text></subsection><subsection id="H4D043A53EB2E4F809D2686A345FFFE35"><enum>(c)</enum><text>Expenditures made for a program, project, or activity for any fiscal year pursuant to this section shall be charged to the applicable appropriation, fund, or authorization whenever a regular appropriation bill or a joint resolution making continuing appropriations until the end of a fiscal year providing for such program, project, or activity for such period becomes law.</text></subsection><subsection id="HAFE18B1FFD0A4313AA5AADA992082A54"><enum>(d)</enum><text>This section shall not apply to a program, project, or activity during a fiscal year if any other provision of law (other than an authorization of appropriations)—</text><paragraph id="HAA13710B74FC4934A0022480767407C3"><enum>(1)</enum><text>makes an appropriation, makes funds available, or grants authority for such program, project, or activity to continue for such period; or</text></paragraph><paragraph id="HC5609F6FE60648E0B5DA93FCDEC14276"><enum>(2)</enum><text>specifically provides that no appropriation shall be made, no funds shall be made available, or no authority shall be granted for such program, project, or activity to continue for such period.</text></paragraph></subsection></section><after-quoted-block>.</after-quoted-block></quoted-block></subsection><subsection id="H050D34CF1B4C4B43AA0ADF4D03A80D8F"><enum>(b)</enum><header>Clerical Amendment</header><text>The table of sections of <external-xref legal-doc="usc-chapter" parsable-cite="usc-chapter/31/13">chapter 13</external-xref> of title 31, United States Code, is amended by inserting after the item relating to <external-xref legal-doc="usc" parsable-cite="usc/31/1310">section 1310</external-xref> the following new item:</text><quoted-block style="OLC" id="H463E45F1A8A9458BBB445DEC2E800F30"><toc><toc-entry idref="H8087C6A9C5FC44DBB2F72E293F9B690C" level="section">1311. Continuing appropriations.</toc-entry></toc><after-quoted-block>.</after-quoted-block></quoted-block></subsection></section></resolution-body></resolution> 

