<?xml version="1.0"?>
<?xml-stylesheet type="text/xsl" href="billres.xsl"?>
<!DOCTYPE resolution PUBLIC "-//US Congress//DTDs/res.dtd//EN" "res.dtd">
<resolution resolution-stage="Introduced-in-House" dms-id="HA1A65CCA43F34BF6BE3A0124B318FF93" public-private="public" resolution-type="house-concurrent" star-print="no-star-print" key="H"><metadata xmlns:dc="http://purl.org/dc/elements/1.1/">
<dublinCore>
<dc:title>117 HCON 49 IH: Censuring and condemning President Joseph R. Biden.</dc:title>
<dc:publisher>U.S. House of Representatives</dc:publisher>
<dc:date>2021-08-27</dc:date>
<dc:format>text/xml</dc:format>
<dc:language>EN</dc:language>
<dc:rights>Pursuant to Title 17 Section 105 of the United States Code, this file is not subject to copyright protection and is in the public domain.</dc:rights>
</dublinCore>
</metadata>
<form>
<distribution-code display="yes">IV</distribution-code><congress display="yes">117th CONGRESS</congress><session display="yes">1st Session</session><legis-num display="yes">H. CON. RES. 49</legis-num><current-chamber>IN THE HOUSE OF REPRESENTATIVES</current-chamber><action display="yes"><action-date date="20210827">August 27, 2021</action-date><action-desc><sponsor name-id="V000133">Mr. Van Drew</sponsor> (for himself, <cosponsor name-id="B001299">Mr. Banks</cosponsor>, <cosponsor name-id="P000599">Mr. Posey</cosponsor>, <cosponsor name-id="G000593">Mr. Gimenez</cosponsor>, <cosponsor name-id="R000597">Mr. Rice of South Carolina</cosponsor>, <cosponsor name-id="C001120">Mr. Crenshaw</cosponsor>, <cosponsor name-id="M001215">Mrs. Miller-Meeks</cosponsor>, <cosponsor name-id="R000603">Mr. Rouzer</cosponsor>, <cosponsor name-id="S000522">Mr. Smith of New Jersey</cosponsor>, <cosponsor name-id="M001136">Mrs. McClain</cosponsor>, <cosponsor name-id="C001087">Mr. Crawford</cosponsor>, <cosponsor name-id="M000871">Mr. Mann</cosponsor>, and <cosponsor name-id="M001212">Mr. Moore of Alabama</cosponsor>) submitted the following concurrent resolution; which was referred to the <committee-name committee-id="HJU00">Committee on the Judiciary</committee-name></action-desc></action><legis-type>CONCURRENT RESOLUTION</legis-type><official-title display="yes">Censuring and condemning President Joseph R. Biden.</official-title></form><preamble><whereas><text>Whereas it is the responsibility of the President, in his capacity as Commander in Chief, to ensure the national security of the United States of America and its citizens, at home and abroad;</text></whereas><whereas><text>Whereas the Taliban, a fundamentalist Islamic group, controlled Afghanistan from 1996 to 2001, over which period it established Sharia law and provided safe harbor to members of the al-Qaida terrorist organization, who used Afghanistan as a base of operations to plan the September 11, 2001, attack on the United States, which resulted in the death of over 3,000 Americans;</text></whereas><whereas><text>Whereas the Biden administration had sufficient warning that the withdrawal of United States forces from Afghanistan could precipitate Taliban control of Afghanistan, according to—</text><paragraph id="HF5D40CEB0944476DA59D35022C11F59D"><enum>(1)</enum><text>a State Department document signed on July 13, 2021, by 23 staff members of the United States embassy in Afghanistan, warning the Biden administration of the potential collapse of the Afghan capital of Kabul soon after the President’s withdrawal deadline; and</text></paragraph><paragraph id="HF3CB7D9FB5AC4034810CEF58BBCCE8D7"><enum>(2)</enum><text>comments from the Chairman of the House Permanent Select Committee on Intelligence made on August 23, 2021, following a classified briefing, stating that <quote>there were any number of warnings that the Taliban might take over, and some that included a potential of a very rapid takeover.</quote>;</text></paragraph></whereas><whereas><text>Whereas despite sufficient warning, the Biden administration proceeded with a haphazard military withdrawal that directly resulted in the Taliban regaining full control of Afghanistan in only 9 days, beginning with the initial seizure of the province of Nimroz on August 6, 2021, and concluding with the capture of the Afghan capital of Kabul on August 15, 2021;</text></whereas><whereas><text>Whereas through the course and nature of the withdrawal of United States military forces from Afghanistan, and the resulting rapid takeover of Afghanistan by the Taliban, the Biden administration has compromised the physical security of tens of thousands of United States military personnel, United States Government operatives, United States civilians, Afghan allies, other international allies, and billions of dollars of advanced United States military equipment;</text></whereas><whereas><text>Whereas, on August 26, 2021, the terrorist organization ISIS–K executed a series of suicide bombing attacks against United States military forces conducting emergency evacuation operations at the Kabul airport, which attacks resulted in the deaths of 13 United States service members, the injury of an additional 18 United States service members, and the deaths of 60 Afghans, including children; </text></whereas><whereas><text>Whereas these events have substantively diminished the national security of the United States of America and its citizens, both at home and abroad;</text></whereas><whereas><text>Whereas these events have likewise substantively diminished the international reputation of the United States, which further limits the United States ability to ensure its national security; and</text></whereas><whereas><text>Whereas the aforementioned executive military decisions and resulting consequences constitute a failure to meet acceptable standards of behavior relating to the national security responsibilities of the Commander in Chief, and it is the responsibility of the Congress to reprimand such failure through censure: Now, therefore, be it</text></whereas></preamble><resolution-body style="OLC" id="HD3F2B38A345D4B7AA7B0C19A3F0EC2F8"><section id="HA64F1042F1C543D0A3AF9DF3741F8550" display-inline="yes-display-inline" section-type="undesignated-section"><text display-inline="yes-display-inline">That Congress does hereby condemn and censure President Joseph R. Biden for the decision to execute a haphazard military withdrawal from Afghanistan, despite sufficient warning as to the probable and deleterious consequences that this decision would have on the national security of the United States and its citizens, which decision constitutes a failure to meet acceptable standards of behavior relating to the national security responsibilities of the Commander in Chief.</text></section></resolution-body></resolution> 

