<?xml version="1.0"?>
<?xml-stylesheet type="text/xsl" href="billres.xsl"?>
<!DOCTYPE resolution PUBLIC "-//US Congress//DTDs/res.dtd//EN" "res.dtd">
<resolution resolution-stage="Introduced-in-House" dms-id="H984B281F2CBE4C10B494730C3B44955B" public-private="public" resolution-type="house-concurrent" star-print="no-star-print" key="H"><metadata xmlns:dc="http://purl.org/dc/elements/1.1/">
<dublinCore>
<dc:title>117 HCON 32 IH: Commemorating the 30th anniversary of Operation Provide Comfort.</dc:title>
<dc:publisher>U.S. House of Representatives</dc:publisher>
<dc:date>2021-04-30</dc:date>
<dc:format>text/xml</dc:format>
<dc:language>EN</dc:language>
<dc:rights>Pursuant to Title 17 Section 105 of the United States Code, this file is not subject to copyright protection and is in the public domain.</dc:rights>
</dublinCore>
</metadata>
<form>
<distribution-code display="yes">IV</distribution-code><congress display="yes">117th CONGRESS</congress><session display="yes">1st Session</session><legis-num display="yes">H. CON. RES. 32</legis-num><current-chamber>IN THE HOUSE OF REPRESENTATIVES</current-chamber><action display="yes"><action-date date="20210430">April 30, 2021</action-date><action-desc><sponsor name-id="W000823">Mr. Waltz</sponsor> (for himself, <cosponsor name-id="C000754">Mr. Cooper</cosponsor>, <cosponsor name-id="S001192">Mr. Stewart</cosponsor>, <cosponsor name-id="C001121">Mr. Crow</cosponsor>, <cosponsor name-id="T000468">Ms. Titus</cosponsor>, <cosponsor name-id="K000394">Mr. Kim of New Jersey</cosponsor>, and <cosponsor name-id="B001298">Mr. Bacon</cosponsor>) submitted the following concurrent resolution; which was referred to the <committee-name committee-id="HFA00">Committee on Foreign Affairs</committee-name></action-desc></action><legis-type>CONCURRENT RESOLUTION</legis-type><official-title display="yes">Commemorating the 30th anniversary of Operation Provide Comfort.</official-title></form><preamble><whereas><text>Whereas after the uprising against Saddam Hussein in March 1991, Hussein turned tanks and helicopter gunships on the defenseless citizens of Kurdistan;</text></whereas><whereas><text>Whereas overwhelmed by the Hussein regime’s superior firepower, and having already experienced the genocidal death of some 200,000 Kurds, along with the wanton destruction of 4,500 Kurdish villages and deadly chemical bombardment, hundreds of thousands of Kurdish men, women, and children fled to Iraq’s northern and eastern borders, fearing that the regime would use poison gas against them, as during the Anfal campaign and in Halabja only 3 years before;</text></whereas><whereas><text>Whereas in the early days of this refugee crisis, the daily death toll of fleeing Kurds at one point exceeded 1,000, with victims having no time to gather any possessions or winter protective gear and thus succumbing to exposure, malnutrition, and disease;</text></whereas><whereas><text>Whereas the United States, in response to the unfolding human catastrophe, led what became the largest humanitarian operation of its kind ever, <quote>Operation Provide Comfort</quote>, delivering humanitarian relief and enforcing a no-fly zone;</text></whereas><whereas><text>Whereas Operation Provide Comfort saved the lives of countless thousands of Kurds from near certain death on Kurdistan’s freezing and rugged border mountains;</text></whereas><whereas><text>Whereas Kurds, to this day, credit American-led Operation Provide Comfort, particularly the no-fly zone that protected the Kurdish people until 2003, for the stable, peaceful, and welcoming environment Kurdistan is today;</text></whereas><whereas><text>Whereas the Kurdistan Region of Iraq serves, as one of the world’s largest safe havens for those fleeing conflict and religious and political persecution; and</text></whereas><whereas><text>Whereas the Kurdistan Regional Government and the Kurdish Peshmerga remain among the most dependable and steadfast partners of the United States in the fight against extremism and terrorism: Now, therefore, be it</text></whereas></preamble><resolution-body style="traditional" id="H49C6EFF43F5B406D956EE5174E2E023E"><section id="HFBBB6FE48E6D4B15A1AA2F365E3529CE" section-type="undesignated-section" display-inline="yes-display-inline"><enum/><text display-inline="yes-display-inline">That Congress hereby—</text><paragraph id="HF733B3BEACBE4AEB9A05FE50B3C2B0BF"><enum>(1)</enum><text>commemorates the 30th anniversary of Operation Provide Comfort;</text></paragraph><paragraph id="H4D6B6E676BE5400DB5950299C249CCDF"><enum>(2)</enum><text>recognizes and honors the heroic American soldiers, diplomats, political leaders, and coalition partners who implemented Operation Provide Comfort;</text></paragraph><paragraph id="H117D9AD349F042A89300CFC555FD937F"><enum>(3)</enum><text>recognizes and honors the bravery of the nearly 2,000,000 Kurdish women, children, and men who struggled to survive starvation and exposure, and who welcomed the aid that came and embraced the opportunity for a new life; and</text></paragraph><paragraph id="H45C76873F4D94825858D023599004DF2"><enum>(4)</enum><text display-inline="yes-display-inline">reaffirms the strong American-Kurdish partnership and enduring respect and support for our Kurdish friends, who courageously stand shoulder to shoulder with the United States in our shared opposition to extremism and terrorism.</text></paragraph></section></resolution-body></resolution> 

