<?xml version="1.0"?>
<?xml-stylesheet type="text/xsl" href="billres.xsl"?>
<!DOCTYPE resolution PUBLIC "-//US Congress//DTDs/res.dtd//EN" "res.dtd">
<resolution dms-id="HE77D3045B37E4006BB667B550E50C076" public-private="public" resolution-stage="Enrolled-Bill" resolution-type="house-concurrent" star-print="no-star-print" key="H" stage-count="1"> 
<metadata xmlns:dc="http://purl.org/dc/elements/1.1/">
<dublinCore>
<dc:title> HCON 28 ENR: Directing the Architect of the Capitol to transfer the catafalque situated in the Capitol Visitor Center to the rotunda of the Capitol for use in connection with services conducted for United States Capitol Police Officer William F. Evans.</dc:title>
<dc:publisher>U.S. House of Representatives</dc:publisher>
<dc:date>2021-04-12</dc:date>
<dc:format>text/xml</dc:format>
<dc:language>EN</dc:language>
<dc:rights>Pursuant to Title 17 Section 105 of the United States Code, this file is not subject to copyright protection and is in the public domain.</dc:rights>
</dublinCore>
</metadata>
<form>
<distribution-code display="no">IV</distribution-code> 
<congress display="yes">One Hundred Seventeenth Congress of the United States of America</congress> 
<session display="yes">At the First Session</session><enrolled-dateline>Begun and held at the City of Washington on Sunday, the third day of January, two thousand and twenty-one</enrolled-dateline> 
<legis-num>H. CON. RES. 28</legis-num> 
<current-chamber display="no"></current-chamber>
<action>
<action-date date="20210412">April 12, 2021</action-date>
<action-desc>Agreed to</action-desc>
</action> 
<legis-type>CONCURRENT RESOLUTION</legis-type> 
<official-title display="no">Directing the Architect of the Capitol to transfer the catafalque situated in the Capitol Visitor Center to the rotunda of the Capitol for use in connection with services conducted for United States Capitol Police Officer William F. Evans.</official-title> 
</form> 
<resolution-body style="traditional" id="H9A44CDF2056A41A5B9E33C7F9B01811A"> 
<section display-inline="yes-display-inline" section-type="undesignated-section" id="HDE629D82702E4D8EA37F53DBCA4D2F56"><text display-inline="yes-display-inline">That the Architect of the Capitol is authorized and directed to transfer the catafalque which is situated in the Capitol Visitor Center to the rotunda of the Capitol so that such catafalque may be used in connection with services to be conducted there for United States Capitol Police Officer William F. Evans. </text></section> </resolution-body> <attestation><attestation-group><role>Clerk of the House of Representatives.</role></attestation-group><attestation-group><role>Secretary of the Senate.</role></attestation-group></attestation> </resolution> 

