<?xml version="1.0"?>
<?xml-stylesheet type="text/xsl" href="billres.xsl"?>
<!DOCTYPE resolution PUBLIC "-//US Congress//DTDs/res.dtd//EN" "res.dtd">
<resolution resolution-stage="Introduced-in-House" dms-id="H4A9AF4522F264B958B21415693FC648B" public-private="public" resolution-type="house-concurrent" star-print="no-star-print" key="H"><metadata xmlns:dc="http://purl.org/dc/elements/1.1/">
<dublinCore>
<dc:title>117 HCON 9 IH: Honoring the life and legacy of United States Capitol Police Officer Brian D. Sicknick.</dc:title>
<dc:publisher>U.S. House of Representatives</dc:publisher>
<dc:date>2021-01-28</dc:date>
<dc:format>text/xml</dc:format>
<dc:language>EN</dc:language>
<dc:rights>Pursuant to Title 17 Section 105 of the United States Code, this file is not subject to copyright protection and is in the public domain.</dc:rights>
</dublinCore>
</metadata>
<form>
<distribution-code display="yes">IV</distribution-code><congress display="yes">117th CONGRESS</congress><session display="yes">1st Session</session><legis-num display="yes">H. CON. RES. 9</legis-num><current-chamber>IN THE HOUSE OF REPRESENTATIVES</current-chamber><action display="yes"><action-date date="20210128">January 28, 2021</action-date><action-desc><sponsor name-id="B001292">Mr. Beyer</sponsor> (for himself, <cosponsor name-id="W000822">Mrs. Watson Coleman</cosponsor>, <cosponsor name-id="P000616">Mr. Phillips</cosponsor>, <cosponsor name-id="M001202">Mrs. Murphy of Florida</cosponsor>, <cosponsor name-id="P000604">Mr. Payne</cosponsor>, <cosponsor name-id="S001193">Mr. Swalwell</cosponsor>, <cosponsor name-id="W000797">Ms. Wasserman Schultz</cosponsor>, <cosponsor name-id="B001286">Mrs. Bustos</cosponsor>, <cosponsor name-id="R000576">Mr. Ruppersberger</cosponsor>, <cosponsor name-id="L000579">Mr. Lowenthal</cosponsor>, <cosponsor name-id="N000179">Mrs. Napolitano</cosponsor>, <cosponsor name-id="D000191">Mr. DeFazio</cosponsor>, <cosponsor name-id="S001185">Ms. Sewell</cosponsor>, <cosponsor name-id="H001066">Mr. Horsford</cosponsor>, <cosponsor name-id="N000147">Ms. Norton</cosponsor>, <cosponsor name-id="S001168">Mr. Sarbanes</cosponsor>, <cosponsor name-id="M001166">Mr. McNerney</cosponsor>, <cosponsor name-id="M001137">Mr. Meeks</cosponsor>, <cosponsor name-id="G000574">Mr. Gallego</cosponsor>, <cosponsor name-id="V000132">Mr. Vela</cosponsor>, <cosponsor name-id="M001160">Ms. Moore of Wisconsin</cosponsor>, <cosponsor name-id="T000460">Mr. Thompson of California</cosponsor>, <cosponsor name-id="S001201">Mr. Suozzi</cosponsor>, <cosponsor name-id="H000324">Mr. Hastings</cosponsor>, <cosponsor name-id="G000585">Mr. Gomez</cosponsor>, <cosponsor name-id="K000396">Mr. Kahele</cosponsor>, <cosponsor name-id="P000614">Mr. Pappas</cosponsor>, <cosponsor name-id="V000130">Mr. Vargas</cosponsor>, <cosponsor name-id="M001200">Mr. McEachin</cosponsor>, <cosponsor name-id="J000305">Ms. Jacobs of California</cosponsor>, <cosponsor name-id="A000148">Mr. Auchincloss</cosponsor>, <cosponsor name-id="B001300">Ms. Barragán</cosponsor>, <cosponsor name-id="D000617">Ms. DelBene</cosponsor>, <cosponsor name-id="L000590">Mrs. Lee of Nevada</cosponsor>, <cosponsor name-id="Q000023">Mr. Quigley</cosponsor>, <cosponsor name-id="H001047">Mr. Himes</cosponsor>, <cosponsor name-id="P000593">Mr. Perlmutter</cosponsor>, <cosponsor name-id="N000192">Ms. Newman</cosponsor>, <cosponsor name-id="P000523">Mr. Price of North Carolina</cosponsor>, <cosponsor name-id="S001204">Mr. San Nicolas</cosponsor>, <cosponsor name-id="K000380">Mr. Kildee</cosponsor>, <cosponsor name-id="F000468">Mrs. Fletcher</cosponsor>, <cosponsor name-id="H001038">Mr. Higgins of New York</cosponsor>, <cosponsor name-id="T000479">Mr. Taylor</cosponsor>, <cosponsor name-id="P000034">Mr. Pallone</cosponsor>, <cosponsor name-id="R000305">Ms. Ross</cosponsor>, <cosponsor name-id="S001157">Mr. David Scott of Georgia</cosponsor>, <cosponsor name-id="L000562">Mr. Lynch</cosponsor>, <cosponsor name-id="P000613">Mr. Panetta</cosponsor>, <cosponsor name-id="S001215">Ms. Stevens</cosponsor>, <cosponsor name-id="S001145">Ms. Schakowsky</cosponsor>, <cosponsor name-id="M000312">Mr. McGovern</cosponsor>, <cosponsor name-id="C001078">Mr. Connolly</cosponsor>, <cosponsor name-id="W000808">Ms. Wilson of Florida</cosponsor>, <cosponsor name-id="M001185">Mr. Sean Patrick Maloney of New York</cosponsor>, <cosponsor name-id="K000188">Mr. Kind</cosponsor>, <cosponsor name-id="M001208">Mrs. McBath</cosponsor>, <cosponsor name-id="T000483">Mr. Trone</cosponsor>, <cosponsor name-id="B001281">Mrs. Beatty</cosponsor>, <cosponsor name-id="L000586">Mr. Lawson of Florida</cosponsor>, <cosponsor name-id="H001081">Mrs. Hayes</cosponsor>, <cosponsor name-id="K000394">Mr. Kim of New Jersey</cosponsor>, <cosponsor name-id="A000370">Ms. Adams</cosponsor>, <cosponsor name-id="F000466">Mr. Fitzpatrick</cosponsor>, <cosponsor name-id="C001059">Mr. Costa</cosponsor>, <cosponsor name-id="S001156">Ms. Sánchez</cosponsor>, and <cosponsor name-id="S001209">Ms. Spanberger</cosponsor>) submitted the following concurrent resolution; which was referred to the <committee-name committee-id="HHA00">Committee on House Administration</committee-name></action-desc></action><legis-type>CONCURRENT RESOLUTION</legis-type><official-title display="yes">Honoring the life and legacy of United States Capitol Police Officer Brian D. Sicknick.</official-title></form><preamble><whereas><text>Whereas the United States Capitol is the most recognizable symbol of liberty and democracy throughout the world and those who guard the Capitol guard our freedom;</text></whereas><whereas><text>Whereas Brian D. Sicknick sacrificed his life to protect the lives of hundreds of staff and Members of Congress;</text></whereas><whereas><text>Whereas Brian D. Sicknick was the youngest of three sons;</text></whereas><whereas><text>Whereas Brian D. Sicknick graduated from high school in 1997 and joined the New Jersey Air National Guard the same year;</text></whereas><whereas><text>Whereas Brian D. Sicknick was deployed overseas to Saudi Arabia in Operation Southern Watch in 1999 and to Kyrgyzstan in support of the war in Afghanistan;</text></whereas><whereas><text>Whereas Brian D. Sicknick was honorably discharged in 2003;</text></whereas><whereas><text>Whereas Brian D. Sicknick joined the United States Capitol Police in 2008;</text></whereas><whereas><text>Whereas Brian D. Sicknick most recently served in the United States Capitol Police’s First Responder’s Unit;</text></whereas><whereas><text>Whereas Brian D. Sicknick responded to the riots on Wednesday, January 6, 2021;</text></whereas><whereas><text>Whereas Brian D. Sicknick was injured while physically engaging with rioters and ultimately succumbed to his injuries on January 7, 2021; and</text></whereas><whereas><text>Whereas Brian D. Sicknick was the fourth United States Capitol Police officer in history to be killed in the line of duty: Now, therefore, be it</text></whereas></preamble><resolution-body style="traditional" id="H4FF04B38CB3E482EA56CF9B9E08C0A6B"><section display-inline="yes-display-inline" section-type="undesignated-section" id="H1F01C393EC534E0BA4D7261C7B5FB351"><enum/><text>That Congress—</text><paragraph id="H3EB934D8A26646B6AB75EA0845B6B0E6"><enum>(1)</enum><text display-inline="yes-display-inline">honors the legacy of Brian D. Sicknick for his life-long commitment to service and for his selfless acts of heroism displayed on January 6, 2021, in sacrificing his life so that others might live; and</text></paragraph><paragraph id="H5C988A6BAC144F368DA60D85150534D9"><enum>(2)</enum><text display-inline="yes-display-inline">extends its deepest condolences and sympathy to the family of Brian D. Sicknick.</text></paragraph></section></resolution-body></resolution> 

