<?xml version="1.0"?>
<?xml-stylesheet type="text/xsl" href="billres.xsl"?>
<!DOCTYPE resolution PUBLIC "-//US Congress//DTDs/res.dtd//EN" "res.dtd">
<resolution resolution-stage="Introduced-in-House" dms-id="H690BF272BCA6474B8B9839F9183966D1" public-private="public" resolution-type="house-concurrent" star-print="no-star-print" key="H"><metadata xmlns:dc="http://purl.org/dc/elements/1.1/">
<dublinCore>
<dc:title>117 HCON 47 IH: Supporting the designation of August 18, 2021, as “Congressional Startup Day”.</dc:title>
<dc:publisher>U.S. House of Representatives</dc:publisher>
<dc:date>2021-08-17</dc:date>
<dc:format>text/xml</dc:format>
<dc:language>EN</dc:language>
<dc:rights>Pursuant to Title 17 Section 105 of the United States Code, this file is not subject to copyright protection and is in the public domain.</dc:rights>
</dublinCore>
</metadata>
<form>
<distribution-code display="yes">IV</distribution-code><congress display="yes">117th CONGRESS</congress><session display="yes">1st Session</session><legis-num display="yes">H. CON. RES. 47</legis-num><current-chamber>IN THE HOUSE OF REPRESENTATIVES</current-chamber><action display="yes"><action-date date="20210817">August 17, 2021</action-date><action-desc><sponsor name-id="P000616">Mr. Phillips</sponsor> (for himself and <cosponsor name-id="K000397">Mrs. Kim of California</cosponsor>) submitted the following concurrent resolution; which was referred to the <committee-name committee-id="HIF00">Committee on Energy and Commerce</committee-name></action-desc></action><legis-type>CONCURRENT RESOLUTION</legis-type><official-title display="yes">Supporting the designation of August 18, 2021, as <quote>Congressional Startup Day</quote>.</official-title></form><preamble><whereas><text>Whereas the term <quote>startup</quote> generally refers to an innovative, technology-enabled, and growth-oriented company founded by one or more entrepreneurs to develop a unique product or service and bring it to market;</text></whereas><whereas><text>Whereas startups, particularly early stage companies, contribute to a sizable portion of the American workforce and are the driving force behind most new job creation in the United States;</text></whereas><whereas><text>Whereas, from 2010 to 2018, startups accounted for approximately 30 percent of employment gains in the United States each year;</text></whereas><whereas><text>Whereas startups that are less than a year old created approximately three million jobs in 2019;</text></whereas><whereas><text>Whereas startups and small businesses employ 60 million people across the United States, nearly half of the American workforce;</text></whereas><whereas><text>Whereas startups are driving economic growth and job creation all over the United States, as almost half of all new startups are established outside of the 35 largest metropolitan areas in the country;</text></whereas><whereas><text>Whereas startups across the country have been an integral part of the national response to the COVID–19 pandemic, but are in desperate need of support from Congress in order to further protect their entrepreneurs and their employees;</text></whereas><whereas><text>Whereas startup companies have faced major layoffs in the wake of the pandemic;</text></whereas><whereas><text>Whereas startups and small businesses have had their access to capital from investors significantly reduced due to the pandemic;</text></whereas><whereas><text>Whereas the designation of August 18, 2021, as <quote>Congressional Startup Day</quote> recognizes the commitment of this Congress to promoting diversity and inclusiveness within the entrepreneurial community, including startups founded by women and entrepreneurs of color;</text></whereas><whereas><text>Whereas entrepreneurs from underrepresented communities are less likely to receive bank loans and other forms of investment and deserve equal opportunity and support; and</text></whereas><whereas><text>Whereas at the time of launching their venture, only 25 percent of Black and Latino entrepreneurs have another business owner in their network, and growing their ventures is often contingent upon support from the entrepreneurial community as well as our country: Now, therefore, be it</text></whereas></preamble><resolution-body style="OLC" id="H534609D4FC2748368FA8DBDAC9EC01C2"><section id="HBC351F13305149328E9709905F747C83" display-inline="yes-display-inline" section-type="undesignated-section"><text>That Congress—</text><paragraph id="HE755DE7F2D804C1490E56454D23B4DEF"><enum>(1)</enum><text>recognizes the importance of startups to the American economy;</text></paragraph><paragraph id="H52E7FDA503E7445FB22720A60C1CD756"><enum>(2)</enum><text>supports the goal of assisting startups in weathering the economic downturn caused by the COVID–19 pandemic; and</text></paragraph><paragraph id="H4053C83CB120479C95DDB064DFA3634C"><enum>(3)</enum><text>commits to promoting equal economic opportunity for underrepresented entrepreneurs of all backgrounds, including entrepreneurs who are Black, Latino, Native American, Asian American and Pacific Islanders, and women.</text></paragraph></section></resolution-body></resolution> 

