<?xml version="1.0"?>
<?xml-stylesheet type="text/xsl" href="billres.xsl"?>
<!DOCTYPE resolution PUBLIC "-//US Congress//DTDs/res.dtd//EN" "res.dtd">
<resolution resolution-stage="Introduced-in-House" dms-id="HE7FB5FC045C8459084931F438CE67E9E" public-private="public" resolution-type="house-concurrent" star-print="no-star-print" key="H"><metadata xmlns:dc="http://purl.org/dc/elements/1.1/">
<dublinCore>
<dc:title>117 HCON 63 IH: Permitting the remains of the late Honorable Robert Joseph Dole, formerly a Senator and a Representative from the State of Kansas, to lie in honor in the rotunda of the Capitol, and for other purposes.</dc:title>
<dc:publisher>U.S. House of Representatives</dc:publisher>
<dc:date>2021-12-07</dc:date>
<dc:format>text/xml</dc:format>
<dc:language>EN</dc:language>
<dc:rights>Pursuant to Title 17 Section 105 of the United States Code, this file is not subject to copyright protection and is in the public domain.</dc:rights>
</dublinCore>
</metadata>
<form>
<distribution-code display="yes">IV</distribution-code><congress display="yes">117th CONGRESS</congress><session display="yes">1st Session</session><legis-num display="yes">H. CON. RES. 63</legis-num><current-chamber>IN THE HOUSE OF REPRESENTATIVES</current-chamber><action display="yes"><action-date date="20211207">December 7, 2021</action-date><action-desc><sponsor name-id="E000298">Mr. Estes</sponsor> (for himself, <cosponsor name-id="M000871">Mr. Mann</cosponsor>, and <cosponsor name-id="L000266">Mr. LaTurner</cosponsor>) submitted the following concurrent resolution; which was referred to the <committee-name committee-id="HHA00">Committee on House Administration</committee-name></action-desc></action><legis-type>CONCURRENT RESOLUTION</legis-type><official-title display="yes">Permitting the remains of the late Honorable Robert Joseph Dole, formerly a Senator and a Representative from the State of Kansas, to lie in honor in the rotunda of the Capitol, and for other purposes.</official-title></form><resolution-body style="OLC" id="H6AA3936170B843598FBD4C85E0356AD2"><section display-inline="no-display-inline" section-type="section-one" id="H3573B980F91D44EAAA7966B5A88A7636"><enum>1.</enum><header>Honoring the late Robert Joseph Dole</header><subsection id="H5719F6C49E8D4CE28BD79CFA849D0E1F"><enum>(a)</enum><header>Permitting remains To lie in honor in rotunda of Capitol</header><text display-inline="yes-display-inline">In recognition of the long and distinguished service rendered to the Nation by the Honorable Robert Joseph Dole, formerly a Senator and a Representative from the State of Kansas, his remains shall be permitted to lie in honor in the rotunda of the Capitol on December 9, 2021, and the Architect of the Capitol, under the direction of the President pro tempore of the Senate and the Speaker of the House of Representatives, shall take all necessary steps for the accomplishment of that purpose.</text></subsection><subsection id="H1411457FE4044783924C8ACB909F9C8B"><enum>(b)</enum><header>Use of catafalque</header><text display-inline="yes-display-inline">The Architect of the Capitol is authorized and directed to transfer the catafalque which is situated in the Exhibition Hall of the Capitol Visitor Center to the rotunda of the Capitol so that such catafalque may be used in connection with services to be conducted there for the Honorable Robert Joseph Dole, formerly a Senator and a Representative from the State of Kansas.</text></subsection></section></resolution-body></resolution> 

