<?xml version="1.0"?>
<?xml-stylesheet type="text/xsl" href="billres.xsl"?>
<!DOCTYPE resolution PUBLIC "-//US Congress//DTDs/res.dtd//EN" "res.dtd">
<resolution dms-id="H33BAF3D6520240AC944175E33601FE07" public-private="public" resolution-stage="Received-in-Senate" resolution-type="house-concurrent" star-print="no-star-print" key="G" stage-count="1"><metadata xmlns:dc="http://purl.org/dc/elements/1.1/">
<dublinCore>
<dc:title>117 HCON 10 : Permitting the remains of the late United States Capitol Police Officer Brian D. Sicknick to lie in honor in the rotunda of the Capitol.</dc:title>
<dc:publisher>U.S. House of Representatives</dc:publisher>
<dc:date></dc:date>
<dc:format>text/xml</dc:format>
<dc:language>EN</dc:language>
<dc:rights>Pursuant to Title 17 Section 105 of the United States Code, this file is not subject to copyright protection and is in the public domain.</dc:rights>
</dublinCore>
</metadata>
<form>
<distribution-code display="yes">III</distribution-code><congress display="yes">117th CONGRESS</congress><session display="yes">1st Session</session><legis-num>H. CON. RES. 10</legis-num><current-chamber>IN THE SENATE OF THE UNITED STATES</current-chamber><action><action-date>February 1, 2021</action-date><action-desc>Received</action-desc></action><legis-type>CONCURRENT RESOLUTION</legis-type><official-title display="yes">Permitting the remains of the late United States Capitol Police Officer Brian D. Sicknick to lie in honor in the rotunda of the Capitol.</official-title></form><resolution-body style="traditional" id="H51088C6834D145C58860BC1F23D1FBE5"><section display-inline="yes-display-inline" section-type="undesignated-section" id="H61D6C52F48574D7992430B2BA7744C4F"><enum/><text display-inline="yes-display-inline">That the remains of the late United States Capitol Police Officer Brian D. Sicknick shall be permitted to lie in honor in the rotunda of the Capitol from February 2, 2021, through February 3, 2021, and the Architect of the Capitol, under the direction of the Speaker of the House of Representatives and the President pro tempore of the Senate, shall take all necessary steps for the accomplishment of that purpose.</text></section></resolution-body><attestation><attestation-group><attestation-date date="20210201" chamber="House">Passed the House of Representatives February 1, 2021.</attestation-date><attestor display="yes">Cheryl L. Johnson,</attestor><role>Clerk.</role><proxy display="yes">Robert F. Reeves,</proxy><role>Deputy Clerk</role></attestation-group></attestation></resolution> 

