<?xml version="1.0"?>
<?xml-stylesheet type="text/xsl" href="billres.xsl"?>
<!DOCTYPE resolution PUBLIC "-//US Congress//DTDs/res.dtd//EN" "res.dtd">
<resolution resolution-stage="Introduced-in-House" dms-id="H5943423FCE6F441F9FB4C6D01C47BE2F" public-private="public" resolution-type="house-concurrent" star-print="no-star-print" key="H"><metadata xmlns:dc="http://purl.org/dc/elements/1.1/">
<dublinCore>
<dc:title>117 HCON 50 IH: Expressing the sense of the Congress that the withdrawal of American Forces from the country of Afghanistan does not undermine or diminish the sacrifice, efforts, and accomplishments of our members of the Armed Forces, diplomats, humanitarians, allies, and partners.</dc:title>
<dc:publisher>U.S. House of Representatives</dc:publisher>
<dc:date>2021-09-14</dc:date>
<dc:format>text/xml</dc:format>
<dc:language>EN</dc:language>
<dc:rights>Pursuant to Title 17 Section 105 of the United States Code, this file is not subject to copyright protection and is in the public domain.</dc:rights>
</dublinCore>
</metadata>
<form>
<distribution-code display="yes">IV</distribution-code><congress display="yes">117th CONGRESS</congress><session display="yes">1st Session</session><legis-num display="yes">H. CON. RES. 50</legis-num><current-chamber>IN THE HOUSE OF REPRESENTATIVES</current-chamber><action display="yes"><action-date date="20210914">September 14, 2021</action-date><action-desc><sponsor name-id="H001091">Mrs. Hinson</sponsor> (for herself, <cosponsor name-id="N000189">Mr. Newhouse</cosponsor>, <cosponsor name-id="F000446">Mr. Feenstra</cosponsor>, <cosponsor name-id="G000061">Mr. Garcia of California</cosponsor>, <cosponsor name-id="J000299">Mr. Johnson of Louisiana</cosponsor>, <cosponsor name-id="M001215">Mrs. Miller-Meeks</cosponsor>, <cosponsor name-id="B001298">Mr. Bacon</cosponsor>, <cosponsor name-id="C000059">Mr. Calvert</cosponsor>, <cosponsor name-id="B000740">Mrs. Bice of Oklahoma</cosponsor>, <cosponsor name-id="A000055">Mr. Aderholt</cosponsor>, <cosponsor name-id="C001087">Mr. Crawford</cosponsor>, <cosponsor name-id="M001180">Mr. McKinley</cosponsor>, <cosponsor name-id="S001196">Ms. Stefanik</cosponsor>, and <cosponsor name-id="T000480">Mr. Timmons</cosponsor>) submitted the following concurrent resolution; which was referred to the <committee-name committee-id="HAS00">Committee on Armed Services</committee-name>, and in addition to the Committees on <committee-name committee-id="HFA00">Foreign Affairs</committee-name>, and <committee-name committee-id="HVR00">Veterans' Affairs</committee-name>, for a period to be subsequently determined by the Speaker, in each case for consideration of such provisions as fall within the jurisdiction of the committee concerned</action-desc></action><legis-type>CONCURRENT RESOLUTION</legis-type><official-title display="yes">Expressing the sense of the Congress that the withdrawal of American Forces from the country of Afghanistan does not undermine or diminish the sacrifice, efforts, and accomplishments of our members of the Armed Forces, diplomats, humanitarians, allies, and partners.</official-title></form><preamble><whereas><text>Whereas the United States was viciously attacked by the murderous terrorist group al-Qaida on September 11, 2001;</text></whereas><whereas><text>Whereas al-Qaida was based in the country of Afghanistan, which was governed by the ruthless and oppressive Taliban regime;</text></whereas><whereas><text>Whereas the United States led an international coalition of military forces into Afghanistan to destroy al-Qaida, kill or capture Osama Bin Laden, and depose the Taliban government;</text></whereas><whereas><text>Whereas hundreds of thousands of United States members of the Armed Forces, diplomats, and humanitarians deployed to Afghanistan or supported operations from afar;</text></whereas><whereas><text>Whereas for nearly 2 decades, the United States was spared from further major attacks by international terror organizations; and</text></whereas><whereas><text>Whereas the withdrawal of the presence of the United States in Afghanistan had led to the collapse of the Afghan government, return of the Taliban to Afghan rule, and great heartache for so many: Now, therefore, be it</text></whereas></preamble><resolution-body style="traditional" id="H1D1837C869D7468D94FBC1E459A09FBD"><section id="HB6059427B5D34CFBAC9BF69A8213DE61" section-type="undesignated-section" display-inline="yes-display-inline"><enum/><text display-inline="yes-display-inline">That it is the sense of Congress that—</text><paragraph id="HED5AAE23D688470887BE661083DB50A2"><enum>(1)</enum><text>the men and women who undertook the efforts of the past years in Afghanistan provided heroic service to the country;</text></paragraph><paragraph id="HA940F2FFB2014BCF9569454BCC444BB9"><enum>(2)</enum><text display-inline="yes-display-inline">the peace our country experienced is a direct result of the actions of our brave members of the Armed Forces, diplomats, and humanitarians;</text></paragraph><paragraph id="HE250F57AE6F34BB385557AC204D183BF"><enum>(3)</enum><text>despite the chaotic end to operations in Afghanistan, their service is something to be remembered, lauded, and honored; and</text></paragraph><paragraph id="H4F9B99F058184525BCAE506C26172DD3"><enum>(4)</enum><text>any veterans who feel stress, anger, or disappointment from the end of operations in Afghanistan should seek available resources and the comfort, guidance, and counsel of friends, mentors, and caregivers.</text></paragraph></section></resolution-body></resolution> 

