<?xml version="1.0"?>
<?xml-stylesheet type="text/xsl" href="billres.xsl"?>
<!DOCTYPE resolution PUBLIC "-//US Congress//DTDs/res.dtd//EN" "res.dtd">
<resolution resolution-stage="Introduced-in-House" dms-id="H2FC7285C125C42D2A5ACCEE33B78CB61" public-private="public" resolution-type="house-concurrent" star-print="no-star-print" key="H"><metadata xmlns:dc="http://purl.org/dc/elements/1.1/">
<dublinCore>
<dc:title>117 HCON 51 IH: Marking the four-year anniversary of the devastation of Puerto Rico and the United States Virgin Islands by Hurricane Maria.</dc:title>
<dc:publisher>U.S. House of Representatives</dc:publisher>
<dc:date>2021-09-20</dc:date>
<dc:format>text/xml</dc:format>
<dc:language>EN</dc:language>
<dc:rights>Pursuant to Title 17 Section 105 of the United States Code, this file is not subject to copyright protection and is in the public domain.</dc:rights>
</dublinCore>
</metadata>
<form>
<distribution-code display="yes">IV</distribution-code><congress display="yes">117th CONGRESS</congress><session display="yes">1st Session</session><legis-num display="yes">H. CON. RES. 51</legis-num><current-chamber>IN THE HOUSE OF REPRESENTATIVES</current-chamber><action display="yes"><action-date date="20210920">September 20, 2021</action-date><action-desc><sponsor name-id="V000081">Ms. Velázquez</sponsor> (for herself, <cosponsor name-id="E000297">Mr. Espaillat</cosponsor>, <cosponsor name-id="N000002">Mr. Nadler</cosponsor>, <cosponsor name-id="T000486">Mr. Torres of New York</cosponsor>, <cosponsor name-id="O000172">Ms. Ocasio-Cortez</cosponsor>, <cosponsor name-id="S001200">Mr. Soto</cosponsor>, <cosponsor name-id="S001165">Mr. Sires</cosponsor>, and <cosponsor name-id="G000551">Mr. Grijalva</cosponsor>) submitted the following concurrent resolution; which was referred to the <committee-name committee-id="HII00">Committee on Natural Resources</committee-name></action-desc></action><legis-type>CONCURRENT RESOLUTION</legis-type><official-title display="yes">Marking the four-year anniversary of the devastation of Puerto Rico and the United States Virgin Islands by Hurricane Maria.</official-title></form><preamble><whereas><text>Whereas, on September 20, 2017, Hurricane Maria made landfall in Puerto Rico;</text></whereas><whereas><text>Whereas Puerto Rico and the U.S. Virgin Islands were still recovering from a direct hit by Hurricane Irma when Hurricane Maria made landfall just 14 days later;</text></whereas><whereas><text>Whereas, on September 20, 2021, the people of Puerto Rico and the U.S. Virgin Islands living on the islands as well as those living on the mainland will acknowledge the four-year anniversary of Hurricane Maria;</text></whereas><whereas><text>Whereas Hurricane Maria is the second deadliest storm in recorded United States history after the Great Galveston Hurricane of 1900;</text></whereas><whereas><text>Whereas the people of Puerto Rico living on both the mainland United States and the island have shown an incredible and resilient spirit in rebuilding after their record losses;</text></whereas><whereas><text>Whereas Puerto Rico faced one of the longest blackouts in United States history, where millions of residents were left without power and basic services for nearly a year, triggering physical and mental health, migration, housing, and infrastructure crises;</text></whereas><whereas><text>Whereas four years since Hurricane Maria made landfall in Puerto Rico, the electrical grid on the island remains unreliable leaving millions without a secure source of power as they suffer intermittent brownouts and blackouts;</text></whereas><whereas><text>Whereas thousands of people in Puerto Rico and the U.S. Virgin Islands still have blue tarps over their roofs due to the impacts of Hurricanes Maria and Irma;</text></whereas><whereas><text>Whereas hundreds of thousands of Puerto Ricans were uprooted and some have relocated to the mainland United States as a result of Hurricane Maria;</text></whereas><whereas><text>Whereas hundreds of Puerto Ricans displaced by Hurricane Maria continue to need housing assistance from the territorial and Federal Government due to unaddressed damage to their homes on the island;</text></whereas><whereas><text>Whereas Puerto Rico’s economic health continues to waiver as the preexisting debt crisis was exacerbated by the impact of Hurricane Maria;</text></whereas><whereas><text>Whereas Hurricane Maria is the third most costly United States tropical cyclone recorded, with damages estimated at $98,100,000,000;</text></whereas><whereas><text>Whereas the Federal Government has allocated almost $72,000,000,000 in disaster relief funding to help the people of Puerto Rico and the United States Virgin Islands rebuild from disasters since Hurricane Maria struck;</text></whereas><whereas><text>Whereas the official death toll from Hurricane Maria now stands at 2,975 victims in Puerto Rico, although some academic estimates place the toll at 4,645;</text></whereas><whereas><text>Whereas many of the underlying vulnerabilities contributing to the massive death toll on the Island, such as an underfunded healthcare system and a shortage of medical physicians and specialists are still present;</text></whereas><whereas><text>Whereas the over 8,000 residents of the island municipality of Vieques, Puerto Rico lost their primary hospital and to this date, do not have an adequate and comprehensive healthcare facility;</text></whereas><whereas><text>Whereas the Federal Emergency and Management Agency (FEMA) Office of the Inspector General found in a September 2020 report FEMA mismanaged the distribution of commodities in response to Hurricanes Irma and Maria in Puerto Rico;</text></whereas><whereas><text>Whereas it is known that FEMA lost visibility of approximately 38 percent of its commodity shipments to Puerto Rico, worth an estimated $257,000,000;</text></whereas><whereas><text>Whereas the Department of Housing and Urban Development (HUD) Office of the Inspector General found in an April 2021 report the Trump administration created bureaucratic hurdles that delayed approximately $20,000,000,000 in hurricane disaster recovery and mitigation funds to Puerto Rico;</text></whereas><whereas><text>Whereas Puerto Rico and the U.S. Virgin Islands continue to battle with climate change, which has intensified tropical cyclones, rising temperatures, coastal erosion, droughts, flash floods, among other climate events;</text></whereas><whereas><text>Whereas Puerto Rico continues to address and respond to other disasters, including the 2020 earthquakes and the COVID–19 pandemic; and</text></whereas><whereas><text>Whereas millions of Puerto Ricans and Virgin Islanders still grapple with the physical, emotional, and economic damages caused by Hurricanes Maria and Irma: Now, therefore, be it</text></whereas></preamble><resolution-body style="traditional" id="H7C186A0894F44775A094F129EF016261"><section display-inline="yes-display-inline" section-type="undesignated-section" id="H33E93261A6A44B0D9908DC0802E40DED"><enum/><text>That Congress—</text><paragraph id="HD8629506A7AD45D5987A90F9827EB63C"><enum>(1)</enum><text>remains steadfast in its commitment to the people of Puerto Rico and the United States Virgin Islands (referred to in this resolving clause as the <quote>U.S. Virgin Islands</quote>) to assist in restoring the islands to their full potential; and</text></paragraph><paragraph id="H73F7E5E2D9A04F9DBD76AF09AB1BF207"><enum>(2)</enum><text>will resolutely assure that it will not abandon the plight of—</text><subparagraph id="H33C51D0D33E54EAEB67AC4239CC5682B"><enum>(A)</enum><text>the millions of citizens of the United States living in Puerto Rico and the U.S. Virgin Islands; and</text></subparagraph><subparagraph id="H55947A7AB32443AD8D4ACE7CC69667C9"><enum>(B)</enum><text>to the citizens of the United States who have relocated from Puerto Rico and the U.S. Virgin Islands to the mainland of the United States in the aftermath of Hurricane Maria.</text></subparagraph></paragraph></section></resolution-body></resolution> 

