<?xml version="1.0"?>
<?xml-stylesheet type="text/xsl" href="billres.xsl"?>
<!DOCTYPE resolution PUBLIC "-//US Congress//DTDs/res.dtd//EN" "res.dtd">
<resolution resolution-stage="Introduced-in-House" dms-id="H7303C0C939A24D74927DF849AF372426" public-private="public" resolution-type="house-concurrent" star-print="no-star-print" key="H"><metadata xmlns:dc="http://purl.org/dc/elements/1.1/">
<dublinCore>
<dc:title>117 HCON 62 IH: Expressing the sense of Congress that public health professionals should be commended for their dedication and service to the United States on Public Health Thank You Day, November 22, 2021.</dc:title>
<dc:publisher>U.S. House of Representatives</dc:publisher>
<dc:date>2021-11-18</dc:date>
<dc:format>text/xml</dc:format>
<dc:language>EN</dc:language>
<dc:rights>Pursuant to Title 17 Section 105 of the United States Code, this file is not subject to copyright protection and is in the public domain.</dc:rights>
</dublinCore>
</metadata>
<form>
<distribution-code display="yes">IV</distribution-code><congress display="yes">117th CONGRESS</congress><session display="yes">1st Session</session><legis-num display="yes">H. CON. RES. 62</legis-num><current-chamber>IN THE HOUSE OF REPRESENTATIVES</current-chamber><action display="yes"><action-date date="20211118">November 18, 2021</action-date><action-desc><sponsor name-id="W000804">Mr. Wittman</sponsor> (for himself, <cosponsor name-id="M000312">Mr. McGovern</cosponsor>, <cosponsor name-id="R000486">Ms. Roybal-Allard</cosponsor>, and <cosponsor name-id="S001148">Mr. Simpson</cosponsor>) submitted the following concurrent resolution; which was referred to the <committee-name committee-id="HIF00">Committee on Energy and Commerce</committee-name></action-desc></action><legis-type>CONCURRENT RESOLUTION</legis-type><official-title display="yes">Expressing the sense of Congress that public health professionals should be commended for their dedication and service to the United States on Public Health Thank You Day, November 22, 2021.</official-title></form><preamble><whereas><text>Whereas the health, security, and well-being of all people in the United States is integral to a functioning democracy and strong economy;</text></whereas><whereas><text>Whereas public health research and practice advances each of these core attributes of a thriving Nation;</text></whereas><whereas><text>Whereas emerging and reemerging infectious and zoonotic diseases are an ongoing threat to the health of people in the United States and globally;</text></whereas><whereas><text>Whereas COVID–19 has affirmed the dedication of public health professionals, including environmental health professionals, epidemiologists, public health nurses, health educators, mental health professionals, microbiologists, and many other critical professionals;</text></whereas><whereas><text>Whereas the dedicated individuals who work to advance the public health play an instrumental role in lessening the burden of disease through research, surveillance and monitoring, education, and prevention by developing strategies, tools, policies, and programs, and in so doing are essential to improving quality of life and extending life expectancy;</text></whereas><whereas><text>Whereas public health professionals have continuously shown their value in reducing and abating health and environmental threats such as influenza, tracing and addressing food-borne illnesses and other disease outbreaks, and promoting wellness by encouraging healthy behaviors;</text></whereas><whereas><text>Whereas almost half a million Americans die each year from smoking, and more than 1,000 cases of acute vaping-related disease have been documented across the country since June 2019;</text></whereas><whereas><text>Whereas poor air quality, poor water quality, inadequate sanitation, social determinants, and behavioral factors exacerbate disease;</text></whereas><whereas><text>Whereas, as of November 1, 2021, COVID–19, a global pandemic, has claimed the lives of more than 745,535 Americans and 5,000,000 individuals across the globe;</text></whereas><whereas><text>Whereas public health professionals continue to tirelessly serve as a first line of defense against COVID–19;</text></whereas><whereas><text>Whereas first responders who put themselves in harm’s way to protect and defend the public health are an imperative resource to the United States and its citizens;</text></whereas><whereas><text>Whereas public health professionals are devoted to preventing other infectious diseases from spreading and to reducing the impact of the spectrum of longstanding and emerging global health threats in order to forestall and minimize the damage of future outbreaks;</text></whereas><whereas><text>Whereas public health professionals play a critical role in combating opioid addiction and opioid-related overdose deaths, which are devastating communities across the Nation, an epidemic concurrent with the COVID–19 pandemic;</text></whereas><whereas><text>Whereas public health professionals are pivotal to combating antimicrobial resistance, which affects 2,800,000 people in the United States and leads to the deaths of at least 35,000 Americans and 700,000 individuals globally each year;</text></whereas><whereas><text>Whereas public health professionals play a central role in reducing racial, ethnic, and geographical disparities in health and health care that erode the Nation’s strength, prosperity, and productivity;</text></whereas><whereas><text>Whereas COVID–19 has intensified health disparities, disproportionately affecting communities of color and creating acute health care challenges in rural areas of the Nation; and</text></whereas><whereas><text>Whereas public health professionals are among the heroic first responders who confront and work to prevent natural disasters and environmental hazards that present a persistent threat to the life, health, and safety of all individuals in the United States: Now, therefore, be it</text></whereas></preamble><resolution-body style="traditional" id="H0E3B7E76788D4866A7D240F45CD33B6F"><section display-inline="yes-display-inline" section-type="undesignated-section" id="HCB0527E7F2914B908ECBF9EE2DCA8A77"><enum/><text display-inline="yes-display-inline">That it is the sense of Congress that public health professionals are to be applauded, extolled, and thanked on Public Health Thank You Day for their widespread and meaningful contributions to the Nation and global community.</text></section></resolution-body></resolution> 

