<?xml version="1.0"?>
<?xml-stylesheet type="text/xsl" href="billres.xsl"?>
<!DOCTYPE resolution PUBLIC "-//US Congress//DTDs/res.dtd//EN" "res.dtd">
<resolution resolution-stage="Introduced-in-House" dms-id="HAB60881A34994AACB353B0A1D6CC8551" public-private="public" resolution-type="house-concurrent" star-print="no-star-print" key="H"><metadata xmlns:dc="http://purl.org/dc/elements/1.1/">
<dublinCore>
<dc:title>117 HCON 4 IH: Supporting the goals and ideals of No Name-Calling Week in bringing attention to name-calling of all kinds and providing schools with the tools and inspiration to launch an ongoing dialogue about ways to eliminate name-calling, bullying, and harassment in their communities.</dc:title>
<dc:publisher>U.S. House of Representatives</dc:publisher>
<dc:date>2021-01-11</dc:date>
<dc:format>text/xml</dc:format>
<dc:language>EN</dc:language>
<dc:rights>Pursuant to Title 17 Section 105 of the United States Code, this file is not subject to copyright protection and is in the public domain.</dc:rights>
</dublinCore>
</metadata>
<form>
<distribution-code display="yes">IV</distribution-code><congress display="yes">117th CONGRESS</congress><session display="yes">1st Session</session><legis-num display="yes">H. CON. RES. 4</legis-num><current-chamber>IN THE HOUSE OF REPRESENTATIVES</current-chamber><action display="yes"><action-date date="20210111">January 11, 2021</action-date><action-desc><sponsor name-id="L000551">Ms. Lee of California</sponsor> (for herself, <cosponsor name-id="N000147">Ms. Norton</cosponsor>, <cosponsor name-id="C001072">Mr. Carson</cosponsor>, <cosponsor name-id="C001066">Ms. Castor of Florida</cosponsor>, <cosponsor name-id="L000579">Mr. Lowenthal</cosponsor>, <cosponsor name-id="H000324">Mr. Hastings</cosponsor>, <cosponsor name-id="V000130">Mr. Vargas</cosponsor>, <cosponsor name-id="C001067">Ms. Clarke of New York</cosponsor>, <cosponsor name-id="C001061">Mr. Cleaver</cosponsor>, <cosponsor name-id="S001156">Ms. Sánchez</cosponsor>, <cosponsor name-id="T000472">Mr. Takano</cosponsor>, <cosponsor name-id="C001119">Ms. Craig</cosponsor>, <cosponsor name-id="P000618">Ms. Porter</cosponsor>, <cosponsor name-id="K000382">Ms. Kuster</cosponsor>, <cosponsor name-id="E000297">Mr. Espaillat</cosponsor>, <cosponsor name-id="D000624">Mrs. Dingell</cosponsor>, <cosponsor name-id="T000483">Mr. Trone</cosponsor>, <cosponsor name-id="H001081">Mrs. Hayes</cosponsor>, <cosponsor name-id="T000469">Mr. Tonko</cosponsor>, and <cosponsor name-id="K000381">Mr. Kilmer</cosponsor>) submitted the following concurrent resolution; which was referred to the <committee-name committee-id="HED00">Committee on Education and Labor</committee-name></action-desc></action><legis-type>CONCURRENT RESOLUTION</legis-type><official-title display="yes">Supporting the goals and ideals of No Name-Calling Week in bringing attention to name-calling of all kinds and providing schools with the tools and inspiration to launch an ongoing dialogue about ways to eliminate name-calling, bullying, and harassment in their communities.</official-title></form><preamble><whereas><text>Whereas over 60 organizations, including the National School Boards Association, the National Association of Elementary School Principals, the National Association of Secondary School Principals, the National Education Association, the National Association of School Psychologists, GLSEN, and the Big Brothers Big Sisters of America, have come together as No Name-Calling Week partner organizations;</text></whereas><whereas><text>Whereas tens of thousands of elementary and middle school students have participated in No Name-Calling Week since its inception in 2004;</text></whereas><whereas><text>Whereas bullying and name-calling disproportionately impact students who hold more than one real or perceived identity-based attribute that makes them vulnerable to such inappropriate behavior in communities across the country;</text></whereas><whereas><text>Whereas GLSEN has conducted and released national studies analyzing the pervasive harassment and victimization faced by elementary students and lesbian, gay, bisexual, and transgender, queer, and questioning (LGBTQ+) secondary students;</text></whereas><whereas><text>Whereas 26 percent of elementary students reported hearing others say hurtful things based on another student’s race or ethnic background;</text></whereas><whereas><text>Whereas 36 percent of elementary students reported being bullied or called names at some point while in school and elementary students who are bullied are four times as likely as other students to say they do not want to go to school because they feel afraid or unsafe;</text></whereas><whereas><text>Whereas 44 percent of LGBTQ+ middle and high school students frequently or often hear negative remarks about transgender people in school and nearly 70 percent of LGBTQ+ middle and high school students were verbally harassed in the past year because of their sexual orientation;</text></whereas><whereas><text>Whereas 45 percent of LGBTQ+ middle and high school students experienced harassment via electronic means in the past year;</text></whereas><whereas><text>Whereas 82 percent of American Indian or Alaska Native LGBTQ+ (or Two Spirit) middle and high school students felt unsafe based on their sexual orientation in the past year;</text></whereas><whereas><text>Whereas 60 percent of Latinx LGBTQ+ middle and high school students experienced bullying based on their gender expression in the past year;</text></whereas><whereas><text>Whereas nearly 60 percent of Black LGBTQ+ middle and high school students experienced bullying based on their sexual orientation in the past year;</text></whereas><whereas><text>Whereas 44 percent of multiracial LGBTQ+ middle and high school students felt unsafe in school based on the way they express their gender; and</text></whereas><whereas><text>Whereas 37 percent of LGBTQ+ students reported being victimized at school based on their actual or perceived disability: Now, therefore, be it</text></whereas></preamble><resolution-body style="traditional" id="HD0F7DC8EDE6D4434B4B3F5755EF70FDC"><section display-inline="yes-display-inline" section-type="undesignated-section" id="H3A38A29953B34DD2A9C0DF08BE113145"><enum/><text>That Congress—</text><paragraph id="H4D8395256D8A41C8AB39E823E15FD8A1"><enum>(1)</enum><text>supports the goals and ideals of No Name-Calling Week;</text></paragraph><paragraph id="HA809948A379040C69AFCB42F392978B3"><enum>(2)</enum><text>encourages the people of the United States to observe No Name-Calling Week with appropriate ceremonies, programs, and activities;</text></paragraph><paragraph id="H41BB794191D34978BC45F55F99A0D1F9"><enum>(3)</enum><text>encourages schools to consider a more comprehensive anti-bullying and harassment policy that contains specific provisions addressing incidents based on sexual orientation or gender identity; and</text></paragraph><paragraph id="H4F907EF2FC4E4BF7B44ECD011BCC88AC"><enum>(4)</enum><text display-inline="yes-display-inline">calls for schools to have more inclusive curricula on lesbian, gay, bisexual, and transgender, queer, and questioning (LGBTQ+) people, history, and events.</text></paragraph></section></resolution-body></resolution> 

