<?xml version="1.0"?>
<?xml-stylesheet type="text/xsl" href="billres.xsl"?>
<!DOCTYPE resolution PUBLIC "-//US Congress//DTDs/res.dtd//EN" "res.dtd">
<resolution resolution-stage="Introduced-in-House" dms-id="H1F6F4E757AC44125B22D1C6F500A95AF" public-private="public" resolution-type="house-concurrent" star-print="no-star-print" key="H"><metadata xmlns:dc="http://purl.org/dc/elements/1.1/">
<dublinCore>
<dc:title>117 HCON 54 IH: Objecting to the slowdown in mail delivery and postage rate increase instituted by Postmaster General Louis DeJoy and seeking to halt both actions pending further investigation.</dc:title>
<dc:publisher>U.S. House of Representatives</dc:publisher>
<dc:date>2021-10-12</dc:date>
<dc:format>text/xml</dc:format>
<dc:language>EN</dc:language>
<dc:rights>Pursuant to Title 17 Section 105 of the United States Code, this file is not subject to copyright protection and is in the public domain.</dc:rights>
</dublinCore>
</metadata>
<form>
<distribution-code display="yes">IV</distribution-code><congress display="yes">117th CONGRESS</congress><session display="yes">1st Session</session><legis-num display="yes">H. CON. RES. 54</legis-num><current-chamber>IN THE HOUSE OF REPRESENTATIVES</current-chamber><action display="yes"><action-date date="20211012">October 12, 2021</action-date><action-desc><sponsor name-id="M000687">Mr. Mfume</sponsor> (for himself, <cosponsor name-id="N000147">Ms. Norton</cosponsor>, <cosponsor name-id="C001084">Mr. Cicilline</cosponsor>, and <cosponsor name-id="K000391">Mr. Krishnamoorthi</cosponsor>) submitted the following concurrent resolution; which was referred to the <committee-name committee-id="HGO00">Committee on Oversight and Reform</committee-name></action-desc></action><legis-type>CONCURRENT RESOLUTION</legis-type><official-title display="yes">Objecting to the slowdown in mail delivery and postage rate increase instituted by Postmaster General Louis DeJoy and seeking to halt both actions pending further investigation.</official-title></form><preamble><whereas><text>Whereas the United States Postal Service deliberately started slowing its mail delivery on Friday, October 1, 2021, and plans to add rate hikes for mail delivery to the slowdown as part of an overt plan by Postmaster General Louis DeJoy;</text></whereas><whereas><text>Whereas the most widespread and significant changes will affect first-class mail delivery, items such as letters, small packages, bills, and tax documents;</text></whereas><whereas><text>Whereas prior to the changes by Postmaster General DeJoy, customers throughout the United States could expect first-class mail to reach its destination in 1 to 3 days; now, that timeframe will extend to between 1 and 5 days, even though the United States Postal Service is required by law to provide <quote>prompt, reliable, and efficient services</quote>;</text></whereas><whereas><text>Whereas Postmaster General DeJoy started his tenure in June 2020, then implemented operational changes at the United States Postal Service soon after by slowing mail delivery, reassigning and displacing 23 postal executives, and deactivating 10 percent of mail sorting machines to create a dayslong mail backlog;</text></whereas><whereas><text>Whereas, on August 24, 2020, the Committee on Oversight and Reform of the House of Representatives held a hearing to hold Postmaster General DeJoy and the United States Postal Service Board of Governors accountable for a deterioration in mail delivery reliability in anticipation of the November 2020 elections;</text></whereas><whereas><text>Whereas the hard work of the on-the-ground employees at the United States Postal Service combined with congressional intervention prevented the vote-by-mail components of the November 2020 elections from failing;</text></whereas><whereas><text>Whereas the Committee on Oversight and Reform of the House of Representatives continued to hold Postmaster General DeJoy accountable after the November 2020 elections, holding another congressional hearing on February 24, 2021, that—</text><paragraph id="H008C7B9A4ED34A5FB0589103C0F67983"><enum>(1)</enum><text>examined legislative proposals to improve mail delivery performance standards; and</text></paragraph><paragraph id="HF424ACBD9A6745219E2290344C3ADF8A"><enum>(2)</enum><text>led to Postmaster General DeJoy’s public apology for slowdowns through the holiday season;</text></paragraph></whereas><whereas><text>Whereas the United States Postal Service is required by law to deliver to any postal address in the United States, no matter what;</text></whereas><whereas><text>Whereas current United States Postal Service slowdowns could most affect the elderly, people with disabilities, and those in rural areas for whom mail delivery is critical to their health care, financial security, and connection to the broader world;</text></whereas><whereas><text>Whereas affordability is a crucial aspect of the United States Postal Service, which is currently being undercut by price hikes on many first-class mail products according to the Postmaster General’s plan;</text></whereas><whereas><text>Whereas the House of Representatives passed mail-in ballot delivery reforms through the For the People Act in March 2021, and multiple other measures have been introduced that could help the United States Postal Service provide more dependable service for the American people, including the United States Postal Service Fairness Act, the Vote By Mail Tracking Act, the Nonpartisan Postmaster General Act, the Postal Service Improvement Act, the bipartisan Postal Service Reform Act, the DEJOY Act, and the Postal Vehicle Modernization Act, as well as funding measures through the Build Back Better Act that could help electrify the United States Postal Service delivery vehicle fleet and modernize other equipment used by frontline employees;</text></whereas><whereas><text>Whereas under Federal statute, the United States Postal Service must receive an advisory opinion from the independent Postal Regulatory Commission, which serves as a regulatory body for the United States Postal Service, when it seeks to implement reforms that would affect service on a nationwide basis;</text></whereas><whereas><text>Whereas the Postal Regulatory Commission has signaled that United States Postal Service slowdowns under the plan might not have the intended effect, as the slowdowns are based on <quote>unproven assumptions</quote>, and that the Postal Service would achieve only <quote>paltry</quote> savings from the Postmaster General’s plan; and</text></whereas><whereas><text>Whereas the Postal Regulatory Commission’s advisory opinion does not carry the force of law, however, and even if the Commission ruled firmly against Postmaster General DeJoy’s plan, the agency could move forward anyway: Now, therefore, be it</text></whereas></preamble><resolution-body style="traditional" id="HB07ADEEB9F3B488FBA6F2DA8AE80D89A"><section display-inline="yes-display-inline" section-type="undesignated-section" id="H910B094A56104F2BAB9E23D8EC195ACE"><enum/><text>That—</text><paragraph id="HA861D080D4DE4BB486F8CB84A367AF37"><enum>(1)</enum><text display-inline="yes-display-inline">Congress objects to the slowdown in mail delivery instituted by Postmaster General Louis DeJoy in his plan; and</text></paragraph><paragraph id="HB38D65F0959E43188436C74F5E134CA4"><enum>(2)</enum><text display-inline="yes-display-inline">the decisions to slow down mail and to increase postage rates should be halted immediately pending further investigation and full substantiation by Postmaster General Louis DeJoy to the Congress.</text></paragraph></section></resolution-body></resolution> 

