<?xml version="1.0"?>
<?xml-stylesheet type="text/xsl" href="billres.xsl"?>
<!DOCTYPE resolution PUBLIC "-//US Congress//DTDs/res.dtd//EN" "res.dtd">
<resolution resolution-stage="Introduced-in-House" dms-id="H0BDDFA44111E49C0BE3D353CDD9997B9" public-private="public" resolution-type="house-concurrent" star-print="no-star-print" key="H"><metadata xmlns:dc="http://purl.org/dc/elements/1.1/">
<dublinCore>
<dc:title>117 HCON 12 IH: Expressing the sense of Congress that a commemorative postage stamp should be issued in honor of the Buffalo Soldiers.</dc:title>
<dc:publisher>U.S. House of Representatives</dc:publisher>
<dc:date>2021-02-01</dc:date>
<dc:format>text/xml</dc:format>
<dc:language>EN</dc:language>
<dc:rights>Pursuant to Title 17 Section 105 of the United States Code, this file is not subject to copyright protection and is in the public domain.</dc:rights>
</dublinCore>
</metadata>
<form>
<distribution-code display="yes">IV</distribution-code><congress display="yes">117th CONGRESS</congress><session display="yes">1st Session</session><legis-num display="yes">H. CON. RES. 12</legis-num><current-chamber>IN THE HOUSE OF REPRESENTATIVES</current-chamber><action display="yes"><action-date date="20210201">February 1, 2021</action-date><action-desc><sponsor name-id="B001281">Mrs. Beatty</sponsor> (for herself, <cosponsor name-id="C001068">Mr. Cohen</cosponsor>, <cosponsor name-id="M001160">Ms. Moore of Wisconsin</cosponsor>, <cosponsor name-id="M001137">Mr. Meeks</cosponsor>, <cosponsor name-id="L000551">Ms. Lee of California</cosponsor>, <cosponsor name-id="C001066">Ms. Castor of Florida</cosponsor>, <cosponsor name-id="J000126">Ms. Johnson of Texas</cosponsor>, <cosponsor name-id="H001066">Mr. Horsford</cosponsor>, <cosponsor name-id="J000306">Mr. Jones</cosponsor>, <cosponsor name-id="E000297">Mr. Espaillat</cosponsor>, <cosponsor name-id="H001038">Mr. Higgins of New York</cosponsor>, <cosponsor name-id="W000808">Ms. Wilson of Florida</cosponsor>, <cosponsor name-id="A000370">Ms. Adams</cosponsor>, <cosponsor name-id="C001072">Mr. Carson</cosponsor>, <cosponsor name-id="B001304">Mr. Brown</cosponsor>, <cosponsor name-id="P000617">Ms. Pressley</cosponsor>, <cosponsor name-id="L000581">Mrs. Lawrence</cosponsor>, <cosponsor name-id="S001200">Mr. Soto</cosponsor>, <cosponsor name-id="S001157">Mr. David Scott of Georgia</cosponsor>, <cosponsor name-id="W000797">Ms. Wasserman Schultz</cosponsor>, <cosponsor name-id="P000604">Mr. Payne</cosponsor>, <cosponsor name-id="E000296">Mr. Evans</cosponsor>, <cosponsor name-id="C001061">Mr. Cleaver</cosponsor>, <cosponsor name-id="V000132">Mr. Vela</cosponsor>, <cosponsor name-id="S001145">Ms. Schakowsky</cosponsor>, <cosponsor name-id="C000754">Mr. Cooper</cosponsor>, <cosponsor name-id="L000557">Mr. Larson of Connecticut</cosponsor>, <cosponsor name-id="B001303">Ms. Blunt Rochester</cosponsor>, <cosponsor name-id="R000486">Ms. Roybal-Allard</cosponsor>, <cosponsor name-id="S001159">Ms. Strickland</cosponsor>, <cosponsor name-id="W000788">Ms. Williams of Georgia</cosponsor>, <cosponsor name-id="L000562">Mr. Lynch</cosponsor>, <cosponsor name-id="T000486">Mr. Torres of New York</cosponsor>, <cosponsor name-id="B000490">Mr. Bishop of Georgia</cosponsor>, <cosponsor name-id="J000032">Ms. Jackson Lee</cosponsor>, <cosponsor name-id="S001185">Ms. Sewell</cosponsor>, <cosponsor name-id="C001067">Ms. Clarke of New York</cosponsor>, <cosponsor name-id="J000288">Mr. Johnson of Georgia</cosponsor>, <cosponsor name-id="L000586">Mr. Lawson of Florida</cosponsor>, <cosponsor name-id="L000591">Mrs. Luria</cosponsor>, <cosponsor name-id="L000579">Mr. Lowenthal</cosponsor>, <cosponsor name-id="R000515">Mr. Rush</cosponsor>, and <cosponsor name-id="M000312">Mr. McGovern</cosponsor>) submitted the following concurrent resolution; which was referred to the <committee-name committee-id="HGO00">Committee on Oversight and Reform</committee-name></action-desc></action><legis-type>CONCURRENT RESOLUTION</legis-type><official-title display="yes">Expressing the sense of Congress that a commemorative postage stamp should be issued in honor of the Buffalo Soldiers.</official-title></form><preamble><whereas><text>Whereas, on July 28, 1866, Congress established six all-Black regiments, later consolidated to four, to help rebuild the country after the Civil War and to patrol the remote western frontier during the Indian wars;</text></whereas><whereas><text>Whereas Colonel Charles Young was a Buffalo Soldier and the highest ranking African-American commanding officer in the United States Army from 1894 until his death in 1922;</text></whereas><whereas><text>Whereas more than 200,000 African Americans served in World War I and more than 1 million served in World War II;</text></whereas><whereas><text>Whereas the Buffalo Soldiers received their name because of the buffalo’s fierce bravery and fighting spirit;</text></whereas><whereas><text>Whereas African-American troops accepted the name, Buffalo Soldiers, with pride and honor;</text></whereas><whereas><text>Whereas the Buffalo Soldiers fought alongside White regiments in many conflicts and were instrumental in the exploration and settlement of western lands;</text></whereas><whereas><text>Whereas, over the 82 years of the Buffalo Soldiers’ existence, 23 men received the Congressional Medal of Honor, the highest recognition awarded by the United States Government for military service;</text></whereas><whereas><text>Whereas the Buffalo Soldiers ceased to exist in 1948 when President Harry Truman signed Executive Order 9981 mandating equal treatment and opportunity for African-American servicemen;</text></whereas><whereas><text>Whereas the Buffalo Soldiers are a significant part of American military history;</text></whereas><whereas><text>Whereas a stamp was issued in honor of the Buffalo Soldiers on April 22, 1994, and this stamp was placed on <quote>off sale</quote> in December 1995; and</text></whereas><whereas><text>Whereas reissuing a postage stamp to honor the Buffalo Soldiers is fitting and proper: Now, therefore, be it</text></whereas></preamble><resolution-body style="OLC" id="H54CD50A6EA714F829599FAEE30E757BE"><section display-inline="yes-display-inline" id="H404DB3E99FBA4D4FB6C9868134CFD542" section-type="undesignated-section"><text>That it is the sense of Congress that—</text><paragraph id="H61AFE11BCE774342BB8B30CD4B59DF93"><enum>(1)</enum><text display-inline="yes-display-inline">a commemorative postage stamp should be issued in honor of the Buffalo Soldiers; and</text></paragraph><paragraph id="HE3BA585840B7427295B46387DDF0BCB2"><enum>(2)</enum><text display-inline="yes-display-inline">the Citizens’ Stamp Advisory Committee should recommend to the Postmaster General that such a stamp be issued.</text></paragraph></section></resolution-body></resolution> 

