<?xml version="1.0"?>
<?xml-stylesheet type="text/xsl" href="billres.xsl"?>
<!DOCTYPE resolution PUBLIC "-//US Congress//DTDs/res.dtd//EN" "res.dtd">
<resolution resolution-stage="Introduced-in-House" dms-id="H90426654A6BA447487DACA538CD0545F" public-private="public" resolution-type="house-concurrent" star-print="no-star-print" key="H"><metadata xmlns:dc="http://purl.org/dc/elements/1.1/">
<dublinCore>
<dc:title>117 HCON 36 IH: Establishing the Joint Select Committee on the Events and Activities Surrounding China’s Handling of the 2019 Novel Coronavirus.</dc:title>
<dc:publisher>U.S. House of Representatives</dc:publisher>
<dc:date>2021-05-28</dc:date>
<dc:format>text/xml</dc:format>
<dc:language>EN</dc:language>
<dc:rights>Pursuant to Title 17 Section 105 of the United States Code, this file is not subject to copyright protection and is in the public domain.</dc:rights>
</dublinCore>
</metadata>
<form>
<distribution-code display="yes">IV</distribution-code><congress display="yes">117th CONGRESS</congress><session display="yes">1st Session</session><legis-num display="yes">H. CON. RES. 36</legis-num><current-chamber>IN THE HOUSE OF REPRESENTATIVES</current-chamber><action display="yes"><action-date date="20210528">May 28, 2021</action-date><action-desc><sponsor name-id="B001282">Mr. Barr</sponsor> submitted the following concurrent resolution; which was referred to the <committee-name committee-id="HRU00">Committee on Rules</committee-name></action-desc></action><legis-type>CONCURRENT RESOLUTION</legis-type><official-title display="yes">Establishing the Joint Select Committee on the Events and Activities Surrounding China’s Handling of the 2019 Novel Coronavirus.</official-title></form><resolution-body style="OLC" id="HBA8FA67CCE934EB8AB61B57F3F565ABA"><section id="HCBFD437ABEA840478863D955B62AF373" section-type="section-one"><enum>1.</enum><header>Establishment</header><text display-inline="no-display-inline">There is hereby established in the Senate and the House of Representatives a joint select committee to be known as the <quote>Joint Select Committee on the Events and Activities Surrounding China’s Handling of the 2019 Novel Coronavirus</quote> (hereafter referred to as the <quote>Joint Select Committee</quote>).</text></section><section id="H4EE52E7D9435493FB84F26807AFA18D1" display-inline="no-display-inline" section-type="subsequent-section"><enum>2.</enum><header>Membership</header><subsection id="H4423BB1BAE824B2D9634E4046C562637"><enum>(a)</enum><header>Selection and appointment</header><paragraph id="HEEF5C9AA4D1043288B5906434FB81E7B"><enum>(1)</enum><header>In general</header><text>The Joint Select Committee shall be composed of 20 Members of the House of Representatives and Senate, of whom—</text><subparagraph id="H976887FE29B74B758114BCF8A3EF1E20"><enum>(A)</enum><text>10 shall be Members of the House of Representatives, of whom 5 shall be appointed by the Speaker of the House of Representatives and 5 shall be appointed by the minority leader of the House of Representatives; and</text></subparagraph><subparagraph id="HE7DC3EC79DA54C68800BD4DC679A4E03"><enum>(B)</enum><text>10 shall be Senators, of whom 5 shall be appointed by the majority leader of the Senate and 5 shall be appointed by the minority leader of the Senate.</text></subparagraph></paragraph><paragraph id="HF2863E1C86EB4055A79926763E855ED0"><enum>(2)</enum><header>Treatment of Delegate and Resident Commissioner</header><text>For purposes of this section, a <quote>Member</quote> of the House of Representatives includes a Delegate or Resident Commissioner to the Congress.</text></paragraph></subsection><subsection id="H8D6C734EAE4E433CAB6BF28671F4A25C"><enum>(b)</enum><header>Co-Chairs</header><text display-inline="yes-display-inline">Two of the members of the Joint Select Committee shall serve as co-chairs of the Joint Select Committee, and shall be appointed as follows:</text><paragraph id="H91EC2F9F627946EE9F8738B5A6E24AAA"><enum>(1)</enum><text>One shall be a Member of the House of Representatives, who shall be appointed as co-chair by the Speaker of the House of Representatives in consultation with the majority leader of the Senate.</text></paragraph><paragraph id="HEDBC6230F2E14B74AC517550451412DD"><enum>(2)</enum><text>One shall be a Senator, who shall be appointed as co-chair by the minority leader of the Senate in consultation with the minority leader of the House of Representatives.</text></paragraph></subsection><subsection id="H4E352A85277C4A01BF9B4BD56EF9C9A1"><enum>(c)</enum><header>Vacancies</header><text display-inline="yes-display-inline">A vacancy in the membership of the Joint Select Committee (including a vacancy resulting because a member ceases to be a Member of the House of Representatives or a Senator) shall not affect its powers, and shall be filled not later than 14 calendar days after the date on which the vacancy occurs in the same manner as the original appointment was made.</text></subsection><subsection id="H88ADE9455E1D4803A3D1F9B4D70E60E3"><enum>(d)</enum><header>Deadlines</header><text display-inline="yes-display-inline">Members of the Joint Select Committee and the co-chairs of the Joint Select Committee shall be appointed not later than 14 calendar days after the date of the adoption of this concurrent resolution.</text></subsection></section><section id="H94F04494C6E94CB7B8A8A8FC7FD8C7C7"><enum>3.</enum><header>Investigation and report on the events surrounding China’s handling of the 2019 novel coronavirus</header><subsection id="H6E033A26836E46E9A27144D87EB6F8F3"><enum>(a)</enum><header>Investigation and report</header><text>The Joint Select Committee is authorized and directed to conduct a full and complete investigation of, and to issue a final report to the House of Representatives and Senate regarding, the following:</text><paragraph id="H93CAD765363347EC9D9FD8BC6D683E4E"><enum>(1)</enum><text display-inline="yes-display-inline">The origins and causes of the 2019 novel coronavirus.</text></paragraph><paragraph id="H62735CBE528A49BDA819D94BB0DE5191"><enum>(2)</enum><text>All policies, decisions, and activities by China regarding the origins and causes of such coronavirus.</text></paragraph><paragraph id="HE423E8DBC83A4D7C81FC98CFC753D22C"><enum>(3)</enum><text>All policies, decisions, and activities by China in response to the initial outbreak and spread of such coronavirus.</text></paragraph><paragraph id="H663A14EBFAEE4E2C97B6B0C1D2F925A5"><enum>(4)</enum><text display-inline="yes-display-inline">All policies, decisions, and activities by China to suppress facts and information regarding the spread, origins, causes, and transmission of such coronavirus, including efforts to silence those making early warnings, punish whistleblowers, and restrict freedom of information about such co­ro­na­virus.</text></paragraph><paragraph id="H69D98B01A12A49BBB9552F2D05D3B849"><enum>(5)</enum><text display-inline="yes-display-inline">All policies, decisions, and activities by China to spread misinformation regarding the origins and causes of such coronavirus, including accusations and misinformation that the coronavirus was brought to the city of Wuhan by the United States military.</text></paragraph><paragraph id="H1211302917C24D4094332A689CFC74FB"><enum>(6)</enum><text display-inline="yes-display-inline">All policies, decisions, and activities by China to sideline, deny, and suppress charitable service organizations, institutions of civil society, secular and faith-based non-governmental organizations, international humanitarian organizations, and foreign governments offering to provide information, expertise, resources, and assistance to China and the Chinese people to combat such coronavirus.</text></paragraph><paragraph id="H98176956C85340159E80C09135A4825B"><enum>(7)</enum><text>Accountability for policies, decisions and activities related to influencing the World Health Organization’s response to the outbreak of such coronavirus, including individuals and entities responsible for those policies, decisions, and activities.</text></paragraph><paragraph id="H14B15D4D5D9A49A68B615EE6F355649A"><enum>(8)</enum><text>All policies, decisions, and activities by China to manufacture, produce, procure, possess, or hoard personal protective equipment and critical pharmaceutical components to manipulate or weaponize the supply chain against the international community, including the United States.</text></paragraph><paragraph id="HF320432E734C4686A6BB2E2DACD417E4"><enum>(9)</enum><text display-inline="yes-display-inline">Vulnerabilities in the United States domestic and global supply chain to combat a global pandemic due to reliance on Chinese manufacturing and recommendations for decreasing dependence on Chinese manufacturing by improving and securing a domestic supply chain for antibiotics, viral drugs, critical pharmaceutical components, masks, and other personal protective equipment.</text></paragraph><paragraph id="H29E5089A9DD2436EB4378A58CBB42D18"><enum>(10)</enum><text>Information related to lessons learned from China’s handling of such coronavirus.</text></paragraph><paragraph id="HEC051D20CAF540EF9777E0958412A1C6"><enum>(11)</enum><text>Any other relevant issues relating to China’s actions that led to further spread of such coronavirus, China’s response to such coronavirus, or the investigation by the Joint Select Committee into China regarding such coronavirus.</text></paragraph><paragraph id="H6B6958CB1B8040648CB1CD21BA139285"><enum>(12)</enum><text display-inline="yes-display-inline">Any recommendations to Congress and the executive branch regarding actions the United States government should take in response to China’s handling of such coronavirus.</text></paragraph></subsection><subsection id="HFBA29AE280F043609FF9761378B2315E"><enum>(b)</enum><header>Transfer of records</header><text display-inline="yes-display-inline">At the request of the co-chairs of the Joint Select Committee, any standing committee of the Senate or House of Representatives having custody of records in any form relating to the matters described in subsection (a) shall transfer such records to the Joint Select Committee.</text></subsection><subsection id="H465309A4F6894841ACB0BCD158E79D94"><enum>(c)</enum><header>Interim reports</header><text>In addition to the final report issued under subsection (a), the Joint Select Committee may issue such interim reports as it considers necessary.</text></subsection><subsection id="HACBB73536DC248F5AC8CA6BB9B0C58A2"><enum>(d)</enum><header>Classified annex</header><text>The Joint Select Committee may include a classified annex in any report issued under this section.</text></subsection><subsection id="HAE2BB244D88D48D0B5648E56F83DEF01"><enum>(e)</enum><header>Definitions</header><paragraph id="H704F5D889DA54DED8A1A4BABE7741602"><enum>(1)</enum><header>China</header><text display-inline="yes-display-inline">In this section, the term <term>China</term> means the Government of the People’s Republic of China and any of the following:</text><subparagraph id="H32DBDA6EA0E247B2862BB89B5F639B91"><enum>(A)</enum><text display-inline="yes-display-inline">An official of the Chinese Communist Party.</text></subparagraph><subparagraph id="H0077FA72F486498B9D4706C3B5952BEE"><enum>(B)</enum><text>An official of the Government of the People’s Republic of China.</text></subparagraph><subparagraph id="H585F77B5A4334D02BF9FE208B0CC95B2"><enum>(C)</enum><text>An agent or instrumentality of the Government of the People’s Republic of China.</text></subparagraph><subparagraph id="H205C44923BCC4D7CA0F1D4064CF81265"><enum>(D)</enum><text>Any other person owned or controlled by or acting on behalf of any person described in subparagraphs (A) through (C).</text></subparagraph></paragraph><paragraph id="H0067B35E25CA43238ECC234600DF3733"><enum>(2)</enum><header>2019 novel coronavirus</header><text display-inline="yes-display-inline">In this subsection, the term <term>2019 novel coronavirus</term> means the coronavirus disease (COVID–19) and severe acute respiratory syndrome coronavirus 2 (SARS–CoV–2).</text></paragraph></subsection></section><section id="HEDD95D29C14E442E9A7F388CB4D048F4" display-inline="no-display-inline" section-type="subsequent-section"><enum>4.</enum><header>Powers</header><subsection id="HEEFCFC5E0ABC41778BE99FAD551D6899"><enum>(a)</enum><header>Hearings and other activities</header><text display-inline="yes-display-inline">For the purpose of carrying out its duties, the Joint Select Committee may hold such hearings and undertake such other activities as the Joint Select Committee determines to be necessary to carry out its duties, whether the Congress is in session, has recessed, or has adjourned.</text></subsection><subsection id="HEC1C276FEB974EB38C3F30A8E5D0D841"><enum>(b)</enum><header>Authority To use subpoenas</header><text display-inline="yes-display-inline">The Joint Select Committee may require by subpoena the attendance of such witnesses and the production of such books, papers, and documents, as it considers appropriate.</text></subsection><subsection id="H7B95A59A70E54E98BB9EEB8FD1B62339"><enum>(c)</enum><header>Access to legislative branch services</header><text>The Joint Select Committee shall have access to the services of the Government Accountability Office, the Congressional Budget Office, and the Congressional Research Service in the same manner and under the same terms and conditions as any standing committee of the House of Representatives or Senate.</text></subsection><subsection id="H8839CF0ACCE84CDAB1183AD4A2007051"><enum>(d)</enum><header>Adoption of Rules</header><text>Not later than 7 days after all of its members have been appointed, the Joint Select Committee shall adopt rules governing its operations, including rules governing the issuance of subpoenas and rules governing the use of official funds for travel by members and staff, and shall submit such rules to the Clerk of the House of Representatives and Secretary of the Senate for publication in the Congressional Record.</text></subsection></section><section id="H6E98890A748646F9BBB06E8ECC165848" display-inline="no-display-inline" section-type="subsequent-section"><enum>5.</enum><header>Staff; funding</header><subsection id="H04429EF1840247F896959DE72C500FC0"><enum>(a)</enum><header>Staff</header><paragraph id="HA6140896284F4CBF96AC9671E3CDC18D"><enum>(1)</enum><header>Use of existing staff</header><text display-inline="yes-display-inline">To the greatest extent practicable, the Joint Select Committee shall utilize the services of staff of employing offices of the Senate and House of Representatives. </text></paragraph><paragraph id="HD4805C8DED50449C939C8A1A8E66A508"><enum>(2)</enum><header>Authority to appoint staff</header><subparagraph id="HFD8B61BC20FA448B8D72A023C83BA6B7"><enum>(A)</enum><header>In general</header><text>Each of the co-chairs of the Joint Select Committee may appoint, prescribe the duties and responsibilities of, and fix the pay of such staff as the co-chair considers appropriate to assist the Joint Select Committee in carrying out its duties, so long as the number of staff appointed by one of the co-chairs does not exceed the number of staff appointed by the other co-chair.</text></subparagraph><subparagraph id="HABF1054492F2456EA2CBD1140B15A25B"><enum>(B)</enum><header>Detail of congressional employees</header><text>Upon the joint request of the co-chairs, the head of an employing office of the House of Representatives or Senate (including a joint committee of the Congress) is authorized to detail, without reimbursement, any of the staff of the office to the Joint Select Committee to assist the Joint Select Committee in carrying out its duties.</text></subparagraph></paragraph><paragraph id="H28D53C1501D841C3BE5D473E603DD4FB"><enum>(3)</enum><header>Experts and consultants</header><text display-inline="yes-display-inline">Section 202(i) of the Legislative Reorganization Act of 1946 (<external-xref legal-doc="usc" parsable-cite="usc/2/4301">2 U.S.C. 4301(i)</external-xref>) shall apply with respect to the Joint Select Committee in the same manner as such section applies with respect to a standing committee of the Senate, except that any consultant whose services are procured by the Joint Select Committee shall be selected jointly by the co-chairs of the Joint Select Committee.</text></paragraph></subsection><subsection id="H21C572A09AC54B6C963B15B0274A044A" display-inline="no-display-inline"><enum>(b)</enum><header>Funding</header><paragraph id="HFB62F31331674FF085041BDE17161953"><enum>(1)</enum><header>Vouchers</header><text>Payments for expenses of the Joint Select Committee shall be made using vouchers authorized by the Joint Select Committee, signed by co-chairs of the Joint Select Committee, and approved in a manner directed by the Committee on Rules and Administration of the Senate and the Committee on House Administration of the House of Representatives.</text></paragraph><paragraph id="H3BBB425454B84DF2B75C7C607093EDD3"><enum>(2)</enum><header>Source of Funds</header><text>There are authorized to be appropriated such sums as may be necessary for the operation of the Joint Select Committee, of which—</text><subparagraph id="HC437AFFE0F3041F2BE271906C86F08B3"><enum>(A)</enum><text>50 percent shall be derived from the applicable accounts of the House of Representatives; and</text></subparagraph><subparagraph id="H4F155B365589409B979C19E533F7236A"><enum>(B)</enum><text>50 percent shall be derived from the contingent fund of the Senate.</text></subparagraph></paragraph></subsection></section><section id="H3E01812B6AF6484B9603B95E7DD9D8C3"><enum>6.</enum><header>Termination</header><subsection id="HCA6EC873A10E4F899285D2BE86439D57"><enum>(a)</enum><header>Termination date</header><text display-inline="yes-display-inline">The Joint Select Committee shall terminate 30 days after filing the final report required under section 3.</text></subsection><subsection id="H304D4082733B475EB3DA5A35B6E79B1C"><enum>(b)</enum><header>Transfer of records</header><text>Upon termination of the Joint Select Committee, the records of the Joint Select Committee shall be transferred to—</text><paragraph id="HE6412B0AB284489DA0D2F201CE74B7F9"><enum>(1)</enum><text>such committee or committees of the House of Representatives as may be designated by the Speaker of the House of Representatives; and</text></paragraph><paragraph id="HF4E7749EE69C4809B675D9EDD5FEC16E"><enum>(2)</enum><text>such committee or committees of the Senate as my be designated by the President pro tempore of the Senate.</text></paragraph></subsection></section></resolution-body></resolution> 

