<?xml version="1.0"?>
<?xml-stylesheet type="text/xsl" href="billres.xsl"?>
<!DOCTYPE resolution PUBLIC "-//US Congress//DTDs/res.dtd//EN" "res.dtd">
<resolution dms-id="HAEFD28F734D14D8884AF215934CE073F" public-private="public" resolution-stage="Engrossed-in-House" resolution-type="house-concurrent" star-print="no-star-print" key="H" stage-count="1"> 
<metadata xmlns:dc="http://purl.org/dc/elements/1.1/">
<dublinCore>
<dc:title>117 HCON 27 EH: Permitting the remains of the late United States Capitol Police Officer William F. Evans to lie in honor in the rotunda of the Capitol.</dc:title>
<dc:publisher>U.S. House of Representatives</dc:publisher>
<dc:date></dc:date>
<dc:format>text/xml</dc:format>
<dc:language>EN</dc:language>
<dc:rights>Pursuant to Title 17 Section 105 of the United States Code, this file is not subject to copyright protection and is in the public domain.</dc:rights>
</dublinCore>
</metadata>
<form>
<distribution-code display="no">IV</distribution-code> 
<congress display="yes">117th CONGRESS</congress> 
<session display="yes">1st Session</session> 
<legis-num>H. CON. RES. 27</legis-num> 
<current-chamber display="no">IN THE HOUSE OF REPRESENTATIVES</current-chamber> 
<legis-type>CONCURRENT RESOLUTION</legis-type> 
<official-title display="no">Permitting the remains of the late United States Capitol Police Officer William F. Evans to lie in honor in the rotunda of the Capitol.</official-title> 
</form> 
<resolution-body style="traditional" id="HC3A80C1079A44BE9A079E54A3EAB5099"> 
<section display-inline="yes-display-inline" section-type="undesignated-section" id="H37A1571FD8554DD084F26DA040DC27EC"><text display-inline="yes-display-inline">That the remains of the late United States Capitol Police Officer William F. Evans shall be permitted to lie in honor in the rotunda of the Capitol on April 13, 2021, and the Architect of the Capitol, under the direction of the Speaker of the House of Representatives and the President pro tempore of the Senate, shall take all necessary steps for the accomplishment of that purpose. </text></section> </resolution-body> <attestation><attestation-group><attestation-date date="20210408" chamber="House">Passed the House of Representatives April 8, 2021.</attestation-date><attestor display="no">Cheryl L. Johnson,</attestor><role>Clerk.</role></attestation-group></attestation> <endorsement display="yes"></endorsement> </resolution> 

