<?xml version="1.0"?>
<?xml-stylesheet type="text/xsl" href="billres.xsl"?>
<!DOCTYPE resolution PUBLIC "-//US Congress//DTDs/res.dtd//EN" "res.dtd">
<resolution resolution-stage="Introduced-in-House" dms-id="H5367406AAA52400B88C4A8E79CD83CCA" public-private="public" resolution-type="house-concurrent" star-print="no-star-print" key="H"><metadata xmlns:dc="http://purl.org/dc/elements/1.1/">
<dublinCore>
<dc:title>117 HCON 26 IH: Supporting the goals and ideals of International Transgender Day of Visibility.</dc:title>
<dc:publisher>U.S. House of Representatives</dc:publisher>
<dc:date>2021-03-29</dc:date>
<dc:format>text/xml</dc:format>
<dc:language>EN</dc:language>
<dc:rights>Pursuant to Title 17 Section 105 of the United States Code, this file is not subject to copyright protection and is in the public domain.</dc:rights>
</dublinCore>
</metadata>
<form>
<distribution-code display="yes">IV</distribution-code><congress display="yes">117th CONGRESS</congress><session display="yes">1st Session</session><legis-num display="yes">H. CON. RES. 26</legis-num><current-chamber>IN THE HOUSE OF REPRESENTATIVES</current-chamber><action display="yes"><action-date date="20210329">March 29, 2021</action-date><action-desc><sponsor name-id="W000825">Ms. Wexton</sponsor> (for herself, <cosponsor name-id="N000192">Ms. Newman</cosponsor>, <cosponsor name-id="J000298">Ms. Jayapal</cosponsor>, <cosponsor name-id="T000468">Ms. Titus</cosponsor>, <cosponsor name-id="M000087">Mrs. Carolyn B. Maloney of New York</cosponsor>, <cosponsor name-id="G000551">Mr. Grijalva</cosponsor>, <cosponsor name-id="M001196">Mr. Moulton</cosponsor>, <cosponsor name-id="P000607">Mr. Pocan</cosponsor>, <cosponsor name-id="N000147">Ms. Norton</cosponsor>, <cosponsor name-id="P000614">Mr. Pappas</cosponsor>, <cosponsor name-id="S001205">Ms. Scanlon</cosponsor>, <cosponsor name-id="L000579">Mr. Lowenthal</cosponsor>, <cosponsor name-id="C001084">Mr. Cicilline</cosponsor>, <cosponsor name-id="T000472">Mr. Takano</cosponsor>, and <cosponsor name-id="M001185">Mr. Sean Patrick Maloney of New York</cosponsor>) submitted the following concurrent resolution; which was referred to the <committee-name committee-id="HJU00">Committee on the Judiciary</committee-name></action-desc></action><legis-type>CONCURRENT RESOLUTION</legis-type><official-title display="yes">Supporting the goals and ideals of International Transgender Day of Visibility.</official-title></form><preamble><whereas><text>Whereas the International Day of Visibility was begun in 2009 to honor the achievements and contributions of the transgender community;</text></whereas><whereas><text>Whereas the International Transgender Day of Visibility is designed to be encompassing of a large community of people, including people who identify as nonbinary and gender nonconforming;</text></whereas><whereas><text>Whereas International Transgender Day of Visibility is a time to celebrate transgender, nonbinary, and gender nonconforming people around the world, and to recognize the bravery it takes to live openly and authentically;</text></whereas><whereas><text>Whereas International Transgender Day of Visibility is also a time to raise awareness of the discrimination and violence that the transgender community still faces, which make it difficult and even unsafe for many transgender people to be visible;</text></whereas><whereas><text>Whereas the transgender community has suffered disproportionately in many ways, including by workplace and educational discrimination and being subject to violence, and these forms of oppression are exacerbated for trans­gen­der people of color, people with limited resources, immigrants, and people living with disabilities;</text></whereas><whereas><text>Whereas the transgender community has made it clear that it will not be erased and must be accorded all of the rights and opportunities made available to all;</text></whereas><whereas><text>Whereas transgender, nonbinary, and gender nonconforming people continue to bravely tell their stories and push for full equity under the law;</text></whereas><whereas><text>Whereas the civil rights struggle has been strengthened and inspired by the leadership of the transgender community;</text></whereas><whereas><text>Whereas six transgender candidates were elected to State office in the 2020 general election, increasing to seven the total number of transgender-elected officials in State legislatures;</text></whereas><whereas><text>Whereas voters in the State of Delaware elected the Nation’s first openly transgender State senator;</text></whereas><whereas><text>Whereas the first openly transgender Federal official was confirmed by the United States Senate and is the highest ranking openly transgender Federal Government official in United States history;</text></whereas><whereas><text>Whereas the first transgender teen testified before the United States Senate;</text></whereas><whereas><text>Whereas the first openly transgender person was elected student government president at a major university;</text></whereas><whereas><text>Whereas more transgender people are gracing the covers of magazines to raise awareness of their gender identity and the importance of living authentically;</text></whereas><whereas><text>Whereas transgender people have created culture and history as artists, musicians, healers, workers, and organizers; and</text></whereas><whereas><text>Whereas International Transgender Day of Visibility is a time to celebrate the transgender community around the world: Now, therefore, be it</text></whereas></preamble><resolution-body style="traditional" id="H2325B2CD19DE40598713058316B9E10C"><section id="HE24CAECE15584EE6B9935BFBF7992373" section-type="undesignated-section" display-inline="yes-display-inline"><enum/><text display-inline="yes-display-inline">That Congress—</text><paragraph id="HE703621106D0430BB92561B935D15239"><enum>(1)</enum><text>supports the goals and ideals of the International Transgender Day of Visibility;</text></paragraph><paragraph id="H82315B3B890E41EC9DEDB9C9F97E0D47"><enum>(2)</enum><text>encourages the people of the United States to observe the International Transgender Day of Visibility with appropriate ceremonies, programs, and activities;</text></paragraph><paragraph id="HF803F8231E85425490ED50C1A4A8A7E6"><enum>(3)</enum><text>celebrates the accomplishments and leadership of transgender, nonbinary, and gender nonconforming people; and</text></paragraph><paragraph id="HA726D20646434405B7C88809441D66D6"><enum>(4)</enum><text>recognizes the bravery of the transgender community as it fights for equal dignity and respect.</text></paragraph></section></resolution-body></resolution> 

