<?xml version="1.0"?>
<?xml-stylesheet type="text/xsl" href="billres.xsl"?>
<!DOCTYPE resolution PUBLIC "-//US Congress//DTDs/res.dtd//EN" "res.dtd">
<resolution resolution-stage="Introduced-in-House" dms-id="H4A37A22DEFB94988AB159D680683F070" public-private="public" resolution-type="house-concurrent" star-print="no-star-print" key="H"><metadata xmlns:dc="http://purl.org/dc/elements/1.1/">
<dublinCore>
<dc:title>117 HCON 7 IH: Authorizing the use of the rotunda of the Capitol to honor the last surviving Medal of Honor recipient of the Second World War upon death.</dc:title>
<dc:publisher>U.S. House of Representatives</dc:publisher>
<dc:date>2021-01-21</dc:date>
<dc:format>text/xml</dc:format>
<dc:language>EN</dc:language>
<dc:rights>Pursuant to Title 17 Section 105 of the United States Code, this file is not subject to copyright protection and is in the public domain.</dc:rights>
</dublinCore>
</metadata>
<form>
<distribution-code display="yes">IV</distribution-code><congress display="yes">117th CONGRESS</congress><session display="yes">1st Session</session><legis-num display="yes">H. CON. RES. 7</legis-num><current-chamber>IN THE HOUSE OF REPRESENTATIVES</current-chamber><action display="yes"><action-date date="20210121">January 21, 2021</action-date><action-desc><sponsor name-id="M001205">Mrs. Miller of West Virginia</sponsor> (for herself, <cosponsor name-id="M001195">Mr. Mooney</cosponsor>, <cosponsor name-id="M001180">Mr. McKinley</cosponsor>, <cosponsor name-id="B000490">Mr. Bishop of Georgia</cosponsor>, <cosponsor name-id="W000806">Mr. Webster of Florida</cosponsor>, <cosponsor name-id="G000578">Mr. Gaetz</cosponsor>, <cosponsor name-id="S001214">Mr. Steube</cosponsor>, <cosponsor name-id="M001159">Mrs. Rodgers of Washington</cosponsor>, <cosponsor name-id="B001298">Mr. Bacon</cosponsor>, <cosponsor name-id="B001302">Mr. Biggs</cosponsor>, <cosponsor name-id="M001184">Mr. Massie</cosponsor>, <cosponsor name-id="H001086">Mrs. Harshbarger</cosponsor>, <cosponsor name-id="B001305">Mr. Budd</cosponsor>, <cosponsor name-id="B001309">Mr. Burchett</cosponsor>, <cosponsor name-id="F000466">Mr. Fitzpatrick</cosponsor>, <cosponsor name-id="G000596">Mrs. Greene of Georgia</cosponsor>, and <cosponsor name-id="C001084">Mr. Cicilline</cosponsor>) submitted the following concurrent resolution; which was referred to the <committee-name committee-id="HHA00">Committee on House Administration</committee-name></action-desc></action><legis-type>CONCURRENT RESOLUTION</legis-type><official-title display="yes">Authorizing the use of the rotunda of the Capitol to honor the last surviving Medal of Honor recipient of the Second World War upon death.</official-title></form><resolution-body style="OLC" id="H0315AAF7265348BEA61AEBACDDABECDB"><section display-inline="yes-display-inline" section-type="undesignated-section" id="H4DB5E3E71D174BB0BCA11D3A10E201E0"></section><section display-inline="no-display-inline" section-type="section-one" id="H07FFBFB2C49344B1904D42BF3FC8494E"><enum>1.</enum><header>Honoring last surviving Medal of Honor recipient of Second World War</header><subsection id="H5CECC65EE8F94BA1833F84398DAA2B35"><enum>(a)</enum><header>Use of rotunda</header><text display-inline="yes-display-inline">At the election of the individual (or next of kin of the individual), the last individual to die who was awarded the Medal of Honor for acts performed during World War II shall be permitted to lie in honor in the rotunda of the Capitol upon death.</text></subsection><subsection id="H39442384F97E4A6B8C565EC1BC6AEF2E"><enum>(b)</enum><header>Implementation</header><text>The Architect of the Capitol, under the direction and supervision of the President pro tempore of the Senate and the Speaker of the House of Representatives, shall take the necessary steps to implement subsection (a) upon the death of the individual described in such subsection. </text></subsection></section></resolution-body></resolution> 

