<?xml version="1.0"?>
<?xml-stylesheet type="text/xsl" href="billres.xsl"?>
<!DOCTYPE resolution PUBLIC "-//US Congress//DTDs/res.dtd//EN" "res.dtd">
<resolution resolution-stage="Introduced-in-House" dms-id="H4A742CC8637E4EDA9B10D479AD23BF40" public-private="public" resolution-type="house-concurrent" star-print="no-star-print" key="H"><metadata xmlns:dc="http://purl.org/dc/elements/1.1/">
<dublinCore>
<dc:title>117 HCON 23 IH: Directing the Architect of the Capitol to preserve evidence of the January 6, 2021 attack on the United States Capitol so that evidence of the attack may be made available for viewing by visitors to the Capitol.</dc:title>
<dc:publisher>U.S. House of Representatives</dc:publisher>
<dc:date>2021-03-09</dc:date>
<dc:format>text/xml</dc:format>
<dc:language>EN</dc:language>
<dc:rights>Pursuant to Title 17 Section 105 of the United States Code, this file is not subject to copyright protection and is in the public domain.</dc:rights>
</dublinCore>
</metadata>
<form>
<distribution-code display="yes">IV</distribution-code><congress display="yes">117th CONGRESS</congress><session display="yes">1st Session</session><legis-num display="yes">H. CON. RES. 23</legis-num><current-chamber>IN THE HOUSE OF REPRESENTATIVES</current-chamber><action display="yes"><action-date date="20210309">March 9, 2021</action-date><action-desc><sponsor name-id="M001185">Mr. Sean Patrick Maloney of New York</sponsor> submitted the following concurrent resolution; which was referred to the <committee-name committee-id="HHA00">Committee on House Administration</committee-name></action-desc></action><legis-type>CONCURRENT RESOLUTION</legis-type><official-title display="yes">Directing the Architect of the Capitol to preserve evidence of the January 6, 2021 attack on the United States Capitol so that evidence of the attack may be made available for viewing by visitors to the Capitol.</official-title></form><resolution-body style="OLC" id="HD78E6B1783BF4BA4A0F552540C6ED0CD"><section display-inline="no-display-inline" section-type="section-one" id="H2FF1213A6A104B19A032CF0EF187E66C"><enum>1.</enum><header>Preservation of evidence of attack on United States Capitol</header><subsection id="HB8354651B4D74613906EC8B9EEE5FFD5"><enum>(a)</enum><header>Preservation; availability for viewing by visitors</header><text display-inline="yes-display-inline">The Architect of the Capitol shall preserve evidence of the January 6, 2021 attack on the United States Capitol, including by preserving features which were damaged in the attack, so that evidence of the attack may be made available for viewing by visitors to the Capitol.</text></subsection><subsection id="HE3B0E068DC3C4220917C06124D3A3523"><enum>(b)</enum><header>Consultation</header><text>In carrying out this section, the Architect shall consult with the Office of the Historian of the House of Representatives, the Senate Historical Office, and the Joint Committee on the Library to determine which evidence is most appropriate for preservation and the most effective methods for making such evidence available for viewing by visitors to the United States Capitol.</text></subsection></section></resolution-body></resolution> 

