<?xml version="1.0"?>
<?xml-stylesheet type="text/xsl" href="billres.xsl"?>
<!DOCTYPE resolution PUBLIC "-//US Congress//DTDs/res.dtd//EN" "res.dtd">
<resolution resolution-stage="Introduced-in-House" dms-id="H34E7DEF05D844E69A555533BFC650EB6" public-private="public" resolution-type="house-concurrent" star-print="no-star-print" key="H"><metadata xmlns:dc="http://purl.org/dc/elements/1.1/">
<dublinCore>
<dc:title>117 HCON 42 IH: Expressing the sense of Congress that governmental entities should use a portion of the proceeds from litigation against opioid manufacturers and distributors to increase participation in drug take back programs and for the safe disposal of collected, unused medicines.</dc:title>
<dc:publisher>U.S. House of Representatives</dc:publisher>
<dc:date>2021-07-21</dc:date>
<dc:format>text/xml</dc:format>
<dc:language>EN</dc:language>
<dc:rights>Pursuant to Title 17 Section 105 of the United States Code, this file is not subject to copyright protection and is in the public domain.</dc:rights>
</dublinCore>
</metadata>
<form>
<distribution-code display="yes">IV</distribution-code><congress display="yes">117th CONGRESS</congress><session display="yes">1st Session</session><legis-num display="yes">H. CON. RES. 42</legis-num><current-chamber>IN THE HOUSE OF REPRESENTATIVES</current-chamber><action display="yes"><action-date date="20210721">July 21, 2021</action-date><action-desc><sponsor name-id="M001180">Mr. McKinley</sponsor> (for himself and <cosponsor name-id="T000483">Mr. Trone</cosponsor>) submitted the following concurrent resolution; which was referred to the <committee-name committee-id="HIF00">Committee on Energy and Commerce</committee-name></action-desc></action><legis-type>CONCURRENT RESOLUTION</legis-type><official-title display="yes">Expressing the sense of Congress that governmental entities should use a portion of the proceeds from litigation against opioid manufacturers and distributors to increase participation in drug take back programs and for the safe disposal of collected, unused medicines.</official-title></form><preamble><whereas><text>Whereas according to the National Survey on Drug Use and Health, 9.7 million people used prescription pain relievers other than as indicated, 4.9 million people used prescription stimulants other than as indicated, and 5.9 million people used prescription tranquilizers or sedatives other than as indicated in 2019;</text></whereas><whereas><text>Whereas according to data released from the National Center for Health Statistics of the Centers for Disease Control and Prevention on July 14, 2021, the United States has seen an increase in overdose deaths during the COVID–19 pandemic with over 93,000 Americans dying in 2020, an increase of nearly 30 percent from 2019, the most ever recorded in a 12-month period;</text></whereas><whereas><text>Whereas studies indicate a majority of prescription drugs used other than as indicated come from family and friends, including from home medicine cabinets, and that safely clearing out unused medicine from home medicine cabinets is an essential component in addressing the opioid crisis;</text></whereas><whereas><text>Whereas a safe system for the collection and disposal of unused, unwanted, and expired medicines is a key element of a comprehensive strategy to prevent the use of prescription drugs other than as indicated, but disposing of medicines by flushing them down the toilet or placing them in the garbage can contaminate ground water and other bodies of water, contributing to long-term harm to the environment and animal life;</text></whereas><whereas><text>Whereas the Drug Enforcement Administration, along with its law enforcement partners, has successfully collected 14,524,391 pounds of unused medications since the inception of the National Prescription Drug Take Back Initiative in 2010;</text></whereas><whereas><text>Whereas the Drug Enforcement Administration collected 839,543 pounds (or 419.7 tons) of unused, expired, and unwanted medications across the country on National Prescription Drug Take Back Day in April 2021;</text></whereas><whereas><text>Whereas despite the success of such programs sponsored by the Drug Enforcement Administration, in 2017, a report by the Comptroller General of the United States found that only about 3 percent of pharmacies and other entities eligible to collect unused prescription drugs for disposal have volunteered to do so, citing the costs associated with maintaining a disposal bin as reasons for reduced participation in such programs, including purchasing and installing the bin (and disposing the contents of the bin) in accordance with the requirements of the Drug Enforcement Administration;</text></whereas><whereas><text>Whereas according to a more recent report by the Association of State and Territorial Health Officials, between 5 and 15 percent of consumers participate in take back programs, and the costs of transporting the collected drugs to incinerating facilities sometimes poses challenges for localities and States; and</text></whereas><whereas><text>Whereas thousands of lawsuits have been filed by States, counties, and municipalities against drug makers and distributors to recover costs associated with the opioid epidemic: Now, therefore, be it </text></whereas></preamble><resolution-body style="traditional" id="HC3B03FF3F6B54516BF0097D9A61C2F8E"><section id="H3D8894CFFE994804A102CFCCF80A84D5" section-type="undesignated-section" display-inline="yes-display-inline"><enum/><text display-inline="yes-display-inline">That it is the sense of the Congress that governmental entities that receive proceeds from litigation against opioid manufacturers and distributors, should consider, as a proven and effective way to address the opioid crisis, using a reasonable portion of these proceeds to increase awareness of the importance of drug take back programs, increasing the number of locations offering drug take back kiosks, increasing consumer participation in these programs, and lower the costs of disposal and transportation of unused medications collected at participating collection locations.</text></section></resolution-body></resolution> 

