<?xml version="1.0"?>
<?xml-stylesheet type="text/xsl" href="billres.xsl"?>
<!DOCTYPE resolution PUBLIC "-//US Congress//DTDs/res.dtd//EN" "res.dtd">
<resolution resolution-stage="Introduced-in-House" dms-id="H3C2E2D1A6D5943339663724F498AE22F" public-private="public" resolution-type="house-concurrent" star-print="no-star-print" key="H"><metadata xmlns:dc="http://purl.org/dc/elements/1.1/">
<dublinCore>
<dc:title>115 HCON 135 IH: Affirming the nature and importance of the support of the United States for Syria.</dc:title>
<dc:publisher>U.S. House of Representatives</dc:publisher>
<dc:date>2024-12-18</dc:date>
<dc:format>text/xml</dc:format>
<dc:language>EN</dc:language>
<dc:rights>Pursuant to Title 17 Section 105 of the United States Code, this file is not subject to copyright protection and is in the public domain.</dc:rights>
</dublinCore>
</metadata>
<form>
<distribution-code display="yes">IV</distribution-code><congress display="yes">118th CONGRESS</congress><session display="yes">2d Session</session><legis-num display="yes">H. CON. RES. 135</legis-num><current-chamber>IN THE HOUSE OF REPRESENTATIVES</current-chamber><action display="yes"><action-date date="20241218">December 18, 2024</action-date><action-desc><sponsor name-id="M001137">Mr. Meeks</sponsor> (for himself, <cosponsor name-id="C001121">Mr. Crow</cosponsor>, <cosponsor name-id="J000305">Ms. Jacobs</cosponsor>, <cosponsor name-id="P000034">Mr. Pallone</cosponsor>, and <cosponsor name-id="T000468">Ms. Titus</cosponsor>) submitted the following concurrent resolution; which was referred to the <committee-name committee-id="HFA00">Committee on Foreign Affairs</committee-name></action-desc></action><legis-type>CONCURRENT RESOLUTION</legis-type><official-title display="yes">Affirming the nature and importance of the support of the United States for Syria.</official-title></form><preamble><whereas><text>Whereas, in December 2024, following decades of pressure and sacrifice by the Syrian people and from international condemnation, the al Assad family’s era of heinous war crimes and authoritarian rule ended and Bashar Assad fled to Moscow, where Putin granted him political asylum;</text></whereas><whereas><text>Whereas, as a result of the opportunity his departure has presented to the Syrian people, the United States reaffirms its support to all the Syrian people, and urges an inclusive and peaceful transition by Syrians, for Syria. </text></whereas><whereas commented="no"><text>Whereas national, ethnic, religious, and linguistic minorities and indigenous peoples, including Alawites, Armenians, Druze, Yezidis, Kurds, Shabak, Turkmen, and historic Christian communities (including Chaldean, Syriac, Assyrian, and Melkite peoples) among others, have been integral components of the long cultural lineage of Syria;</text></whereas><whereas><text>Whereas these same religious and ethnic minorities have made, and continue to make, invaluable and significant contributions to the social, economic, and political fabric of societies across the Middle East and the world, including the United States;</text></whereas><whereas><text>Whereas the Islamic State of Iraq and Syria (referred to in this preamble as <quote>ISIS</quote>) is responsible for carrying out a brutal campaign of violence against members of all faiths in Syria and Iraq;</text></whereas><whereas><text>Whereas ethnic and religious minorities were subjected to innumerable atrocities by ISIS, including forced religious conversion, kidnapping, slavery, human trafficking, unlawful forced displacement, ethnic cleansing, torture, sexual violence, and sex trafficking, among other crimes;</text></whereas><whereas><text>Whereas the Secretary of State declared on March 17, 2016, and on August 15, 2017, that ISIS is responsible for genocide, crimes against humanity, and other atrocities against religious and ethnic minority groups in Syria and Iraq, including Shia Muslims, Christians, and Yezidis, among other religious and ethnic groups;</text></whereas><whereas><text>Whereas the Iraq and Syria Genocide Relief and Accountability Act of 2018 (<external-xref legal-doc="public-law" parsable-cite="pl/115/300">Public Law 115–300</external-xref>) affirms that it is the policy of the United States to ensure that assistance for religious and ethnic minorities is directed towards those who—</text><paragraph id="id503eda456bd949e6a6f91f933b79e657"><enum>(1)</enum><text>have the greatest need, including minorities who the Secretary of State declared were targeted for genocide, crimes against humanity, or war crimes; and </text></paragraph><paragraph commented="no" display-inline="no-display-inline" id="id054f2547e6604744b122c5932af78f43"><enum>(2)</enum><text display-inline="yes-display-inline">have been identified as being at risk of persecution, forced migration, genocide, crimes against humanity, or war crimes;</text></paragraph></whereas><whereas><text>Whereas members of these religious and ethnic minority communities continue to face daily insecurity, discrimination, hardship, and violence from state and non-state actors;</text></whereas><whereas><text>Whereas Syrian opposition forces have repeatedly signaled their intent to respect the rights and dignity of religious and ethnic minorities in Syria, but there have been incidents of members of such minorities fleeing their homes while there is documented violence and expulsions against Kurdish communities by elements of the Syrian National Army;</text></whereas><whereas><text>Whereas the restoration and stabilization of all regions of Syria will provide an opportunity for its longstanding diverse ethnic and religious communities to flourish;</text></whereas><whereas><text>Whereas the Syrian Democratic Forces (referred to in this preamble as the <quote>SDF</quote>) has been a critical partner to United States and allied counter-ISIS and broader counterterrorism efforts in Syria, and the United States should continue to support and partner with the SDF;</text></whereas><whereas><text>Whereas the SDF has played a critical role in securing and maintaining ISIS detention facilities and ensuring that ISIS terrorists do not pose a renewed threat to the region or United States allies or partners;</text></whereas><whereas><text>Whereas the search continues for Austin Tice, an American journalist, was kidnapped in Syria on August 14, 2012; and</text></whereas><whereas><text>Whereas the Syrian Democratic Council—</text><paragraph id="id7767969742d24023b13810a09d476eda"><enum>(1)</enum><text>serves as the civil administration for much of northeast Syria; and </text></paragraph><paragraph commented="no" display-inline="no-display-inline" id="id9a74223eef504c68a572d6be6f048708"><enum>(2)</enum><text display-inline="yes-display-inline">has provided critical public services and maintained civilian infrastructure in that region throughout the Syrian conflict: Now, therefore, be it</text></paragraph></whereas></preamble><resolution-body style="traditional" id="H8C5BDC7F691A46AF819A6E27251CD338"><section display-inline="yes-display-inline" section-type="undesignated-section" id="H1534343190514DAE940FFF4AF5170F97"><enum/><text>That Congress—</text><paragraph id="HFEBBCBA654AE40A5B2AD84767A066418"><enum>(1)</enum><text>commits to protecting and upholding the internationally recognized human rights of members of all religious and ethnic minority communities in Syria;</text></paragraph><paragraph id="H4D5935AA0BD443ECBD6A02641AFC2E37"><enum>(2)</enum><text>calls for an inclusive and peaceful political transition process in Syria that preserves and protects the rights and livelihoods of all Syria communities, including its religious and ethnic minority communities;</text></paragraph><paragraph id="HE81A68675BE8415A93FB426CC0A7A21D"><enum>(3)</enum><text>supports the preservation, documentation, and restoration of—</text><subparagraph commented="no" display-inline="no-display-inline" id="HD91203F3FC274A2CAF259B29E0B19BDD"><enum>(A)</enum><text display-inline="yes-display-inline">religious and cultural heritage sites in Syria; and </text></subparagraph><subparagraph commented="no" display-inline="no-display-inline" id="H81CFACD13B834680A989A403401D7B29"><enum>(B)</enum><text display-inline="yes-display-inline">community buildings of religious and ethnic minority communities in the region;</text></subparagraph></paragraph><paragraph id="HD8DB845880324E9499CB541CDE999010"><enum>(4)</enum><text>calls upon all state and non-state actors—</text><subparagraph commented="no" display-inline="no-display-inline" id="H15556F5A1B114A0DA43FDA34861624BD"><enum>(A)</enum><text display-inline="yes-display-inline">to cease any and all support for, or commission of, all current violence in Syria; and </text></subparagraph><subparagraph commented="no" display-inline="no-display-inline" id="H3C75B221B5B64A33B2EDD1DF7CAAFE8C"><enum>(B)</enum><text display-inline="yes-display-inline">to refrain from future violence and acts of reprisal or repression against all Syrians, including religious and ethnic minority communities in Syria; </text></subparagraph></paragraph><paragraph id="HDA77E36FED1D421A9802483FA8F32564"><enum>(5)</enum><text>encourages the Secretary of State and the Administrator of the United States Agency for International Development—</text><subparagraph commented="no" display-inline="no-display-inline" id="HA2977A66FBE840E1AAC2E6F709F66D9A"><enum>(A)</enum><text display-inline="yes-display-inline">to advocate for the protection of religious and ethnic minorities in Syria; and </text></subparagraph><subparagraph commented="no" display-inline="no-display-inline" id="H14853CF9E79447758D04698DDFA5D018"><enum>(B)</enum><text display-inline="yes-display-inline">to engage in appropriate steps, including targeted sanctions relief and development programming to support humanitarian needs, development, and reconstruction in Syria, including in religious and ethnic minority communities; and</text></subparagraph></paragraph><paragraph id="H377ABCD752E24085A96EBC0EF5358892"><enum>(6)</enum><text display-inline="yes-display-inline">reaffirms the commitment of the United States to finding and securing the release of Austin Tice.</text></paragraph></section></resolution-body></resolution> 

