<?xml version="1.0"?>
<?xml-stylesheet type="text/xsl" href="billres.xsl"?>
<!DOCTYPE resolution PUBLIC "-//US Congress//DTDs/res.dtd//EN" "res.dtd">
<resolution resolution-stage="Introduced-in-House" dms-id="HB9F9C95E1AB54FDAB5E052EA3EBC10EC" public-private="public" resolution-type="house-concurrent" star-print="no-star-print" key="H"><metadata xmlns:dc="http://purl.org/dc/elements/1.1/">
<dublinCore>
<dc:title>118 HCON 127 IH: Authorizing the use of Emancipation Hall in the Capitol Visitor Center for the unveiling of a statue of Martha Hughes Cannon.</dc:title>
<dc:publisher>U.S. House of Representatives</dc:publisher>
<dc:date>2024-09-03</dc:date>
<dc:format>text/xml</dc:format>
<dc:language>EN</dc:language>
<dc:rights>Pursuant to Title 17 Section 105 of the United States Code, this file is not subject to copyright protection and is in the public domain.</dc:rights>
</dublinCore>
</metadata>
<form>
<distribution-code display="yes">IV</distribution-code><congress display="yes">118th CONGRESS</congress><session display="yes">2d Session</session><legis-num display="yes">H. CON. RES. 127</legis-num><current-chamber>IN THE HOUSE OF REPRESENTATIVES</current-chamber><action display="yes"><action-date date="20240903">September 3, 2024</action-date><action-desc><sponsor name-id="M001228">Ms. Maloy</sponsor> (for herself, <cosponsor name-id="C001114">Mr. Curtis</cosponsor>, <cosponsor name-id="M001213">Mr. Moore of Utah</cosponsor>, and <cosponsor name-id="O000086">Mr. Owens</cosponsor>) submitted the following concurrent resolution; which was referred to the <committee-name committee-id="HHA00">Committee on House Administration</committee-name></action-desc></action><legis-type>CONCURRENT RESOLUTION</legis-type><official-title display="yes">Authorizing the use of Emancipation Hall in the Capitol Visitor Center for the unveiling of a statue of Martha Hughes Cannon.</official-title></form><resolution-body style="OLC" id="H04AF07356296403D8E884BE6291CF3D0"><section commented="no" display-inline="no-display-inline" section-type="section-one" id="HEC8A7CDE0E934360B681A19B670E8459"><enum>1.</enum><header display-inline="yes-display-inline">Use of Emancipation Hall for the Unveiling of Martha Hughes Cannon Statue</header><subsection commented="no" display-inline="no-display-inline" id="H901017B969774E5FA2AA491CFCAE2DA1"><enum>(a)</enum><header display-inline="yes-display-inline">Authorization</header><text display-inline="yes-display-inline">Emancipation Hall in the Capitol Visitor Center is authorized to be used for an event on December 11, 2024, to unveil a statue of Martha Hughes Cannon.</text></subsection><subsection commented="no" display-inline="no-display-inline" id="H6A11299506A6453FBB55D80DA8E9B9B0"><enum>(b)</enum><header display-inline="yes-display-inline">Preparations</header><text display-inline="yes-display-inline">Physical preparations for the conduct of the event described in subsection (a) shall be carried out in accordance with such conditions as may be prescribed by the Architect of the Capitol.</text></subsection></section></resolution-body></resolution> 

