<?xml version="1.0"?>
<?xml-stylesheet type="text/xsl" href="billres.xsl"?>
<!DOCTYPE resolution PUBLIC "-//US Congress//DTDs/res.dtd//EN" "res.dtd">
<resolution resolution-stage="Introduced-in-House" dms-id="H80E4EC33F87E4941BA69C79223579642" public-private="public" resolution-type="house-concurrent" star-print="no-star-print" key="H"><metadata xmlns:dc="http://purl.org/dc/elements/1.1/">
<dublinCore>
<dc:title>118 HCON 102 IH: Supporting the goals and ideals of International Transgender Day of Visibility.</dc:title>
<dc:publisher>U.S. House of Representatives</dc:publisher>
<dc:date>2024-03-29</dc:date>
<dc:format>text/xml</dc:format>
<dc:language>EN</dc:language>
<dc:rights>Pursuant to Title 17 Section 105 of the United States Code, this file is not subject to copyright protection and is in the public domain.</dc:rights>
</dublinCore>
</metadata>
<form>
<distribution-code display="yes">IV</distribution-code><congress display="yes">118th CONGRESS</congress><session display="yes">2d Session</session><legis-num display="yes">H. CON. RES. 102</legis-num><current-chamber>IN THE HOUSE OF REPRESENTATIVES</current-chamber><action display="yes"><action-date date="20240329">March 29, 2024</action-date><action-desc><sponsor name-id="J000305">Ms. Jacobs</sponsor> (for herself, <cosponsor name-id="J000298">Ms. Jayapal</cosponsor>, <cosponsor name-id="P000607">Mr. Pocan</cosponsor>, <cosponsor name-id="A000376">Mr. Allred</cosponsor>, <cosponsor name-id="B001318">Ms. Balint</cosponsor>, <cosponsor name-id="B001300">Ms. Barrag&#225;n</cosponsor>, <cosponsor name-id="B001278">Ms. Bonamici</cosponsor>, <cosponsor name-id="B001224">Ms. Bush</cosponsor>, <cosponsor name-id="C001112">Mr. Carbajal</cosponsor>, <cosponsor name-id="C001061">Mr. Cleaver</cosponsor>, <cosponsor name-id="C001078">Mr. Connolly</cosponsor>, <cosponsor name-id="C001069">Mr. Courtney</cosponsor>, <cosponsor name-id="C001119">Ms. Craig</cosponsor>, <cosponsor name-id="D000629">Ms. Davids of Kansas</cosponsor>, <cosponsor name-id="D000096">Mr. Davis of Illinois</cosponsor>, <cosponsor name-id="D000197">Ms. DeGette</cosponsor>, <cosponsor name-id="F000468">Mrs. Fletcher</cosponsor>, <cosponsor name-id="F000476">Mr. Frost</cosponsor>, <cosponsor name-id="G000586">Mr. Garc&#237;a of Illinois</cosponsor>, <cosponsor name-id="G000587">Ms. Garcia of Texas</cosponsor>, <cosponsor name-id="S001205">Ms. Scanlon</cosponsor>, <cosponsor name-id="G000599">Mr. Goldman of New York</cosponsor>, <cosponsor name-id="G000585">Mr. Gomez</cosponsor>, <cosponsor name-id="G000583">Mr. Gottheimer</cosponsor>, <cosponsor name-id="H001081">Mrs. Hayes</cosponsor>, <cosponsor name-id="N000147">Ms. Norton</cosponsor>, <cosponsor name-id="J000309">Mr. Jackson of Illinois</cosponsor>, <cosponsor name-id="K000391">Mr. Krishnamoorthi</cosponsor>, <cosponsor name-id="L000551">Ms. Lee of California</cosponsor>, <cosponsor name-id="L000273">Ms. Leger Fernandez</cosponsor>, <cosponsor name-id="L000397">Ms. Lofgren</cosponsor>, <cosponsor name-id="L000562">Mr. Lynch</cosponsor>, <cosponsor name-id="M001223">Mr. Magaziner</cosponsor>, <cosponsor name-id="M001227">Ms. McClellan</cosponsor>, <cosponsor name-id="M001143">Ms. McCollum</cosponsor>, <cosponsor name-id="M001220">Mr. McGarvey</cosponsor>, <cosponsor name-id="M000312">Mr. McGovern</cosponsor>, <cosponsor name-id="N000002">Mr. Nadler</cosponsor>, <cosponsor name-id="P000614">Mr. Pappas</cosponsor>, <cosponsor name-id="P000616">Mr. Phillips</cosponsor>, <cosponsor name-id="P000618">Ms. Porter</cosponsor>, <cosponsor name-id="Q000023">Mr. Quigley</cosponsor>, <cosponsor name-id="R000617">Mrs. Ramirez</cosponsor>, <cosponsor name-id="S001226">Ms. Salinas</cosponsor>, <cosponsor name-id="S001145">Ms. Schakowsky</cosponsor>, <cosponsor name-id="S001150">Mr. Schiff</cosponsor>, <cosponsor name-id="S000510">Mr. Smith of Washington</cosponsor>, <cosponsor name-id="S001225">Mr. Sorensen</cosponsor>, <cosponsor name-id="S001200">Mr. Soto</cosponsor>, <cosponsor name-id="S001193">Mr. Swalwell</cosponsor>, <cosponsor name-id="T000472">Mr. Takano</cosponsor>, <cosponsor name-id="T000486">Mr. Torres of New York</cosponsor>, <cosponsor name-id="T000483">Mr. Trone</cosponsor>, <cosponsor name-id="W000822">Mrs. Watson Coleman</cosponsor>, and <cosponsor name-id="W000808">Ms. Wilson of Florida</cosponsor>) submitted the following concurrent resolution; which was referred to the <committee-name committee-id="HJU00">Committee on the Judiciary</committee-name></action-desc></action><legis-type>CONCURRENT RESOLUTION</legis-type><official-title display="yes">Supporting the goals and ideals of International Transgender Day of Visibility.</official-title></form><preamble> 
<whereas><text>Whereas International Transgender Day of Visibility was founded in 2009 to honor the achievements and contributions of the transgender community;</text></whereas> <whereas><text>Whereas International Transgender Day of Visibility is designed to be encompassing of a large community of diverse individuals;</text></whereas> 
<whereas><text>Whereas International Transgender Day of Visibility is a time to celebrate the lives and achievements of transgender individuals around the world, and to recognize the bravery it takes to live openly and authentically;</text></whereas> <whereas><text>Whereas International Transgender Day of Visibility is also a time to raise awareness of the discrimination and violence that the transgender community still faces, which make it difficult and even unsafe or fatal for many transgender individuals to be visible;</text></whereas> 
<whereas><text>Whereas the transgender community has suffered oppression disproportionately in many ways, including—</text> <paragraph id="HE5B4952FA7504F949C379320DFF584DC"><enum>(1)</enum><text>discrimination in employment and in the workplace;</text></paragraph> 
<paragraph id="H24C785605C544F2687553C6E7FAA6BFA"><enum>(2)</enum><text display-inline="yes-display-inline">discrimination in health care and housing;</text></paragraph> <paragraph id="HC1940EEA090043899E0E4E4A551205C9"><enum>(3)</enum><text display-inline="yes-display-inline">discrimination in access to public services;</text></paragraph> 
<paragraph id="HC992E0D4A7D44038B4BFEA12800FB30F"><enum>(4)</enum><text>discrimination in educational institutions; and</text></paragraph> <paragraph id="H1BD8A2EC9BED4C44AFBCE1E9A399E86D"><enum>(5)</enum><text>violence;</text></paragraph></whereas> 
<whereas><text>Whereas forms of anti-transgender oppression are exacerbated for transgender individuals of color, individuals with limited resources, immigrants, individuals living with disabilities, justice-involved individuals, and transgender youth;</text></whereas> <whereas><text>Whereas a record number of anti-transgender State bills have been introduced in recent years, including more than 700 bills in 2021, 2022, and 2023 combined, targeting areas such as—</text> 
<paragraph id="HE80818F0660F4561B7FF5F3E3F5FB1F7"><enum>(1)</enum><text display-inline="yes-display-inline">education, including by prohibiting school staff from acknowledging or respecting trangender pupils, colleagues, and family members, and barring transgender students from accessing gender-appropriate programs and facilities;</text></paragraph> <paragraph id="H02CBE7A1D83945C0BCC57F21C7031A0E"><enum>(2)</enum><text display-inline="yes-display-inline">health care, including both medically necessary transition-related medical care and general health care services;</text></paragraph> 
<paragraph id="HD05C71FC750A4FC7821898C3693F55DA"><enum>(3)</enum><text display-inline="yes-display-inline">public accommodations, such as safe access to public restrooms; and</text></paragraph> <paragraph id="H48968A6E23E44D17988AF630466BDCAA"><enum>(4)</enum><text>identification documents, including by restricting the ability to realign or correct birth certificates and other forms of identification;</text></paragraph></whereas> 
<whereas><text>Whereas the transgender community has made it clear that transgender individuals will not be erased and deserve to be accorded all of the rights and opportunities made available to all;</text></whereas> <whereas><text>Whereas, before the creation of the United States, Indigenous two-spirit, transgender individuals existed across North America in many Native American communities, with specific terms in their own languages for these members of their communities and the social and spiritual roles they fulfilled, and while many were lost or actively suppressed by the efforts of missionaries, government agents, boarding schools, and settlers, two-spirit individuals have promoted increase public awareness in recent decades;</text></whereas> 
<whereas><text>Whereas transgender individuals continue to tell their stories and push for full equity under the law;</text></whereas> <whereas><text>Whereas the civil-rights struggle has been strengthened and inspired by the leadership of the transgender community;</text></whereas> 
<whereas><text>Whereas transgender individuals in the United States have made significant strides in elected office and political representation;</text></whereas> <whereas><text>Whereas at least 31 States and the District of Columbia have at least 1 transgender elected official at the State or municipal level;</text></whereas> 
<whereas><text>Whereas there are at least 21 transgender, gender-nonconforming, or nonbinary elected officials in State legislatures, including—</text> <paragraph id="HFB9EA0418EEB4B7B8428A6FD96ADCCA4"><enum>(1)</enum><text display-inline="yes-display-inline">Lorena Austin;</text> </paragraph> 
<paragraph id="HDD4AC90156FA4EC790D48B6C1E2EEF00"><enum>(2)</enum><text display-inline="yes-display-inline">Gerri Cannon;</text></paragraph> <paragraph id="HC557F85A678F4947A1C9E6FF9F38DFE6"><enum>(3)</enum><text display-inline="yes-display-inline">Brion Curran;</text></paragraph> 
<paragraph id="H6DBD6004D40E46E08B5E1752D53B432A"><enum>(4)</enum><text>Emily Dievendorf;</text></paragraph> <paragraph id="HD2E4677F15EA4C23B1FD67CA5D4E691D"><enum>(5)</enum><text>Leigh Finke;</text></paragraph> 
<paragraph id="H4579E5996BE94F58B39E8AEC5515C4AE"><enum>(6)</enum><text>S.J. Howell;</text></paragraph> <paragraph id="H51BFF50928264A7EA435BF2E3604392D"><enum>(7)</enum><text>Dominique Johnson;</text></paragraph> 
<paragraph id="H81209CC37F0047979A26C702C9D99480"><enum>(8)</enum><text>Alicia Kozlowski;</text></paragraph> <paragraph id="HB864446B0FCA4794B337E4A22B8F60EB"><enum>(9)</enum><text>Sarah McBride;</text></paragraph> 
<paragraph id="HC8C375FE17464CC7B48C46256282530D"><enum>(10)</enum><text>Samantha Montano;</text></paragraph> <paragraph id="H4DE27CDB351C4433B9BCA13AC2AC353B"><enum>(11)</enum><text>Alissandra Murray;</text></paragraph> 
<paragraph id="H842E47E90D554A5C90DB6AD27901C841"><enum>(12)</enum><text>DeShanna Neal;</text></paragraph> <paragraph id="HCC00B250E01D40BC9B13C650D55A6213"><enum>(13)</enum><text>Danica Roem;</text></paragraph> 
<paragraph id="H8CA3BB26F69C4104BC9DFE5DDDE0B600"><enum>(14)</enum><text>James Roesener;</text></paragraph> <paragraph id="H2307E192AFA94784B210A3967B337095"><enum>(15)</enum><text display-inline="yes-display-inline">Abigail Salisbury;</text></paragraph> 
<paragraph id="H5DD4EC22F5C54342917ECF2E2CBA4449"><enum>(16)</enum><text>Taylor Small;</text></paragraph> <paragraph id="H2B15037931F94A92B09433C66AC8230A"><enum>(17)</enum><text>Izzy Smith-Wade-El;</text></paragraph> 
<paragraph id="H1A6AC8A56B2F403A854D5DAE632BB33F"><enum>(18)</enum><text>Brianna Titone;</text></paragraph> <paragraph id="H2498A91685AA4E5C98D1BF9F5EA3CABB"><enum>(19)</enum><text>Mauree Turner; and</text></paragraph> 
<paragraph id="H419FC9E7C2D34677AEE16DBC44E03FCF"><enum>(20)</enum><text>Zooey Zephyr;</text></paragraph></whereas> <whereas><text>Whereas voters in the State of Virginia elected Danica Roem to be the first openly transgender State legislator in the United States;</text></whereas> 
<whereas><text>Whereas voters in the State of Delaware elected Sarah McBride as the <italic></italic>first openly transgender State senator in the United States;</text></whereas> <whereas><text>Whereas voters in the State of Oklahoma elected Mauree Turner as the first openly nonbinary State legislator in the United States;</text></whereas> 
<whereas><text>Whereas voters in the State of New Hampshire elected James Roesener as the first openly transgender man State legislator in the United States;</text></whereas> <whereas><text>Whereas 6 States have at least 1 transgender or gender-nonconforming jurist on the bench;</text> </whereas> 
<whereas><text>Whereas Admiral Rachel L. Levine, MD, was the first openly transgender Federal official confirmed by the United States Senate and is the highest ranking openly transgender Federal Government official in the history of the United States;</text></whereas> <whereas><text>Whereas more transgender individuals are appearing in movies, on television, and in all forms of media, raising awareness of their experiences and the importance of living authentically;</text></whereas> 
<whereas><text>Whereas transgender individuals have created culture and history as artists, musicians, organizers, and leaders; and</text></whereas> <whereas><text>Whereas International Transgender Day of Visibility is a time to celebrate the transgender community around the world: Now, therefore, be it</text></whereas></preamble><resolution-body style="traditional" id="H6CD9273C52684F1FAE8107589EA8E456"> 
<section display-inline="yes-display-inline" section-type="undesignated-section" id="HF4A3FD30CE594E1D844176B7076750BC"><text>That Congress—</text> <paragraph id="HB47E7F3C55424762BFEA5684E77FEA7D"><enum>(1)</enum><text>supports the goals and ideals of International Transgender Day of Visibility;</text></paragraph> 
<paragraph id="HACC8E944EC2A453EAF11945084AEAC6D"><enum>(2)</enum><text>encourages the people of the United States to observe International Transgender Day of Visibility with appropriate ceremonies, programs, and activities;</text></paragraph> <paragraph id="H440D84A7145E46B48CDD701873378A03"><enum>(3)</enum><text>celebrates the accomplishments and leadership of transgender individuals; and</text></paragraph> 
<paragraph id="HEC927671800E4C24917790C4AD45CD42"><enum>(4)</enum><text>recognizes the bravery of the transgender community as it fights for equal dignity and respect.</text></paragraph></section> </resolution-body></resolution>

