<?xml version="1.0"?>
<?xml-stylesheet type="text/xsl" href="billres.xsl"?>
<!DOCTYPE resolution PUBLIC "-//US Congress//DTDs/res.dtd//EN" "res.dtd">
<resolution resolution-stage="Introduced-in-House" dms-id="H3341659C7F8546D58E8F0546D4B9FFF6" public-private="public" resolution-type="house-concurrent" star-print="no-star-print" key="H"><metadata xmlns:dc="http://purl.org/dc/elements/1.1/">
<dublinCore>
<dc:title>118 HCON 133 IH: Expressing the sense of Congress that public health professionals should be commended for their dedication and service to the United States on Public Health Thank You Day, November 25, 2024.</dc:title>
<dc:publisher>U.S. House of Representatives</dc:publisher>
<dc:date>2024-11-22</dc:date>
<dc:format>text/xml</dc:format>
<dc:language>EN</dc:language>
<dc:rights>Pursuant to Title 17 Section 105 of the United States Code, this file is not subject to copyright protection and is in the public domain.</dc:rights>
</dublinCore>
</metadata>
<form>
<distribution-code display="yes">IV</distribution-code><congress display="yes">118th CONGRESS</congress><session display="yes">2d Session</session><legis-num display="yes">H. CON. RES. 133</legis-num><current-chamber>IN THE HOUSE OF REPRESENTATIVES</current-chamber><action display="yes"><action-date date="20241122">November 22, 2024</action-date><action-desc><sponsor name-id="W000804">Mr. Wittman</sponsor> (for himself and <cosponsor name-id="U000040">Ms. Underwood</cosponsor>) submitted the following concurrent resolution; which was referred to the <committee-name committee-id="HIF00">Committee on Energy and Commerce</committee-name></action-desc></action><legis-type>CONCURRENT RESOLUTION</legis-type><official-title display="yes">Expressing the sense of Congress that public health professionals should be commended for their dedication and service to the United States on Public Health Thank You Day, November 25, 2024.</official-title></form><preamble><whereas><text>Whereas the health, security, and well-being of people in the United States is integral to a functioning democracy and strong economy;</text></whereas><whereas><text>Whereas public health research and practice advances each of such core attributes of a thriving Nation;</text></whereas><whereas><text>Whereas emerging and reemerging infectious and zoonotic diseases are an ongoing threat to the health of people in the United States and globally;</text></whereas><whereas><text>Whereas the dedicated individuals who work to advance the public health play an instrumental role in lessening the burden of disease through research, surveillance and monitoring, education, and prevention by developing strategies, tools, policies, and programs, and in so doing are essential to improving quality of life and extending life expectancy;</text></whereas><whereas><text>Whereas public health professionals have continuously shown their value in reducing and abating health and environmental threats such as influenza, tracing and addressing foodborne illnesses and other disease outbreaks, and promoting wellness by encouraging healthy behaviors;</text></whereas><whereas><text>Whereas public health workers play a critical role in improving the quality of maternal and infant care and addressing the maternal mortality crisis;</text></whereas><whereas><text>Whereas the maternal mortality crisis has been exacerbated in the wake of the COVID–19 pandemic and public health workers play a critical role in addressing the crisis;</text></whereas><whereas><text>Whereas poor air quality, poor water quality, inadequate sanitation, social determinants, and behavioral factors exacerbate disease;</text></whereas><whereas><text>Whereas, in 2023, approximately 1,250,000 people died of tuberculosis and 630,000 people died of HIV/AIDS, and a projected 608,000 people died of malaria;</text></whereas><whereas><text>Whereas first responders who put themselves in harm’s way to protect and defend the public health are an imperative resource to the United States and its citizens;</text></whereas><whereas><text>Whereas public health professionals are devoted to preventing other infectious diseases from spreading and to reducing the impact of the spectrum of longstanding and emerging global health threats in order to forestall and minimize the damage of future outbreaks;</text></whereas><whereas><text>Whereas investments in public health professionals are essential to averting public health crises and ensuring the safety of all Americans in the event of any future public health emergency;</text></whereas><whereas><text>Whereas public health professionals play a key role in addressing the growing mental health crisis in the United States where it is estimated that more than 1 in 5 adults live with a mental illness and more than 49,300 committed suicide in 2023;</text></whereas><whereas><text>Whereas public health professionals play a critical role in combating opioid addiction and opioid-related overdose deaths, which are devastating communities across the Nation;</text></whereas><whereas><text>Whereas public health professionals are pivotal to combating antimicrobial resistance, which affects 2,800,000 people in the United States and leads to the deaths of at least 35,000 Americans and 1,700,000 individuals globally each year;</text></whereas><whereas><text>Whereas public health professionals play a central role in reducing racial, ethnic, and geographical disparities in health and health care that erode the Nation’s strength, prosperity, and productivity;</text></whereas><whereas><text>Whereas COVID–19 has intensified health disparities, disproportionately affecting communities of color and creating acute health care challenges in rural areas of the Nation; and</text></whereas><whereas><text>Whereas public health professionals are among the heroic first responders who confront and work to prevent natural disasters and environmental hazards that present a persistent threat to the life, health, and safety of all individuals in the United States: Now, therefore, be it</text></whereas></preamble><resolution-body style="traditional" id="HA6A8C07E184B41F48C407F0E76FDBF36"><section display-inline="yes-display-inline" section-type="undesignated-section" id="HBF63F9DD13A44E0EBF720DC275ED746C"><enum/><text>That it is the sense of Congress that public health professionals are to be applauded, extolled, and thanked on Public Health Thank You Day for their widespread and meaningful contributions to the Nation and global community.</text></section></resolution-body></resolution> 

