<?xml version="1.0"?>
<?xml-stylesheet type="text/xsl" href="billres.xsl"?>
<!DOCTYPE resolution PUBLIC "-//US Congress//DTDs/res.dtd//EN" "res.dtd">
<resolution resolution-stage="Introduced-in-House" dms-id="HFB08FF9466B1400C83546B35666101B5" public-private="public" resolution-type="house-concurrent" star-print="no-star-print" key="H"><metadata xmlns:dc="http://purl.org/dc/elements/1.1/">
<dublinCore>
<dc:title>118 HCON 122 IH: Expressing the sense of Congress that Operation Legend was successful in reducing and combating violent crime in the largest cities of the United States and that a future presidential administration committed to enforcing and maintaining law and order should consider implementing a similar policy.</dc:title>
<dc:publisher>U.S. House of Representatives</dc:publisher>
<dc:date>2024-07-25</dc:date>
<dc:format>text/xml</dc:format>
<dc:language>EN</dc:language>
<dc:rights>Pursuant to Title 17 Section 105 of the United States Code, this file is not subject to copyright protection and is in the public domain.</dc:rights>
</dublinCore>
</metadata>
<form>
<distribution-code display="yes">IV</distribution-code><congress display="yes">118th CONGRESS</congress><session display="yes">2d Session</session><legis-num display="yes">H. CON. RES. 122</legis-num><current-chamber>IN THE HOUSE OF REPRESENTATIVES</current-chamber><action display="yes"><action-date date="20240725">July 25, 2024</action-date><action-desc><sponsor name-id="K000392">Mr. Kustoff</sponsor> submitted the following concurrent resolution; which was referred to the <committee-name committee-id="HJU00">Committee on the Judiciary</committee-name></action-desc></action><legis-type>CONCURRENT RESOLUTION</legis-type><official-title display="yes">Expressing the sense of Congress that Operation Legend was successful in reducing and combating violent crime in the largest cities of the United States and that a future presidential administration committed to enforcing and maintaining law and order should consider implementing a similar policy.</official-title></form><preamble><whereas><text>Whereas, in the wake of a surge in violent crime throughout many of the largest cities in the United States, Attorney General William Barr announced the launch of Operation Legend on July 8, 2020;</text></whereas><whereas><text>Whereas this groundbreaking operation was named in honor of LeGend Taliferro, a 4-year-old boy from Kansas City, Missouri, who was tragically shot and killed while he was sleeping;</text></whereas><whereas><text>Whereas, throughout the summer of 2020, violent crime—including homicides, aggravated assaults, and firearm offenses—rose dramatically in large cities like Chicago, New York City, Kansas City, Philadelphia, and Memphis;</text></whereas><whereas><text>Whereas the Trump administration took decisive steps to curb the rampant violence occurring in these cities by instituting Operation Legend;</text></whereas><whereas><text>Whereas Operation Legend was a measured, coordinated, and effective initiative that deployed Federal law enforcement agents to work in conjunction with State and local law enforcement officials to fight violent crime;</text></whereas><whereas><text>Whereas, over the course of 6 months, Operation Legend provided Federal law enforcement agents to 10 of the largest cities in the United States: Albuquerque, Baltimore, Chicago, Cleveland, Detroit, Indianapolis, Kansas City, Memphis, Milwaukee, and St. Louis;</text></whereas><whereas><text>Whereas Operation Legend was tremendously successful in targeting the surge in violent crime, resulting in over 6,000 arrests—including an estimated 467 arrests for homicide—in addition to the seizures of over 2,600 illegal firearms and over 17 kilograms of fentanyl;</text></whereas><whereas><text>Whereas, 4 years after the launch of Operation Legend, several major cities in the United States continue to struggle with waves of violent crime;</text></whereas><whereas><text>Whereas Kansas City recorded its deadliest year on record in 2023 with 185 homicides and, between 2022 and 2023, violent crime increased by 11.5 percent in Chicago, the homicide rate in Memphis rose by 50 percent, and Washington, DC saw a significant increase in homicides, carjackings, and armed robberies;</text></whereas><whereas><text>Whereas several of the largest cities in the United States continue to bear the brunt of violent crime surges, with their citizens feeling increasingly unsafe;</text></whereas><whereas><text>Whereas, according to Attorney General Merrick Garland, <quote>there is no acceptable level of violent crime. Too many communities are still struggling, too many people are still scared</quote>;</text></whereas><whereas><text>Whereas, according to a recent Gallup poll, 63 percent of people in the United States, the highest rate in decades, view crime as a serious problem; and</text></whereas><whereas><text>Whereas, given the continuing scourge of violent crime in several cities in the United States, an initiative similar to Operation Legend is essential to reducing violent crime in those areas: Now, therefore, be it</text></whereas></preamble><resolution-body style="traditional" id="HB49FCC25C7E54EA3BEE07A90D85D04F5"><section display-inline="yes-display-inline" section-type="undesignated-section" id="H4A7EAC8A41C840488E6D320C05071253"><enum/><text>That it is the sense of Congress that a future presidential administration committed to enforcing or maintaining law and order should—</text><paragraph id="HDE88EA78269244F98CBD428547648ED1"><enum>(1)</enum><text>consider instituting a policy similar to Operation Legend that deploys Federal law enforcement agents to systematically target crime in cities still plagued with rises in homicides and other violent offenses; and</text></paragraph><paragraph id="HE2B4461513D6439EBCB042E7E5B3161A"><enum>(2)</enum><text>provide significant grant funding to State and local governments that shall be used to—</text><subparagraph id="H3272DFB8777744998BC4A619B6CC7C6F"><enum>(A)</enum><text>hire and train more law enforcement officers, including by awarding bonuses to law enforcement officers;</text></subparagraph><subparagraph id="H2A906A133E5F450781F1385A3058F6FE"><enum>(B)</enum><text>prevent violent crime by prioritizing stringent sentences for repeat offenders; and</text></subparagraph><subparagraph id="H6244B428264E4070AF5F59629D3970D4"><enum>(C)</enum><text>utilize public safety tools such as bail and pretrial detention to prevent dangerous offenders from returning to communities.</text></subparagraph></paragraph></section></resolution-body></resolution> 

