<?xml version="1.0"?>
<?xml-stylesheet type="text/xsl" href="billres.xsl"?>
<!DOCTYPE resolution PUBLIC "-//US Congress//DTDs/res.dtd//EN" "res.dtd">
<resolution dms-id="H3B968C6BD80F4EDFB33CCEF435448848" public-private="public" resolution-stage="Received-in-Senate" resolution-type="house-concurrent" star-print="no-star-print" key="G" stage-count="1"><metadata xmlns:dc="http://purl.org/dc/elements/1.1/">
<dublinCore>
<dc:title>118 HCON 134 : Directing the Clerk of the House of Representatives to make a correction in the enrollment of the bill H.R. 5009. </dc:title>
<dc:publisher>U.S. House of Representatives</dc:publisher>
<dc:date>2024-12-12</dc:date>
<dc:format>text/xml</dc:format>
<dc:language>EN</dc:language>
<dc:rights>Pursuant to Title 17 Section 105 of the United States Code, this file is not subject to copyright protection and is in the public domain.</dc:rights>
</dublinCore>
</metadata>
<form>
<distribution-code display="yes">III</distribution-code><congress display="yes">118th CONGRESS</congress><session display="yes">2d Session</session><legis-num>H. CON. RES. 134</legis-num><current-chamber>IN THE SENATE OF THE UNITED STATES</current-chamber><action><action-date date="20241212">December 12, 2024</action-date><action-desc>Received</action-desc></action><legis-type>CONCURRENT RESOLUTION</legis-type><official-title display="yes">Directing the Clerk of the House of Representatives to make a correction in the enrollment of the bill H.R. 5009. </official-title></form><resolution-body style="traditional" id="HC570B2B72F2145D1BB90099BE6ED966E"><section display-inline="yes-display-inline" section-type="undesignated-section" id="H572467FB4A3541268ABF9305F48CF7FB"><enum/><text display-inline="yes-display-inline">That in the enrollment of the bill H.R. 5009, the Clerk of the House of Representatives shall make the following correction: Amend the long title so as to read: <quote>An Act to authorize appropriations for fiscal year 2025 for military activities of the Department of Defense, for military construction, and for defense<pagebreak></pagebreak> activities of the Department of Energy, to prescribe military personnel strengths for such fiscal year, and for other purposes.</quote>.</text></section></resolution-body><attestation><attestation-group><attestation-date date="20241211" chamber="House">Passed the House of Representatives December 11, 2024.</attestation-date><attestor display="yes">Kevin F. McCumber,</attestor><role>Clerk.</role></attestation-group></attestation></resolution> 

