<?xml version="1.0"?>
<?xml-stylesheet type="text/xsl" href="billres.xsl"?>
<!DOCTYPE resolution PUBLIC "-//US Congress//DTDs/res.dtd//EN" "res.dtd">
<resolution resolution-stage="Introduced-in-House" dms-id="H951C6427A1C7444E89C71E1C1E70F681" public-private="public" resolution-type="house-concurrent" star-print="no-star-print" key="H"><metadata xmlns:dc="http://purl.org/dc/elements/1.1/">
<dublinCore>
<dc:title>118 HCON 128 IH: Expressing support for the designation of September 29, 2024, as “Veterans of Foreign Wars of the United States Day”.</dc:title>
<dc:publisher>U.S. House of Representatives</dc:publisher>
<dc:date>2024-09-10</dc:date>
<dc:format>text/xml</dc:format>
<dc:language>EN</dc:language>
<dc:rights>Pursuant to Title 17 Section 105 of the United States Code, this file is not subject to copyright protection and is in the public domain.</dc:rights>
</dublinCore>
</metadata>
<form>
<distribution-code display="yes">IV</distribution-code><congress display="yes">118th CONGRESS</congress><session display="yes">2d Session</session><legis-num display="yes">H. CON. RES. 128</legis-num><current-chamber>IN THE HOUSE OF REPRESENTATIVES</current-chamber><action display="yes"><action-date date="20240910">September 10, 2024</action-date><action-desc><sponsor name-id="V000135">Mr. Van Orden</sponsor> (for himself, <cosponsor name-id="D000530">Mr. Deluzio</cosponsor>, <cosponsor name-id="F000466">Mr. Fitzpatrick</cosponsor>, <cosponsor name-id="S000522">Mr. Smith of New Jersey</cosponsor>, <cosponsor name-id="B001260">Mr. Buchanan</cosponsor>, <cosponsor name-id="D000628">Mr. Dunn of Florida</cosponsor>, <cosponsor name-id="M001216">Mr. Mills</cosponsor>, <cosponsor name-id="N000190">Mr. Norman</cosponsor>, <cosponsor name-id="E000071">Mr. Ellzey</cosponsor>, <cosponsor name-id="M001194">Mr. Moolenaar</cosponsor>, <cosponsor name-id="M001199">Mr. Mast</cosponsor>, <cosponsor name-id="M001215">Mrs. Miller-Meeks</cosponsor>, <cosponsor name-id="W000828">Mr. Williams of New York</cosponsor>, <cosponsor name-id="T000165">Mr. Tiffany</cosponsor>, <cosponsor name-id="L000593">Mr. Levin</cosponsor>, <cosponsor name-id="M001222">Mr. Miller of Ohio</cosponsor>, <cosponsor name-id="L000599">Mr. Lawler</cosponsor>, <cosponsor name-id="K000388">Mr. Kelly of Mississippi</cosponsor>, <cosponsor name-id="H001096">Ms. Hageman</cosponsor>, <cosponsor name-id="B000740">Mrs. Bice</cosponsor>, <cosponsor name-id="J000304">Mr. Jackson of Texas</cosponsor>, <cosponsor name-id="C001120">Mr. Crenshaw</cosponsor>, <cosponsor name-id="M001196">Mr. Moulton</cosponsor>, <cosponsor name-id="D000624">Mrs. Dingell</cosponsor>, <cosponsor name-id="N000026">Mr. Nehls</cosponsor>, <cosponsor name-id="R000575">Mr. Rogers of Alabama</cosponsor>, <cosponsor name-id="B000490">Mr. Bishop of Georgia</cosponsor>, <cosponsor name-id="C001135">Mrs. Chavez-DeRemer</cosponsor>, <cosponsor name-id="M001218">Mr. McCormick</cosponsor>, <cosponsor name-id="Z000018">Mr. Zinke</cosponsor>, <cosponsor name-id="H001086">Mrs. Harshbarger</cosponsor>, <cosponsor name-id="D000230">Mr. Davis of North Carolina</cosponsor>, <cosponsor name-id="M001220">Mr. McGarvey</cosponsor>, <cosponsor name-id="T000467">Mr. Thompson of Pennsylvania</cosponsor>, <cosponsor name-id="B001295">Mr. Bost</cosponsor>, <cosponsor name-id="E000235">Mr. Ezell</cosponsor>, <cosponsor name-id="E000246">Mr. Edwards</cosponsor>, <cosponsor name-id="L000601">Mr. Landsman</cosponsor>, <cosponsor name-id="S001177">Mr. Sablan</cosponsor>, <cosponsor name-id="M001214">Mr. Mrvan</cosponsor>, <cosponsor name-id="S001225">Mr. Sorensen</cosponsor>, <cosponsor name-id="R000579">Mr. Ryan</cosponsor>, <cosponsor name-id="G000582">Mrs. González-Colón</cosponsor>, <cosponsor name-id="C001059">Mr. Costa</cosponsor>, <cosponsor name-id="R000600">Mrs. Radewagen</cosponsor>, <cosponsor name-id="M001157">Mr. McCaul</cosponsor>, <cosponsor name-id="B001314">Mr. Bean of Florida</cosponsor>, <cosponsor name-id="M001223">Mr. Magaziner</cosponsor>, <cosponsor name-id="H001090">Mr. Harder of California</cosponsor>, <cosponsor name-id="B001285">Ms. Brownley</cosponsor>, <cosponsor name-id="L000598">Mr. LaLota</cosponsor>, <cosponsor name-id="C001133">Mr. Ciscomani</cosponsor>, <cosponsor name-id="D000594">Ms. De La Cruz</cosponsor>, <cosponsor name-id="P000607">Mr. Pocan</cosponsor>, and <cosponsor name-id="J000309">Mr. Jackson of Illinois</cosponsor>) submitted the following concurrent resolution; which was referred to the <committee-name committee-id="HVR00">Committee on Veterans' Affairs</committee-name></action-desc></action><legis-type>CONCURRENT RESOLUTION</legis-type><official-title display="yes">Expressing support for the designation of September 29, 2024, as <quote>Veterans of Foreign Wars of the United States Day</quote>.</official-title></form><preamble><whereas><text>Whereas the organization now known as the Veterans of Foreign Wars of the United States was founded in Columbus, Ohio, on September 29, 1899, in the aftermath of the Spanish-American War and the Philippine Insurrection;</text></whereas><whereas><text>Whereas the 125th anniversary of the founding of the Veterans of Foreign Wars of the United States will occur on September 29, 2024;</text></whereas><whereas><text>Whereas the Veterans of Foreign Wars of the United States has, for the past 125 years, provided voluntary and unselfish service to the Armed Forces, veterans, and the Nation by advocating for overarching veterans’ benefits programs, facilitating veterans transitioning back to civilian society, serving the communities in which veterans live, and taking a national leadership role on substantive issues important to all veterans of the Armed Forces; and</text></whereas><whereas><text>Whereas the 125th anniversary of the founding of the Veterans of Foreign Wars of the United States provides an opportunity to recognize, honor, and pay tribute to the nearly 1,000,000 veterans of the Armed Forces represented by that organization who served in combat from World War II to the present day: Now, therefore, be it</text></whereas></preamble><resolution-body style="traditional" id="HC28F83E93CFD419F880F69E4B6F9345B"><section id="H1CF731B7DD4947408F7E3EDA20346D6D" section-type="undesignated-section" display-inline="yes-display-inline"><enum/><text display-inline="yes-display-inline">That Congress—</text><paragraph id="H1ED8D0A16F6149A2857532951F51556C"><enum>(1)</enum><text>expresses support for the designation of <quote>Veterans of Foreign Wars of the United States Day</quote>;</text></paragraph><paragraph id="HE01BF2DE12E74A2F91637A203441E2CC"><enum>(2)</enum><text>recognizes the historic significance of the 125th anniversary of the founding of the Veterans of Foreign Wars of the United States;</text></paragraph><paragraph id="HCCC836B4A03A456AA935A3E3BD686265"><enum>(3)</enum><text>congratulates the organization on achieving that milestone;</text></paragraph><paragraph id="HF01E4012616F489F94CFDD23CF40510F"><enum>(4)</enum><text>commends the nearly 1,000,000 veterans who belong to the Veterans of Foreign Wars of the United States and thanks them for their service to their fellow veterans and the Nation; and</text></paragraph><paragraph id="H5772E092B682421783C1542F9C1EACD0"><enum>(5)</enum><text>authorizes and requests the President to issue a proclamation calling upon all government agencies and the people of the United States to observe the day with appropriate ceremonies, programs, and activities.</text></paragraph></section><section display-inline="yes-display-inline" section-type="undesignated-section" id="HFD02BBCEB9FF4216A4AF03942325B652"></section></resolution-body></resolution> 

