<?xml version="1.0"?>
<?xml-stylesheet type="text/xsl" href="billres.xsl"?>
<!DOCTYPE resolution PUBLIC "-//US Congress//DTDs/res.dtd//EN" "res.dtd">
<resolution resolution-stage="Enrolled-Bill" dms-id="H40EA1DECC18A4798A1B3BFE3759DE1FA" public-private="public" resolution-type="house-concurrent" star-print="no-star-print" key="H" stage-count="1"> 
<metadata xmlns:dc="http://purl.org/dc/elements/1.1/">
<dublinCore>
<dc:title> HCON 124 ENR: Authorizing the use of Emancipation Hall in the Capitol Visitor Center for a ceremony to present the Congressional Gold Medals awarded under the Hidden Figures Congressional Gold Medal Act.</dc:title>
<dc:publisher>U.S. House of Representatives</dc:publisher>
<dc:date>2024-09-10</dc:date>
<dc:format>text/xml</dc:format>
<dc:language>EN</dc:language>
<dc:rights>Pursuant to Title 17 Section 105 of the United States Code, this file is not subject to copyright protection and is in the public domain.</dc:rights>
</dublinCore>
</metadata>
<form>
<distribution-code display="no">IV</distribution-code> 
<congress display="yes">One Hundred Eighteenth Congress of the United States of America</congress> 
<session display="yes">At the Second Session</session><enrolled-dateline>Begun and held at the City of Washington on Wednesday, the third day of January, two thousand and twenty-four</enrolled-dateline> 
<legis-num display="yes">H. CON. RES. 124</legis-num> 
<current-chamber display="no"></current-chamber>
<action>
<action-date date="20240910">September 10, 2024</action-date>
<action-desc>Agreed to</action-desc>
</action> 
<legis-type>CONCURRENT RESOLUTION</legis-type> 
<official-title display="no">Authorizing the use of Emancipation Hall in the Capitol Visitor Center for a ceremony to present the Congressional Gold Medals awarded under the Hidden Figures Congressional Gold Medal Act.</official-title> 
</form> 
<resolution-body style="OLC" id="HC2E3197AAE00423F8D3147804FA0DD20"> 
<section display-inline="no-display-inline" section-type="section-one" id="HF7A1506D72454545AD957939956480FF"><enum>1.</enum><header>Use of Emancipation Hall for ceremony to present Congressional Gold Medals awarded under Hidden Figures Congressional Gold Medal Act</header> 
<subsection id="H02A3212AE53746AE8CB820EA923CCED2"><enum>(a)</enum><header>Authorization</header><text display-inline="yes-display-inline">Emancipation Hall in the Capitol Visitor Center is authorized to be used on September 18, 2024, for a ceremony to present the Congressional Gold Medals awarded under the Hidden Figures Congressional Gold Medal Act (<external-xref legal-doc="public-law" parsable-cite="pl/116/68">Public Law 116–68</external-xref>).</text></subsection> <subsection id="HD59BE8A4814D4EADA1FED436EC35B2D6"><enum>(b)</enum><header>Preparations</header><text>Physical preparations for the conduct of the ceremony described in subsection (a) shall be carried out in accordance with such conditions as the Architect of the Capitol may prescribe.</text></subsection></section> 
</resolution-body> 
<attestation><attestation-group><role>Clerk of the House of Representatives.</role></attestation-group><attestation-group><role>Secretary of the Senate.</role></attestation-group></attestation>
</resolution> 


