<?xml version="1.0"?>
<?xml-stylesheet type="text/xsl" href="billres.xsl"?>
<!DOCTYPE resolution PUBLIC "-//US Congress//DTDs/res.dtd//EN" "res.dtd">
<resolution resolution-stage="Introduced-in-House" dms-id="HD5BFB15D81034CA2BFEFFFA976B61335" public-private="public" resolution-type="house-concurrent" star-print="no-star-print" key="H"><metadata xmlns:dc="http://purl.org/dc/elements/1.1/">
<dublinCore>
<dc:title>118 HCON 123 IH: Directing legislative branch support offices to take certain actions to promote the procurement of goods and services from the AbilityOne program established under chapter 85 of title 41, United States Code (commonly known as the Javits-Wagner-O’Day Act), and for other purposes.</dc:title>
<dc:publisher>U.S. House of Representatives</dc:publisher>
<dc:date>2024-08-02</dc:date>
<dc:format>text/xml</dc:format>
<dc:language>EN</dc:language>
<dc:rights>Pursuant to Title 17 Section 105 of the United States Code, this file is not subject to copyright protection and is in the public domain.</dc:rights>
</dublinCore>
</metadata>
<form>
<distribution-code display="yes">IV</distribution-code><congress display="yes">118th CONGRESS</congress><session display="yes">2d Session</session><legis-num display="yes">H. CON. RES. 123</legis-num><current-chamber>IN THE HOUSE OF REPRESENTATIVES</current-chamber><action display="yes"><action-date date="20240802">August 2, 2024</action-date><action-desc><sponsor name-id="C001130">Ms. Crockett</sponsor> (for herself, <cosponsor name-id="M001221">Mr. Molinaro</cosponsor>, <cosponsor name-id="L000583">Mr. Loudermilk</cosponsor>, and <cosponsor name-id="T000460">Mr. Thompson of California</cosponsor>) submitted the following concurrent resolution; which was referred to the <committee-name committee-id="HHA00">Committee on House Administration</committee-name></action-desc></action><legis-type>CONCURRENT RESOLUTION</legis-type><official-title display="yes">Directing legislative branch support offices to take certain actions to promote the procurement of goods and services from the AbilityOne program established under <external-xref legal-doc="usc-chapter" parsable-cite="usc-chapter/41/85">chapter 85</external-xref> of title 41, United States Code (commonly known as the Javits-Wagner-O’Day Act), and for other purposes.</official-title></form><preamble><whereas><text>Whereas in 1971, Congress passed the Javits-Wagner-O’Day Act to advance employment opportunities for Americans who are blind or who have significant disabilities by requiring the Federal Government, including legislative entities, when seeking to procure a product or service, to first assess whether their needs can be met by products or services provided by Ability One Participating Agencies and included on the AbilityOne Procurement List maintained by the AbilityOne Commission; and</text></whereas><whereas><text>Whereas, as a result of the AbilityOne Program, tens of thousands of Americans who are blind or who have significant disabilities, including a large and growing number of returning veterans, are employed at competitive wages providing products and services to the Federal Government, greatly enhancing their self-sufficiency and providing critical career skills: Now, therefore, be it</text></whereas></preamble><resolution-body style="OLC" id="HD9160708BF8044BDB393DF29F259F829"><section id="H3D1813AD90174798A9AA66C0947536E9" section-type="section-one"><enum>1.</enum><header>Appointment of AbilityOne Representative</header><subsection id="HBF83E28015644C1FA356C8778E74B3C7"><enum>(a)</enum><header>Designation of position</header><text>Not later than 30 days after the date of the adoption of this resolution, the head of each Legislative Branch Support Office shall designate an employee in the Office to serve in a position to be known as the <quote>AbilityOne Representative</quote>.</text></subsection><subsection id="HB80ED021D0F8488AA01E1FDC7DB0B15C"><enum>(b)</enum><header>Duties</header><text>The employee serving as the AbilityOne Representative of a Legislative Branch Support Office shall carry out the following duties:</text><paragraph id="H62963B06A203498CA29AB76DBCF327AD"><enum>(1)</enum><text>Promoting the purchase and use of AbilityOne products and services within the office.</text></paragraph><paragraph id="H78835F74344849F8B5C49ECD4D5803A0"><enum>(2)</enum><text>Providing the data required for preparing the annual report required under section 2.</text></paragraph><paragraph id="HE7E0F27C7ECB48F890A61A453934117C"><enum>(3)</enum><text display-inline="yes-display-inline">Ensuring compliance with AbilityOne Commission regulations, as applicable.</text></paragraph><paragraph id="H7037FF00BAB24857BE59ACF08995D720"><enum>(4)</enum><text>Serving as a liaison to Members of Congress, AbilityOne Participating Agencies, the AbilityOne Commission, and the Commission’s designated central nonprofit agencies on matters in the Office which relate to the AbilityOne program.</text></paragraph><paragraph id="H7FE928C99ABD4B1D8EDD9F73CEF39484"><enum>(5)</enum><text>Developing and monitoring the implementation of a written strategic plan for increasing procurement by the Office from the AbilityOne program.</text></paragraph></subsection></section><section id="HE64D2C3AEE9B445E9B3D60D88A95CEC6"><enum>2.</enum><header>Annual report</header><text display-inline="no-display-inline">Not later than January 1 of each calendar year, beginning with 2025, the head of each Legislative Branch Support Office shall submit to Congress a report on—</text><paragraph id="HD0AE0E30323E4C6CABE23CB0A73CFA3C"><enum>(1)</enum><text>the total amount spent on the procurement of products and services by the office during the previous fiscal year;</text></paragraph><paragraph id="HEE00A2F90753413EB8326C8C2C5F49EC"><enum>(2)</enum><text>of the amount described in paragraph (1), the total amount spent on AbilityOne products and services;</text></paragraph><paragraph id="HE5FC2D919587403C81D9B214C384A8BB"><enum>(3)</enum><text>of the products and services described in paragraph (1), a description of the products or services which were purchased from the AbilityOne program and which were not;</text></paragraph><paragraph id="H74CBC593595040FD835C23B5FBC11319"><enum>(4)</enum><text display-inline="yes-display-inline">for each product and service described in paragraph (3) which was not purchased from the AbilityOne program, an explanation of why the product or service was procured from a source outside of the AbilityOne program;</text></paragraph><paragraph id="H27E2451FB8514CFABAE6BAA585A0F086"><enum>(5)</enum><text>qualitative information on efforts to increase procurement through the AbilityOne program; and</text></paragraph><paragraph id="HA5CAA58DBA9840329868F141CAD24AE1"><enum>(6)</enum><text>qualitative information on any obstacles faced in increasing procurement from the AbilityOne program.</text></paragraph></section><section id="HA6BA65E1C0C549CFA20E3B093CCDE722"><enum>3.</enum><header>Definitions</header><text display-inline="no-display-inline">In this resolution, the following definitions apply:</text><paragraph id="HDFFA3DA37DEF4345863116EEAC0B208A"><enum>(1)</enum><text display-inline="yes-display-inline">The term <term>AbilityOne Commission</term> means the Committee for Purchase From People Who Are Blind or Severely Disabled established under section 8502 of title 41, United States Code.</text></paragraph><paragraph id="H32CD19857F544236809303BE067D046D"><enum>(2)</enum><text display-inline="yes-display-inline">The term <term>AbilityOne Participating Agency</term> means a nonprofit agency for the blind or a nonprofit agency employing persons with significant disabilities which is authorized by the AbilityOne Commission to provide products or services pursuant to <external-xref legal-doc="usc-chapter" parsable-cite="usc-chapter/41/85">chapter 85</external-xref> of title 41, United States Code (commonly known as the Javits-Wagner-O’Day Act), and associated regulations.</text></paragraph><paragraph id="HCEC6F877B6844C69B11D35A652242BA9"><enum>(3)</enum><text display-inline="yes-display-inline">The term <term>AbilityOne Procurement List</term> means the list of products and services determined by the AbilityOne Commission to be suitable to be procured by the Federal Government from AbilityOne Participating Agencies pursuant to section 8503 of title 41, United States Code.</text></paragraph><paragraph id="HBE95F5F818E14F1081B380F0FBC9CCB0"><enum>(4)</enum><text display-inline="yes-display-inline">The term <term>AbilityOne program</term> means the program established under <external-xref legal-doc="usc-chapter" parsable-cite="usc-chapter/41/85">chapter 85</external-xref> of title 41, United States Code (commonly known as the Javits-Wagner-O’Day Act).</text></paragraph><paragraph id="HC7A9193A55A84519B1105E0A58E28344"><enum>(5)</enum><text>The term <term>Legislative Branch Support Office</term> means an office for which appropriations for salaries and expenses for a fiscal year are provided by the Legislative Branch Appropriations Act for such fiscal year, except that such term does not include any office of the House of Representatives or Senate.</text></paragraph></section></resolution-body></resolution> 

