<?xml version="1.0"?>
<?xml-stylesheet type="text/xsl" href="billres.xsl"?>
<!DOCTYPE resolution PUBLIC "-//US Congress//DTDs/res.dtd//EN" "res.dtd">
<resolution resolution-stage="Introduced-in-House" public-private="public" dms-id="H7C44AFF75FB44C4B904C3CADC5182D53" resolution-type="house-concurrent"><metadata xmlns:dc="http://purl.org/dc/elements/1.1/">
<dublinCore>
<dc:title>119 HCON 37 IH: Urging the establishment of a United States Commission on Truth, Racial Healing, and Transformation.</dc:title>
<dc:publisher>U.S. House of Representatives</dc:publisher>
<dc:date>2025-06-12</dc:date>
<dc:format>text/xml</dc:format>
<dc:language>EN</dc:language>
<dc:rights>Pursuant to Title 17 Section 105 of the United States Code, this file is not subject to copyright protection and is in the public domain.</dc:rights>
</dublinCore>
</metadata>
<form>
<distribution-code display="yes">IV</distribution-code><congress display="yes">119th CONGRESS</congress><session display="yes">1st Session</session><legis-num display="yes">H. CON. RES. 37</legis-num><current-chamber>IN THE HOUSE OF REPRESENTATIVES</current-chamber><action display="yes"><action-date date="20250612">June 12, 2025</action-date><action-desc><sponsor name-id="C001130">Ms. Crockett</sponsor> (for herself, <cosponsor name-id="S001231">Ms. Simon</cosponsor>, <cosponsor name-id="B001318">Ms. Balint</cosponsor>, <cosponsor name-id="B001281">Mrs. Beatty</cosponsor>, <cosponsor name-id="B001313">Ms. Brown</cosponsor>, <cosponsor name-id="B001285">Ms. Brownley</cosponsor>, <cosponsor name-id="C001072">Mr. Carson</cosponsor>, <cosponsor name-id="C001066">Ms. Castor of Florida</cosponsor>, <cosponsor name-id="D000197">Ms. DeGette</cosponsor>, <cosponsor name-id="D000617">Ms. DelBene</cosponsor>, <cosponsor name-id="D000530">Mr. Deluzio</cosponsor>, <cosponsor name-id="D000399">Mr. Doggett</cosponsor>, <cosponsor name-id="E000297">Mr. Espaillat</cosponsor>, <cosponsor name-id="E000296">Mr. Evans of Pennsylvania</cosponsor>, <cosponsor name-id="F000476">Mr. Frost</cosponsor>, <cosponsor name-id="G000559">Mr. Garamendi</cosponsor>, <cosponsor name-id="G000586">Mr. García of Illinois</cosponsor>, <cosponsor name-id="G000553">Mr. Green of Texas</cosponsor>, <cosponsor name-id="J000309">Mr. Jackson of Illinois</cosponsor>, <cosponsor name-id="J000298">Ms. Jayapal</cosponsor>, <cosponsor name-id="J000288">Mr. Johnson of Georgia</cosponsor>, <cosponsor name-id="K000400">Ms. Kamlager-Dove</cosponsor>, <cosponsor name-id="K000385">Ms. Kelly of Illinois</cosponsor>, <cosponsor name-id="K000389">Mr. Khanna</cosponsor>, <cosponsor name-id="L000602">Ms. Lee of Pennsylvania</cosponsor>, <cosponsor name-id="M001143">Ms. McCollum</cosponsor>, <cosponsor name-id="M000312">Mr. McGovern</cosponsor>, <cosponsor name-id="M001160">Ms. Moore of Wisconsin</cosponsor>, <cosponsor name-id="N000147">Ms. Norton</cosponsor>, <cosponsor name-id="O000173">Ms. Omar</cosponsor>, <cosponsor name-id="P000034">Mr. Pallone</cosponsor>, <cosponsor name-id="P000617">Ms. Pressley</cosponsor>, <cosponsor name-id="R000617">Mrs. Ramirez</cosponsor>, <cosponsor name-id="S001159">Ms. Strickland</cosponsor>, <cosponsor name-id="T000488">Mr. Thanedar</cosponsor>, <cosponsor name-id="T000193">Mr. Thompson of Mississippi</cosponsor>, <cosponsor name-id="T000481">Ms. Tlaib</cosponsor>, <cosponsor name-id="V000130">Mr. Vargas</cosponsor>, <cosponsor name-id="V000081">Ms. Velázquez</cosponsor>, and <cosponsor name-id="W000788">Ms. Williams of Georgia</cosponsor>) submitted the following concurrent resolution; which was referred to the <committee-name committee-id="HJU00">Committee on the Judiciary</committee-name></action-desc></action><legis-type>CONCURRENT RESOLUTION</legis-type><official-title display="yes">Urging the establishment of a United States Commission on Truth, Racial Healing, and Transformation.</official-title></form><preamble><whereas><text>Whereas the first ship carrying enslaved Africans to what is now known as the United States of America arrived in 1619;</text></whereas><whereas><text>Whereas that event more than 400 years ago was significant not only because it ushered in the institution of chattel slavery of African Americans, but also because it facilitated the systematic oppression of all people of color that has been a devastating and insufficiently understood and acknowledged aspect of our Nation’s history over those past 400-plus years, and that has left a legacy of that oppression that haunts our Nation to this day;</text></whereas><whereas><text>Whereas the institution of chattel slavery in the United States subjugated African Americans for nearly 250 years, fractured our Nation, and made a mockery of its founding principle that “all men are created equal”; </text></whereas><whereas><text>Whereas the signing of the Constitution of the United States failed to end slavery and oppressions against African Americans and other people of color, thus embedding in society the belief in the myth of a hierarchy of human value based on superficial physical characteristics such as skin color and facial features, and resulting in purposeful and persistent racial inequities in education, health care, employment, Social Security and veteran benefits, land ownership, financial assistance, food security, wages, voting rights, and the justice system;</text></whereas><whereas><text>Whereas that oppression denied opportunity and mobility to African Americans and other people of color within the United States, resulting in stolen labor worth billions of dollars while ultimately forestalling landmark contributions that African Americans and other people of color would make in science, arts, commerce, and public service;</text></whereas><whereas><text>Whereas Reconstruction represented a significant but constrained moment of advances for Black rights as epitomized by the Freedman’s Bureau, which negotiated labor contracts for ex-enslaved people but failed to secure their own land for them;</text></whereas><whereas><text>Whereas the brutal overthrow of Reconstruction failed all individuals in the United States by failing to ensure the safety and security of African Americans and by emboldening States and municipalities in both the North and South to enact numerous laws and policies to stymie the socioeconomic mobility and political voice of freed Blacks, thus maintaining their subservience to Whites;</text></whereas><whereas><text>Whereas Reconstruction, the civil rights movement, and other efforts to redress the grievances of marginalized people were sabotaged, both intentionally and unintentionally, by those in power, thus rendering the accomplishments of those efforts transitory and unsustainable, and further embedding the racial hierarchy in society;</text></whereas><whereas><text>Whereas examples of government actions directed against populations of color (referred to in this resolution as <quote>discriminatory government actions</quote>) include—</text><paragraph id="H94AFF125B7384CD693E736EA6A01CB97"><enum>(1)</enum><text>the creation of the Federal Housing Administration, which adopted specific policies designed to incentivize residential segregation;</text></paragraph><paragraph id="H69D27802CAC944F7A275B6EC012D1B45"><enum>(2)</enum><text>the enactment of legislation creating the Social Security program, for which most African Americans were purposely rendered ineligible during its first two decades;</text></paragraph><paragraph id="H96CB47F756914FDE8D8DE6AB9085ADFC"><enum>(3)</enum><text>the Servicemen’s Readjustment Act of 1944 (commonly known as the GI Bill of Rights; 58 Stat. 284, chapter 268), which left administration of its programs to the States, thus enabling blatant discrimination against African-American veterans;</text></paragraph><paragraph id="H8669C33BDB7947DC8CAA3185093067CE"><enum>(4)</enum><text>the Fair Labor Standards Act of 1938, which allowed labor unions to discriminate based on race;</text></paragraph><paragraph id="HD93DD4A87BD543BAAF040C7F4FA1148F"><enum>(5)</enum><text>subprime lending aimed purposefully at families of color;</text></paragraph><paragraph id="H9212DC2C648A49C9AE60995117833B72"><enum>(6)</enum><text>disenfranchisement of Native Americans, who, until 1924, were denied citizenship on land Native Americans had occupied for millennia;</text></paragraph><paragraph id="HB690F91B6E8D4B12B1E837410401C359"><enum>(7)</enum><text>Federal Indian Boarding School Policy during the 19th and 20th centuries, the purpose of which was to “civilize” Native children through methods intended to eradicate Native cultures, traditions, and languages;</text></paragraph><paragraph id="H4AA074B2F39D412084B3BF0E64857877"><enum>(8)</enum><text>land policies toward Indian Tribes, such as the allotment policy, which caused the loss of over 90,000,000 acres of Tribal lands, even though two-thirds of that acreage was guaranteed to Indian Tribes by treaties and other Federal laws, and similar unjustified land grabs from Indian Tribes that occurred regionally throughout the late 1800s and into the termination era in the 1950s and 1960s;</text></paragraph><paragraph id="H65080278CD9748A599CD96C9364F04EF"><enum>(9)</enum><text>the involuntary removal of Mexicans and United States citizens of Mexican descent through large-scale discriminatory deportation programs in the 1930s and 1950s;</text></paragraph><paragraph id="HEA5006243D34493896EB2D5E73EF5732"><enum>(10)</enum><text>the United States annexation of Puerto Rico, which made Puerto Ricans citizens of the United States without affording them voting rights;</text></paragraph><paragraph id="HA5001B0297DF451FA837486B9D03D4AB"><enum>(11)</enum><text>racial discrimination against Latino Americans, which has forced Latino Americans to fight continuously for equal access to employment, housing, health care, financial services, and education;</text></paragraph><paragraph id="H903CE52390064A6F955231C4EDD90721"><enum>(12)</enum><text>the Act entitled “An Act to execute certain treaty stipulations relating to Chinese”, approved May 6, 1882 (commonly known as the Chinese Exclusion Act; 22 Stat. 58, chapter 126), which effectively halted immigration from China and barred Chinese immigrants from becoming citizens of the United States, and which was the first instance of xenophobic legislation signed into law specifically targeting a specific group of people based on ethnicity;</text></paragraph><paragraph id="H45A5AB9F7D154E369178C96A51B25032"><enum>(13)</enum><text>the treatment of Japanese Americans, despite no evidence of disloyalty, as suspect and traitorous in the very country they helped to build, leading most notably to the mass incarceration of Japanese Americans beginning in 1942;</text></paragraph><paragraph id="H03F42000648045C78AEEE320C364FE61"><enum>(14)</enum><text>the conspiracy to overthrow the Kingdom of Hawaii and annex the land of the Kingdom of Hawaii, without the consent of or compensation to the Native Hawaiian people of Hawaii; and</text></paragraph><paragraph id="HA5BAC0F1513A4ED8AF7E62B569F925A4"><enum>(15)</enum><text>the United States history of colonialism in the Pacific, which has resulted in economic, health, and educational disparities among other inequities, for people in United States territories, as well as independent nations with which the United States has treaty obligations;</text></paragraph></whereas><whereas><text>Whereas those discriminatory government actions, among other government policies that have had racially disparate impacts, have disproportionately barred African Americans and other people of color from building wealth, thus limiting potential capital and exacerbating the racial wealth gap;</text></whereas><whereas><text>Whereas research has shown that the persistent racial wealth gap has had a significant negative impact on other racial disparities, such as the achievement gap, disparities in school dropout rates, income gaps, disparities in home ownership rates, health outcome disparities, and disparities in incarceration rates;</text></whereas><whereas><text>Whereas United States civic leaders and foundations have spearheaded critical efforts to advance racial healing, understanding, and transformation within the United States, recognizing that it is in our collective national interest to urgently address the unhealed, entrenched divisions that will severely undermine our democracy if they are allowed to continue to exist;</text></whereas><whereas><text>Whereas many of the most far-reaching victories for racial healing in the United States have been greatly enhanced by the involvement, support, and dedication of individuals from any and all racial groups;</text></whereas><whereas><text>Whereas, at the same time, much of the progress toward racial healing and racial equity in the United States has been limited or reversed by our failure to address the root cause of racism, the belief in the myth of a hierarchy of human value based on superficial physical characteristics such as skin color and facial features;</text></whereas><whereas><text>Whereas the United States institution of slavery, as well as other examples enumerated in this resolution, represents intentional and blatant violations of the most basic right of every individual in the United States to a free and decent life;</text></whereas><whereas><text>Whereas the consequences of oppression against people of color have cascaded for centuries, across generations, beyond the era of active enslavement, imperiling for descendants of slaves and other targets of oppression what should have otherwise been the right of every individual in the United States to life, liberty, and the pursuit of happiness;</text></whereas><whereas><text>Whereas more than 40 countries have reckoned with historical injustice and its aftermath through forming truth and reconciliation commissions to move toward restorative justice and to return dignity to their citizens;</text></whereas><whereas><text>Whereas for three decades there has been a growing movement inside and outside Congress to have the Federal Government develop material remedies for the institution of slavery, including through a Commission to Study and Develop Reparation Proposals for African Americans described in H.R. 40, 119th Congress, as introduced on January 3, 2025, and S. 40, 119th Congress, as introduced on January 9, 2023;</text></whereas><whereas><text>Whereas the formation of a United States Commission on Truth, Racial Healing, and Transformation does not supplant the formation of a Commission to Study and Develop Reparation Proposals for African Americans, but rather complements that effort; and</text></whereas><whereas><text>Whereas contemporary social science, medical science, and the rapidly expanding use of artificial intelligence and social media reveal the costs and potential threats to our democracy if we continue to allow unhealed, entrenched divisions to be ignored and exploited: Now, therefore, be</text></whereas></preamble><resolution-body id="H2DE829DCF8E6447CADFA6D3F0D064B17"><section id="H9ED3B9000D694A96880D5B3AA8287E13" display-inline="yes-display-inline" section-type="undesignated-section"><text>That Congress—</text><paragraph id="HD827BE9D6A1B4A168108AF42E4B8FE6E"><enum>(1)</enum><text>affirms, more than 400 years after the arrival of the first slave ship to the United States, that the Nation owes a long-overdue debt of remembrance to not only those who lived through the egregious injustices enumerated in this resolution, but also to their descendants; and</text></paragraph><paragraph id="H5B642ADF59394BFC950BFCB807542C87"><enum>(2)</enum><text>urges the establishment of a United States Commission on Truth, Racial Healing, and Transformation to properly acknowledge, memorialize, and be a catalyst for progress toward—</text><subparagraph id="H8F17E06E7E67497FA531325995D22CF3"><enum>(A)</enum><text>jettisoning the belief in a hierarchy of human value;</text></subparagraph><subparagraph id="H11DA9BBB9A134401971B4F1AB4E5E883"><enum>(B)</enum><text>embracing our common humanity; and</text></subparagraph><subparagraph id="HFC7A0C025288452DBFFA7DB2E928C5ED"><enum>(C)</enum><text>permanently eliminating persistent racial inequities.</text></subparagraph></paragraph></section></resolution-body></resolution> 

