<?xml version="1.0"?>
<?xml-stylesheet type="text/xsl" href="billres.xsl"?>
<!DOCTYPE resolution PUBLIC "-//US Congress//DTDs/res.dtd//EN" "res.dtd">
<resolution resolution-stage="Introduced-in-House" dms-id="H4D6AB41E00EC4E05A91D4FDA2E06AB7A" public-private="public" resolution-type="house-concurrent" star-print="no-star-print" key="H"><metadata xmlns:dc="http://purl.org/dc/elements/1.1/">
<dublinCore>
<dc:title>119 HCON 48 IH: Authorizing the use of the rotunda of the Capitol for the lying in honor of the remains of the late Charles James Kirk, a lifelong advocate for freedom of speech, civil political discourse, and the political engagement of youth.</dc:title>
<dc:publisher>U.S. House of Representatives</dc:publisher>
<dc:date>2025-09-15</dc:date>
<dc:format>text/xml</dc:format>
<dc:language>EN</dc:language>
<dc:rights>Pursuant to Title 17 Section 105 of the United States Code, this file is not subject to copyright protection and is in the public domain.</dc:rights>
</dublinCore>
</metadata>
<form>
<distribution-code display="yes">IV</distribution-code><congress display="yes">119th CONGRESS</congress><session display="yes">1st Session</session><legis-num display="yes">H. CON. RES. 48</legis-num><current-chamber>IN THE HOUSE OF REPRESENTATIVES</current-chamber><action display="yes"><action-date date="20250915">September 15, 2025</action-date><action-desc><sponsor name-id="M000194">Ms. Mace</sponsor> (for herself, <cosponsor name-id="B001302">Mr. Biggs of Arizona</cosponsor>, <cosponsor name-id="S000522">Mr. Smith of New Jersey</cosponsor>, <cosponsor name-id="R000619">Mr. Rulli</cosponsor>, <cosponsor name-id="M001184">Mr. Massie</cosponsor>, <cosponsor name-id="D000600">Mr. Diaz-Balart</cosponsor>, <cosponsor name-id="W000795">Mr. Wilson of South Carolina</cosponsor>, <cosponsor name-id="P000622">Mr. Patronis</cosponsor>, <cosponsor name-id="B001291">Mr. Babin</cosponsor>, <cosponsor name-id="M001239">Mr. McGuire</cosponsor>, <cosponsor name-id="B000825">Ms. Boebert</cosponsor>, <cosponsor name-id="G000603">Mr. Gill of Texas</cosponsor>, and <cosponsor name-id="J000304">Mr. Jackson of Texas</cosponsor>) submitted the following concurrent resolution; which was referred to the <committee-name committee-id="HHA00">Committee on House Administration</committee-name></action-desc></action><legis-type>CONCURRENT RESOLUTION</legis-type><official-title display="yes">Authorizing the use of the rotunda of the Capitol for the lying in honor of the remains of the late Charles James Kirk, a lifelong advocate for freedom of speech, civil political discourse, and the political engagement of youth.</official-title></form><resolution-body style="traditional" id="H044A407273C5467796150D40C4397F49"> 
<section display-inline="yes-display-inline" section-type="undesignated-section" id="HEBF7DFB38E854551A06BE86F1CED7537"><text display-inline="yes-display-inline">That the remains of the late Charles James Kirk, a lifelong advocate for freedom of speech, civil political discourse, and the political engagement of youth, shall be permitted to lie in honor in the rotunda of the Capitol on a date and for a period of time to be determined by the Speaker of the House of Representatives and the President pro tempore of the Senate, and the Architect of the Capitol, under the direction of the Speaker of the House of Representatives and the President pro tempore of the Senate, shall take all necessary steps for the accomplishment of that purpose. </text></section> </resolution-body></resolution>

