<?xml version="1.0"?>
<?xml-stylesheet type="text/xsl" href="billres.xsl"?>
<!DOCTYPE resolution PUBLIC "-//US Congress//DTDs/res.dtd//EN" "res.dtd">
<resolution resolution-stage="Introduced-in-House" dms-id="H2477242C67B74C1ABF8BA074EDDF2C4F" public-private="public" resolution-type="house-concurrent" star-print="no-star-print" key="H"><metadata xmlns:dc="http://purl.org/dc/elements/1.1/">
<dublinCore>
<dc:title>119 HCON 6 IH: Majority Rule Resolution</dc:title>
<dc:publisher>U.S. House of Representatives</dc:publisher>
<dc:date>2025-01-28</dc:date>
<dc:format>text/xml</dc:format>
<dc:language>EN</dc:language>
<dc:rights>Pursuant to Title 17 Section 105 of the United States Code, this file is not subject to copyright protection and is in the public domain.</dc:rights>
</dublinCore>
</metadata>
<form>
<distribution-code display="yes">IV</distribution-code><congress display="yes">119th CONGRESS</congress><session display="yes">1st Session</session><legis-num display="yes">H. CON. RES. 6</legis-num><current-chamber>IN THE HOUSE OF REPRESENTATIVES</current-chamber><action display="yes"><action-date date="20250128">January 28, 2025</action-date><action-desc><sponsor name-id="W000788">Ms. Williams of Georgia</sponsor> submitted the following concurrent resolution; which was referred to the <committee-name committee-id="HRU00">Committee on Rules</committee-name></action-desc></action><legis-type>CONCURRENT RESOLUTION</legis-type><official-title display="yes">Providing for certain procedures for bringing debate to a close on any question in the House of Representatives and Senate, and for other purposes.</official-title></form><resolution-body style="OLC" id="H1EC5255FD7BD4C009E9A6F32F24B14D4"><section display-inline="yes-display-inline" section-type="undesignated-section" id="H83669E5A85D54C54B5A49A6062F9697A"></section><section id="H07A638CC26DA44DBB35CA4A27F66D7BE" section-type="section-one"><enum>1.</enum><header>Short title</header><text display-inline="no-display-inline">This resolution may be cited as the <quote><short-title>Majority Rule Resolution</short-title></quote>.</text></section><section id="H3DD43D241CAF45D59B4B6D673A4210FE"><enum>2.</enum><header>Procedures for consideration of bills and resolutions</header><subsection id="HDDE73C308540439C88748C017917D4E6"><enum>(a)</enum><header>In general</header><text>Notwithstanding any provision of the Rules of the House of Representatives or the Standing Rules of the Senate, the House of Representatives and the Senate may not require that more than a majority of the Members of either House of Congress voting, a quorum being present, is required to bring debate to a close on any question in such House.</text></subsection><subsection id="HDF9FA28367EA4ABD8E798F2CF47290BC"><enum>(b)</enum><header>Rules of House of Representatives and Senate</header><text>This section is enacted by Congress—</text><paragraph id="H9DF7A29BF2D24405B0E1D70CB1D7D2D0"><enum>(1)</enum><text>as an exercise of the rulemaking power of the Senate and House of Representatives, respectively, and as such is deemed a part of the rules of each House, respectively, but applicable only with respect to the procedure to be followed in that House in the case of the bill or joint resolution involved, and supersede other rules only to the extent that it is inconsistent with such rules; and</text></paragraph><paragraph id="HA0C9F68B5ED54C2FA1AA794CA9CD5839"><enum>(2)</enum><text>with full recognition of the constitutional right of either House to change the rules (so far as relating to the procedure of that House) at any time, in the same manner, and to the same extent as in the case of any other rule of that House.</text></paragraph></subsection></section></resolution-body></resolution> 

