<?xml version="1.0"?>
<?xml-stylesheet type="text/xsl" href="billres.xsl"?>
<!DOCTYPE resolution PUBLIC "-//US Congress//DTDs/res.dtd//EN" "res.dtd">
<resolution resolution-stage="Introduced-in-House" dms-id="HE2A9197F13EC4FFB84769F89F4CE477A" public-private="public" resolution-type="house-concurrent" star-print="no-star-print" key="H"><metadata xmlns:dc="http://purl.org/dc/elements/1.1/">
<dublinCore>
<dc:title>119 HCON 15 IH: Calling an Article V Convention for proposing a Fiscal Responsibility Amendment to the United States Constitution and stipulating ratification by a vote of We the People, and for other purposes.</dc:title>
<dc:publisher>U.S. House of Representatives</dc:publisher>
<dc:date>2025-02-24</dc:date>
<dc:format>text/xml</dc:format>
<dc:language>EN</dc:language>
<dc:rights>Pursuant to Title 17 Section 105 of the United States Code, this file is not subject to copyright protection and is in the public domain.</dc:rights>
</dublinCore>
</metadata>
<form>
<distribution-code display="yes">IV</distribution-code><congress display="yes">119th CONGRESS</congress><session display="yes">1st Session</session><legis-num display="yes">H. CON. RES. 15</legis-num><current-chamber>IN THE HOUSE OF REPRESENTATIVES</current-chamber><action display="yes"><action-date date="20250224">February 24, 2025</action-date><action-desc><sponsor name-id="A000375">Mr. Arrington</sponsor> submitted the following concurrent resolution; which was referred to the <committee-name committee-id="HJU00">Committee on the Judiciary</committee-name></action-desc></action><legis-type>CONCURRENT RESOLUTION</legis-type><official-title display="yes">Calling an Article V Convention for proposing a Fiscal Responsibility Amendment to the United States Constitution and stipulating ratification by a vote of We the People, and for other purposes.</official-title></form><preamble><whereas><text>Whereas Article V of the Constitution of the United States states that <quote>The Congress … on the Application of the Legislatures of two thirds of the several States, shall call a Convention for proposing Amendments</quote> to the Constitution;</text></whereas><whereas><text>Whereas congressional and State records of plenary applications for amendments on any subject and applications for the single subject of Inflation-fighting Fiscal Responsibility Amendments compiled by the Article V Library counts Nevada’s <quote>continuing</quote> application, reported February 8, 1979, in the Congressional Record, as the 34th thus achieving the <quote>two thirds</quote> congressional mandate to call the Convention for proposing amendments; congressional records reported 39 applications by the end of 1979, 40 in 1983, and 42 total applications over time;</text></whereas><whereas><text>Whereas Alexander Hamilton in Federalist 85 stated that <quote>The Congress <quote>shall call a Convention</quote>. Nothing in this particular is left to the discretion of that body</quote>;</text></whereas><whereas><text>Whereas, beginning in 1979, when Congress appears to have failed in its constitutional duty to count applications and call a <quote>Convention for proposing Amendments</quote>, the Nation’s debt has increased to more than $36 trillion from $860 billion, while the value of the dollar has declined by over 80 percent;</text></whereas><whereas><text>Whereas the Constitution was ratified by Convention delegates <quote>chosen in each State by the People thereof</quote>, and the 21st Amendment, repealing Prohibition, was ratified in 1933 by a vote of the people for Yes-pledged delegates in 38 of 39 State Conventions; and</text></whereas><whereas><text>Whereas the Supreme Court’s unanimous opinion in Chiafalo v. Washington stated: <quote>electors . . . have no ground for reversing the vote of millions of its citizens. That direction accords with the Constitution—as well as with the trust of the Nation that here, We the People rule.</quote>: Now, therefore, be it</text></whereas></preamble><resolution-body style="OLC" id="H6D1A08152375450BB0ED71B31852CE85"><section display-inline="yes-display-inline" section-type="undesignated-section" id="HA8653EB7485440BAB222828F00CBF7EB"><text>That </text></section><section id="H380FD08A3D344898AAA6971389543250" section-type="section-one"><enum>1.</enum><header>Call for Article V Convention of States</header><subsection id="HEC4461BB644341108404ABC494BF3DC7"><enum>(a)</enum><header>In general</header><paragraph id="H95DB32C1AF5245299296EBBB13B864F7"><enum>(1)</enum><header>Call for convention; timing</header><text display-inline="yes-display-inline">As provided in Article V of the Constitution of the United States, and except as provided in paragraph (2), Congress hereby calls a Convention for proposing amendments to the Constitution of the United States for a date and place to be determined on calling the Convention.</text></paragraph><paragraph id="HD9D7EDA805814738ACF328A281FA31C3"><enum>(2)</enum><header>Exception</header><text>Paragraph (1) does not apply if, prior to the expiration of the 60-day period which begins on the date of the adoption of this concurrent resolution—</text><subparagraph id="H44D77610BC69400FA01F5DFB06EA19F3"><enum>(A)</enum><text>the House Clerk provides a written report stating there have never been unrescinded and <quote>continuing</quote> applications for a Convention to propose amendments from at least two-thirds (34) of the States on any national issues (plenary) plus the single issue of fiscal responsibility; and</text></subparagraph><subparagraph id="H90B3910A86294CBE968AE00C3EF631C4"><enum>(B)</enum><text>the House Clerk includes in the report detailed findings for each State.</text></subparagraph></paragraph></subsection><subsection id="H49980737187745619D1D9FA85CD07844"><enum>(b)</enum><header>Ratification of amendments by states</header><text display-inline="yes-display-inline">Each proposed amendment at the Convention for proposing amendments called under this section shall be ratified by a vote of We the People in three-quarters (38) of the States via State Convention delegates who shall <quote>have no ground for reversing the vote of millions of its citizens</quote> (Chiafalo v. Washington).</text></subsection></section><section id="H58603972442D486FA7BE6C02DF1A7F4C"><enum>2.</enum><header>Transmission to administrator of general services</header><text display-inline="no-display-inline">A copy of this concurrent resolution shall be transmitted to the Administrator of General Services for submission to the legislatures of the several States.</text></section></resolution-body></resolution> 

