<?xml version="1.0"?>
<?xml-stylesheet type="text/xsl" href="billres.xsl"?>
<!DOCTYPE resolution PUBLIC "-//US Congress//DTDs/res.dtd//EN" "res.dtd">
<resolution resolution-stage="Introduced-in-House" dms-id="H9AE9C47DEA8845DA820FA2749A323D85" public-private="public" resolution-type="house-concurrent" star-print="no-star-print" key="H"><metadata xmlns:dc="http://purl.org/dc/elements/1.1/">
<dublinCore>
<dc:title>119 HCON 28 IH: Expressing the sense of Congress that the votes of overseas servicemembers must be counted and honored as required under the Uniformed and Overseas Citizens Absentee Voting Act.</dc:title>
<dc:publisher>U.S. House of Representatives</dc:publisher>
<dc:date>2025-04-14</dc:date>
<dc:format>text/xml</dc:format>
<dc:language>EN</dc:language>
<dc:rights>Pursuant to Title 17 Section 105 of the United States Code, this file is not subject to copyright protection and is in the public domain.</dc:rights>
</dublinCore>
</metadata>
<form>
<distribution-code display="yes">IV</distribution-code><congress display="yes">119th CONGRESS</congress><session display="yes">1st Session</session><legis-num display="yes">H. CON. RES. 28</legis-num><current-chamber>IN THE HOUSE OF REPRESENTATIVES</current-chamber><action display="yes"><action-date date="20250414">April 14, 2025</action-date><action-desc><sponsor name-id="R000305">Ms. Ross</sponsor> (for herself, <cosponsor name-id="F000477">Mrs. Foushee</cosponsor>, and <cosponsor name-id="A000370">Ms. Adams</cosponsor>) submitted the following concurrent resolution; which was referred to the <committee-name committee-id="HHA00">Committee on House Administration</committee-name></action-desc></action><legis-type>CONCURRENT RESOLUTION</legis-type><official-title display="yes">Expressing the sense of Congress that the votes of overseas servicemembers must be counted and honored as required under the Uniformed and Overseas Citizens Absentee Voting Act.</official-title></form><preamble> 
<whereas><text>Whereas the right to vote is a fundamental pillar of democracy and a sacred right safeguarded by the Constitution of the United States;</text></whereas> <whereas><text>Whereas Congress enacted the Uniformed and Overseas Citizens Absentee Voting Act (UOCAVA) (<external-xref legal-doc="usc" parsable-cite="usc/52/20301">52 U.S.C. 20301–20311</external-xref>) in 1986 to protect the voting rights of members of the United States Uniformed Services and overseas citizens, ensuring their ability to participate in Federal elections through absentee ballots;</text></whereas> 
<whereas><text>Whereas UOCAVA requires States and territories to establish procedures to guarantee the timely transmission, receipt, and counting of absentee ballots from eligible uniformed servicemembers and overseas citizens;</text></whereas> <whereas><text>Whereas servicemembers stationed abroad face unique and significant challenges in exercising their right to vote, including logistical barriers, mail delays, and operational demands inherent to their service to the Nation; and</text></whereas> 
<whereas><text>Whereas the failure to count legally cast absentee ballots from military personnel and overseas citizens undermines election integrity, disrespects their sacrifices, and weakens public trust in democratic processes: Now, therefore, be it</text></whereas></preamble><resolution-body style="OLC" id="H6DC2C07387D74B0297501222EEC50E35"> <section id="HBFF66FB186384A29ADBCA15374283B7A" section-type="section-one"><enum>1.</enum><header>Sense of congress</header><text display-inline="no-display-inline">It is the sense of Congress that—</text> 
<paragraph id="H197971B5E6804D78936E30F23D0BEA2A"><enum>(1)</enum><text display-inline="yes-display-inline">the votes of uniformed servicemembers and overseas citizens, submitted in compliance with the Uniformed and Overseas Citizens Absentee Voting Act (UOCAVA), must be fully counted and honored in all Federal, State, and local elections;</text></paragraph> <paragraph id="H75CF2BF0DF464FEFA75EB59E562BC15A"><enum>(2)</enum><text>all States, territories, and election authorities must uphold their obligations under UOCAVA by ensuring that no legally submitted absentee ballot is rejected without due process or in violation of Federal law; and</text></paragraph> 
<paragraph id="H9809388603C145FBA281F7BD6187C186"><enum>(3)</enum><text>the disenfranchisement of military personnel and overseas citizens through administrative error, procedural delays, or undue restrictions is unacceptable and contrary to the values of the United States.</text></paragraph></section> <section id="H7E9C7F30E3A44CA19D2D65015E3802EF"><enum>2.</enum><header>Reaffirming Federal protections</header><text display-inline="no-display-inline">Congress reaffirms its commitment to enforcing UOCAVA and ensuring that every eligible servicemember and overseas citizen can exercise their right to vote without undue burden. States and territories are urged to prioritize the timely processing, acceptance, and counting of absentee ballots in accordance with Federal law.</text></section> 
<section id="HBDBD39128AA2453294C73468AA0C3AF0"><enum>3.</enum><header>Enforcement</header><text display-inline="no-display-inline">Congress calls upon the Attorney General of the United States to monitor compliance with UOCAVA, take prompt action to address violations, and safeguard the voting rights of uniformed servicemembers and overseas citizens.</text></section> </resolution-body></resolution>

