<?xml version="1.0"?>
<?xml-stylesheet type="text/xsl" href="billres.xsl"?>
<!DOCTYPE resolution PUBLIC "-//US Congress//DTDs/res.dtd//EN" "res.dtd">
<resolution resolution-stage="Introduced-in-House" dms-id="HC0A1C800D4994EBFA6621160FB0D87BB" public-private="public" resolution-type="house-concurrent" star-print="no-star-print" key="H"><metadata xmlns:dc="http://purl.org/dc/elements/1.1/">
<dublinCore>
<dc:title>119 HCON 3 IH: Expressing support for the Geneva Consensus Declaration on Promoting Women’s Health and Strengthening the Family and urging that the United States rejoin this historic declaration.</dc:title>
<dc:publisher>U.S. House of Representatives</dc:publisher>
<dc:date>2025-01-13</dc:date>
<dc:format>text/xml</dc:format>
<dc:language>EN</dc:language>
<dc:rights>Pursuant to Title 17 Section 105 of the United States Code, this file is not subject to copyright protection and is in the public domain.</dc:rights>
</dublinCore>
</metadata>
<form>
<distribution-code display="yes">IV</distribution-code><congress display="yes">119th CONGRESS</congress><session display="yes">1st Session</session><legis-num display="yes">H. CON. RES. 3</legis-num><current-chamber>IN THE HOUSE OF REPRESENTATIVES</current-chamber><action display="yes"><action-date date="20250113">January 13, 2025</action-date><action-desc><sponsor name-id="J000304">Mr. Jackson of Texas</sponsor> (for himself, <cosponsor name-id="F000450">Ms. Foxx</cosponsor>, <cosponsor name-id="H001077">Mr. Higgins of Louisiana</cosponsor>, <cosponsor name-id="F000459">Mr. Fleischmann</cosponsor>, <cosponsor name-id="M001211">Mrs. Miller of Illinois</cosponsor>, <cosponsor name-id="A000055">Mr. Aderholt</cosponsor>, <cosponsor name-id="W000814">Mr. Weber of Texas</cosponsor>, <cosponsor name-id="M000871">Mr. Mann</cosponsor>, <cosponsor name-id="G000576">Mr. Grothman</cosponsor>, <cosponsor name-id="G000591">Mr. Guest</cosponsor>, <cosponsor name-id="M001218">Mr. McCormick</cosponsor>, <cosponsor name-id="M001194">Mr. Moolenaar</cosponsor>, <cosponsor name-id="W000806">Mr. Webster of Florida</cosponsor>, <cosponsor name-id="H001067">Mr. Hudson</cosponsor>, <cosponsor name-id="P000609">Mr. Palmer</cosponsor>, <cosponsor name-id="B001302">Mr. Biggs of Arizona</cosponsor>, <cosponsor name-id="M001210">Mr. Murphy</cosponsor>, and <cosponsor name-id="V000134">Ms. Van Duyne</cosponsor>) submitted the following concurrent resolution; which was referred to the <committee-name committee-id="HFA00">Committee on Foreign Affairs</committee-name></action-desc></action><legis-type>CONCURRENT RESOLUTION</legis-type><official-title display="yes">Expressing support for the Geneva Consensus Declaration on Promoting Women’s Health and Strengthening the Family and urging that the United States rejoin this historic declaration.</official-title></form><preamble><whereas><text>Whereas the United States strongly supports women reaching the highest attainable outcomes for health, life, dignity, and well-being throughout their lives;</text></whereas><whereas><text>Whereas the historic coalition that issued the Geneva Consensus Declaration on Promoting Women’s Health and Strengthening the Family (in this preamble referred to as the <quote>Geneva Consensus Declaration</quote>) was formed by a diverse group of countries committed to charting a more positive path to advance the health of women, protect the family as foundational to any healthy society, affirm the value of life in all stages of development, and uphold the sovereign right of countries to make their own laws to advance those core values, without external pressure;</text></whereas><whereas><text>Whereas the Geneva Consensus Declaration was signed on October 22, 2020, by 32 countries from every region of the world, representing more than 1,600,000,000 people, which committed to working together on the core pillars enshrined in the Declaration, and 39 countries are now part of this coalition;</text></whereas><whereas><text>Whereas the United States was the lead cosponsor of the Geneva Consensus Declaration during the Presidency of Donald J. Trump;</text></whereas><whereas><text>Whereas although President Joseph R. Biden removed the United States as a signatory to the Geneva Consensus Declaration, at least temporarily, longstanding Federal laws that prohibit the United States from conducting or funding abortions, abortion lobbying, or coercive family planning in foreign countries remain in effect;</text></whereas><whereas><text>Whereas the Geneva Consensus Declaration reaffirms that <quote>all are equal before the law</quote> and <quote>human rights of women are an inalienable, integral, and indivisible part of all human rights and fundamental freedoms</quote>;</text></whereas><whereas><text>Whereas the Geneva Consensus Declaration reaffirms the inherent <quote>dignity and worth of the human person</quote> and that <quote>every human being has the inherent right to life</quote>;</text></whereas><whereas><text>Whereas the Geneva Consensus Declaration reaffirms that <quote>there is no international right to abortion, nor any international obligation on the part of States to finance or facilitate abortion</quote>;</text></whereas><whereas><text>Whereas the Geneva Consensus Declaration reaffirms that <quote>the family is the natural and fundamental group unit of society and is entitled to protection by society and the state</quote>; and</text></whereas><whereas><text>Whereas the Geneva Consensus Declaration coalition strengthens the collective voice of the signatory countries to prevent any country from being intimidated, isolated, or muted on the core values expressed in the Declaration: Now, therefore, be it</text></whereas></preamble><resolution-body style="traditional" id="H7C9CAE2906FD4EE5AB15430139A8A22D"><section display-inline="yes-display-inline" section-type="undesignated-section" id="HAA14612C89DA4FD3A71B3597C0404545"><enum/><text>That Congress—</text><paragraph id="HA5B2965577714895834B19789A8A65C9"><enum>(1)</enum><text>affirms the commitments to improve health for women and protect life and the family made in the Geneva Consensus Declaration on Promoting Women’s Health and Strengthening the Family (in this resolution referred to as the <quote>Geneva Consensus Declaration</quote>) and applauds the signatory countries for their dedication to advancing women’s health, protecting life at every stage while affirming that there is no international right to abortion, and upholding the importance of the family as foundational to society;</text></paragraph><paragraph id="H4D46293EF3EF4FA79DD82BA014D55E61"><enum>(2)</enum><text display-inline="yes-display-inline">declares that the principles affirming women’s health and the dignity of every life and the family recognized by the Geneva Consensus Declaration remain universally valid;</text></paragraph><paragraph id="H1F8104D15B85422DAB6B60DB9ADE2104"><enum>(3)</enum><text>welcomes opportunities to strengthen support for the Geneva Consensus Declaration;</text></paragraph><paragraph id="HF9DFF52AA80C4BF48B0834C9DFE06C45"><enum>(4)</enum><text>will defend the sovereignty of every country to adopt national policies that promote women’s health, protect the right to life, and strengthen the family, as enshrined in the Geneva Consensus Declaration;</text></paragraph><paragraph id="H5D7629821E2044428C67FEDA53F7C31A"><enum>(5)</enum><text>will work with the United States executive branch to ensure that the United States does not conduct or fund abortions, abortion lobbying, or coercive family planning in foreign countries, consistent with longstanding Federal law; and</text></paragraph><paragraph id="HA940360AC8974D2E92A77B87DC2D292F"><enum>(6)</enum><text>urges the signatory countries to the Geneva Consensus Declaration to defend the universal principles affirming the value of every life and the family expressed in the Declaration.</text></paragraph></section></resolution-body></resolution> 

