<?xml version="1.0"?>
<?xml-stylesheet type="text/xsl" href="billres.xsl"?>
<!DOCTYPE resolution PUBLIC "-//US Congress//DTDs/res.dtd//EN" "res.dtd">
<resolution resolution-stage="Introduced-in-House" dms-id="HE3997EC552D54E26B39FAA9264BE06BB" public-private="public" resolution-type="house-concurrent" star-print="no-star-print" key="H"><metadata xmlns:dc="http://purl.org/dc/elements/1.1/">
<dublinCore>
<dc:title>119 HCON 52 IH: Supporting the designation of the week of September 22 through September 28, 2025, as “National Falls Prevention Awareness Week” to raise awareness, and encourage the prevention, of falls among older adults.</dc:title>
<dc:publisher>U.S. House of Representatives</dc:publisher>
<dc:date>2025-09-26</dc:date>
<dc:format>text/xml</dc:format>
<dc:language>EN</dc:language>
<dc:rights>Pursuant to Title 17 Section 105 of the United States Code, this file is not subject to copyright protection and is in the public domain.</dc:rights>
</dublinCore>
</metadata>
<form>
<distribution-code display="yes">IV</distribution-code><congress display="yes">119th CONGRESS</congress><session display="yes">1st Session</session><legis-num display="yes">H. CON. RES. 52</legis-num><current-chamber>IN THE HOUSE OF REPRESENTATIVES</current-chamber><action display="yes"><action-date date="20250926">September 26, 2025</action-date><action-desc><sponsor name-id="F000462">Ms. Lois Frankel of Florida</sponsor> (for herself, <cosponsor name-id="B001257">Mr. Bilirakis</cosponsor>, <cosponsor name-id="M001223">Mr. Magaziner</cosponsor>, <cosponsor name-id="M001205">Mrs. Miller of West Virginia</cosponsor>, <cosponsor name-id="M001206">Mr. Morelle</cosponsor>, <cosponsor name-id="B001300">Ms. Barragán</cosponsor>, <cosponsor name-id="B001315">Ms. Budzinski</cosponsor>, <cosponsor name-id="C001066">Ms. Castor of Florida</cosponsor>, <cosponsor name-id="C001061">Mr. Cleaver</cosponsor>, <cosponsor name-id="D000230">Mr. Davis of North Carolina</cosponsor>, <cosponsor name-id="D000631">Ms. Dean of Pennsylvania</cosponsor>, <cosponsor name-id="D000624">Mrs. Dingell</cosponsor>, <cosponsor name-id="H001090">Mr. Harder of California</cosponsor>, <cosponsor name-id="J000288">Mr. Johnson of Georgia</cosponsor>, <cosponsor name-id="K000400">Ms. Kamlager-Dove</cosponsor>, <cosponsor name-id="K000389">Mr. Khanna</cosponsor>, <cosponsor name-id="M001163">Ms. Matsui</cosponsor>, <cosponsor name-id="M001160">Ms. Moore of Wisconsin</cosponsor>, <cosponsor name-id="M001217">Mr. Moskowitz</cosponsor>, <cosponsor name-id="N000002">Mr. Nadler</cosponsor>, <cosponsor name-id="N000147">Ms. Norton</cosponsor>, <cosponsor name-id="P000607">Mr. Pocan</cosponsor>, <cosponsor name-id="S001145">Ms. Schakowsky</cosponsor>, <cosponsor name-id="S001200">Mr. Soto</cosponsor>, <cosponsor name-id="W000797">Ms. Wasserman Schultz</cosponsor>, and <cosponsor name-id="W000808">Ms. Wilson of Florida</cosponsor>) submitted the following concurrent resolution; which was referred to the <committee-name committee-id="HIF00">Committee on Energy and Commerce</committee-name></action-desc></action><legis-type>CONCURRENT RESOLUTION</legis-type><official-title display="yes">Supporting the designation of the week of September 22 through September 28, 2025, as <quote>National Falls Prevention Awareness Week</quote> to raise awareness, and encourage the prevention, of falls among older adults.</official-title></form><preamble> 
<whereas><text>Whereas, according to the Centers for Disease Control and Prevention, there are approximately 14,000,000 falls each year among adults over age 65;</text></whereas> <whereas><text>Whereas such falls lead to approximately 3,000,000 emergency room visits each year;</text></whereas> 
<whereas><text>Whereas falls among older adults cause approximately 41,000 preventable deaths annually;</text></whereas> <whereas><text>Whereas more than 1 out of 4 older adults in the United States falls each year;</text></whereas> 
<whereas><text>Whereas falls are the leading cause of injuries and injury-related deaths among adults aged 65 and older each year;</text></whereas> <whereas><text>Whereas, beyond loss of life and independence, the Centers for Disease Control and Prevention reports that the total direct medical cost of non-fatal older adult falls is approximately $80,000,000,000 annually, including approximately $53,300,000,000 paid by Medicare, approximately $3,500,000,000 paid by Medicaid, and approximately $23,200,000,000 paid by private and out-of-pocket payors;</text></whereas> 
<whereas><text>Whereas many such falls could be prevented by addressing biological, behavioral, and environmental risk factors;</text></whereas> <whereas><text>Whereas evidence-based, cost-effective strategies (including exercise programs to improve balance and strength, medication management, vision improvement, reduction of home hazards, and falls prevention education) reduce falls; and</text></whereas> 
<whereas><text>Whereas the designation of the week of September 22 through September 28, 2025, as <quote>National Falls Prevention Awareness Week</quote> would help prevent falls among older adults, including by increasing awareness of falls among older adults and awareness of methods for identifying and reducing fall risks: Now, therefore, be it</text></whereas></preamble><resolution-body style="traditional" id="HFF24E04E38C74EC8A428CFF604BA3C21"> <section display-inline="yes-display-inline" section-type="undesignated-section" id="H719E85CA3D66470BAC6B6068FFEBD3EC"><text display-inline="yes-display-inline">That Congress—</text> 
<paragraph id="H7BB8C931AA4E4C04A4797D8F5C7F1C99"><enum>(1)</enum><text display-inline="yes-display-inline">supports the designation of <quote>National Falls Prevention Awareness Week</quote>;</text></paragraph> <paragraph id="H5BEDEB35DC684922A51BD5BB27A1FEB9"><enum>(2)</enum><text>recognizes that there are evidence-based, cost-effective falls prevention programs and policies;</text></paragraph> 
<paragraph id="H35D6D902C7814D58B8983741FFA251B8"><enum>(3)</enum><text display-inline="yes-display-inline">supports the work of those who collaborate to address risk factors that lead to falls among older adults, including—</text> <subparagraph id="H18583E2B25314B9890D3EA10CD2F6AF2"><enum>(A)</enum><text>Federal, State, and local government entities (including the Centers for Disease Control and Prevention, the Administration for Community Living, and the Department of Housing and Urban Development);</text></subparagraph> 
<subparagraph id="H4C9DC075CCB741948877645C85182B6D"><enum>(B)</enum><text>the Aging Network;</text></subparagraph> <subparagraph id="HD9A3827D521E42BBB6F8D1CA790878F7"><enum>(C)</enum><text>local community-based organizations;</text></subparagraph> 
<subparagraph id="H575535B385CD41B4A2609C17C630DAF6"><enum>(D)</enum><text>the public health community;</text></subparagraph> <subparagraph id="H952705C3E2F146BB83D625FB6AF56547"><enum>(E)</enum><text>health care providers;</text></subparagraph> 
<subparagraph id="H2E6CC4DB60C24CFBB679B4B4865EF2A1"><enum>(F)</enum><text>businesses; and</text></subparagraph> <subparagraph id="H1C0B914CF4C3432688F523EAD9B8CC09"> <enum>(G)</enum> <text>individuals;</text>
                </subparagraph></paragraph> 
<paragraph id="H12BD9AAF90D644E3BE24BA2111916370"><enum>(4)</enum><text>encourages continued efforts to reduce and prevent falls; and</text></paragraph> <paragraph id="HC32145B9EE9B4F7292ACE5F117667EF2"><enum>(5)</enum><text>supports Federal investments in falls prevention programs.</text></paragraph></section> 
</resolution-body></resolution>

