<?xml version="1.0"?>
<?xml-stylesheet type="text/xsl" href="billres.xsl"?>
<!DOCTYPE resolution PUBLIC "-//US Congress//DTDs/res.dtd//EN" "res.dtd">
<resolution resolution-stage="Introduced-in-House" dms-id="H4B1CFA8B31BB4B4E9650DEB349A1ABFA" public-private="public" resolution-type="house-concurrent" star-print="no-star-print" key="H"><metadata xmlns:dc="http://purl.org/dc/elements/1.1/">
<dublinCore>
<dc:title>119 HCON 63 IH: Authorizing the use of the rotunda of the Capitol for the Congressional National Prayer Breakfast.</dc:title>
<dc:publisher>U.S. House of Representatives</dc:publisher>
<dc:date>2025-11-28</dc:date>
<dc:format>text/xml</dc:format>
<dc:language>EN</dc:language>
<dc:rights>Pursuant to Title 17 Section 105 of the United States Code, this file is not subject to copyright protection and is in the public domain.</dc:rights>
</dublinCore>
</metadata>
<form>
<distribution-code display="yes">IV</distribution-code><congress display="yes">119th CONGRESS</congress><session display="yes">1st Session</session><legis-num display="yes">H. CON. RES. 63</legis-num><current-chamber>IN THE HOUSE OF REPRESENTATIVES</current-chamber><action display="yes"><action-date date="20251128">November 28, 2025</action-date><action-desc><sponsor name-id="C001118">Mr. Cline</sponsor> (for himself and <cosponsor name-id="J000309">Mr. Jackson of Illinois</cosponsor>) submitted the following concurrent resolution; which was referred to the <committee-name committee-id="HHA00">Committee on House Administration</committee-name></action-desc></action><legis-type>CONCURRENT RESOLUTION</legis-type><official-title display="yes">Authorizing the use of the rotunda of the Capitol for the Congressional National Prayer Breakfast.</official-title></form><resolution-body style="OLC" id="H389BED00AB424172925958F1EF29DA12"> 
<section id="H0F01445E21474CE78A68B892325CA682" section-type="section-one"><enum>1.</enum><header>Use of rotunda for Congressional National Prayer Breakfast</header> 
<subsection id="H39CAE811B41B4FF78F8A7E6D0A00077F"><enum>(a)</enum><header>Authorization</header> 
<paragraph id="HE08B9F19E6B447F998702FA19E5DCA74"><enum>(1)</enum><header>In general</header><text display-inline="yes-display-inline">The rotunda of the United States Capitol is authorized to be used on February 5, 2026, for the Congressional National Prayer Breakfast.</text></paragraph> <paragraph id="HB5556492CDEB4EA688F4F1B199C5612F"><enum>(2)</enum><header>Food and beverage service</header><text>The authorization provided under paragraph (1) shall include the service of food and beverages at the event described in such paragraph.</text></paragraph></subsection> 
<subsection id="H7C669C9360A145E3AF428652D063F3B1"><enum>(b)</enum><header>Preparations</header><text>Physical preparations for the conduct of the event described in subsection (a) shall be carried out in accordance with such conditions as may be prescribed by the Architect of the Capitol.</text></subsection></section> </resolution-body></resolution> 

