<?xml version="1.0"?>
<?xml-stylesheet type="text/xsl" href="billres.xsl"?>
<!DOCTYPE resolution PUBLIC "-//US Congress//DTDs/res.dtd//EN" "res.dtd">
<resolution resolution-stage="Introduced-in-House" dms-id="H986A2AA2AAEF485EABDB39B46BE9C864" public-private="public" resolution-type="house-concurrent" star-print="no-star-print" key="H"><metadata xmlns:dc="http://purl.org/dc/elements/1.1/">
<dublinCore>
<dc:title>119 HCON 29 IH: Expressing support for the withdrawal of the United States from the Paris Agreement.</dc:title>
<dc:publisher>U.S. House of Representatives</dc:publisher>
<dc:date>2025-04-21</dc:date>
<dc:format>text/xml</dc:format>
<dc:language>EN</dc:language>
<dc:rights>Pursuant to Title 17 Section 105 of the United States Code, this file is not subject to copyright protection and is in the public domain.</dc:rights>
</dublinCore>
</metadata>
<form>
<distribution-code display="yes">IV</distribution-code><congress display="yes">119th CONGRESS</congress><session display="yes">1st Session</session><legis-num display="yes">H. CON. RES. 29</legis-num><current-chamber>IN THE HOUSE OF REPRESENTATIVES</current-chamber><action display="yes"><action-date date="20250421">April 21, 2025</action-date><action-desc><sponsor name-id="B001282">Mr. Barr</sponsor> (for himself and <cosponsor name-id="M001235">Mr. Moore of West Virginia</cosponsor>) submitted the following concurrent resolution; which was referred to the <committee-name committee-id="HFA00">Committee on Foreign Affairs</committee-name></action-desc></action><legis-type>CONCURRENT RESOLUTION</legis-type><official-title display="yes">Expressing support for the withdrawal of the United States from the Paris Agreement.</official-title></form><resolution-body style="traditional" id="H1AAECCFD333740BBB4ED6789AA20A337"> 
<section display-inline="yes-display-inline" section-type="undesignated-section" id="H877139297CAF4D7097D8CE3752D1D6E2"><text display-inline="yes-display-inline">That Congress supports the action of the President to withdraw the United States from the Paris Agreement. In the preceding sentence, the term <quote>Paris Agreement</quote> means the decision by the United Nations Framework Convention on Climate Change’s 21st Conference of Parties in Paris, France, adopted December 12, 2015.</text></section> </resolution-body></resolution>

