<?xml version="1.0"?>
<?xml-stylesheet type="text/xsl" href="billres.xsl"?>
<!DOCTYPE resolution PUBLIC "-//US Congress//DTDs/res.dtd//EN" "res.dtd">
<resolution resolution-stage="Enrolled-Bill" dms-id="HDBD4BBAD55A248E1B71CA29B64935FBE" public-private="public" resolution-type="house-concurrent" star-print="no-star-print" key="H" stage-count="1"> 
<metadata xmlns:dc="http://purl.org/dc/elements/1.1/">
<dublinCore>
<dc:title> HCON 24 ENR: Authorizing the use of Emancipation Hall in the Capitol Visitor Center for an event to celebrate the birthday of King Kamehameha I.</dc:title>
<dc:publisher>U.S. House of Representatives</dc:publisher>
<dc:date>2025-06-03</dc:date>
<dc:format>text/xml</dc:format>
<dc:language>EN</dc:language>
<dc:rights>Pursuant to Title 17 Section 105 of the United States Code, this file is not subject to copyright protection and is in the public domain.</dc:rights>
</dublinCore>
</metadata>
<form>
<distribution-code display="no">IV</distribution-code> 
<congress display="yes">One Hundred Nineteenth Congress of the United States of America</congress> 
<session display="yes">At the First Session</session><enrolled-dateline>Begun and held at the City of Washington on Friday, the third day of January, two thousand and twenty-five</enrolled-dateline> 
<legis-num display="yes">H. CON. RES. 24</legis-num> 
<current-chamber display="no"></current-chamber>
<action>
<action-date date="20250603">June 3, 2025</action-date>
<action-desc>Agreed to</action-desc>
</action> 
<legis-type>CONCURRENT RESOLUTION</legis-type> 
<official-title display="no">Authorizing the use of Emancipation Hall in the Capitol Visitor Center for an event to celebrate the birthday of King Kamehameha I.</official-title> 
</form> 
<resolution-body style="OLC" id="HC3DBAEC266534A36BA65205C3A98A07C"> 
<section commented="no" display-inline="no-display-inline" section-type="section-one" id="H1B3A0959FF3D4110A393CCC05503821C"><enum>1.</enum><header>Use of Emancipation Hall for Event to Celebrate Birthday of King Kamehameha I</header> 
<subsection commented="no" display-inline="no-display-inline" id="H6876E79B69C4433483846D6B85BA6C5C"><enum>(a)</enum><header display-inline="yes-display-inline">Authorization</header><text display-inline="yes-display-inline">Emancipation Hall in the Capitol Visitor Center is authorized to be used on June 8, 2025, for an event to celebrate the birthday of King Kamehameha I.</text></subsection> <subsection commented="no" display-inline="no-display-inline" id="HF148DE72720D4729831D445742CF0059"><enum>(b)</enum><header display-inline="yes-display-inline">Preparations</header><text display-inline="yes-display-inline">Physical preparations for the conduct of the event described in subsection (a) shall be carried out in accordance with such conditions as may be prescribed by the Architect of the Capitol.</text></subsection></section> 
</resolution-body> 
<attestation><attestation-group><role>Clerk of the House of Representatives.</role></attestation-group><attestation-group><role>Secretary of the Senate.</role></attestation-group></attestation>
</resolution> 


