<?xml version="1.0"?>
<?xml-stylesheet type="text/xsl" href="billres.xsl"?>
<!DOCTYPE resolution PUBLIC "-//US Congress//DTDs/res.dtd//EN" "res.dtd">
<resolution resolution-stage="Introduced-in-House" dms-id="HEB4CDB53CB5E440EAA3AE9FF9A2A0F1B" public-private="public" resolution-type="house-concurrent" star-print="no-star-print" key="H"><metadata xmlns:dc="http://purl.org/dc/elements/1.1/">
<dublinCore>
<dc:title>119 HCON 5 IH: Legislative Proxy and Absence Accommodation Resolution</dc:title>
<dc:publisher>U.S. House of Representatives</dc:publisher>
<dc:date>2025-01-28</dc:date>
<dc:format>text/xml</dc:format>
<dc:language>EN</dc:language>
<dc:rights>Pursuant to Title 17 Section 105 of the United States Code, this file is not subject to copyright protection and is in the public domain.</dc:rights>
</dublinCore>
</metadata>
<form>
<distribution-code display="yes">IV</distribution-code><congress display="yes">119th CONGRESS</congress><session display="yes">1st Session</session><legis-num display="yes">H. CON. RES. 5</legis-num><current-chamber>IN THE HOUSE OF REPRESENTATIVES</current-chamber><action display="yes"><action-date date="20250128">January 28, 2025</action-date><action-desc><sponsor name-id="W000788">Ms. Williams of Georgia</sponsor> submitted the following concurrent resolution; which was referred to the <committee-name committee-id="HRU00">Committee on Rules</committee-name></action-desc></action><legis-type>CONCURRENT RESOLUTION</legis-type><official-title display="yes">Establishing grounds under which Members of Congress may vote by proxy and remotely attend committee proceedings in the event of illness, a death in the family, jury service, military service, and other emergency situations, and for other purposes.</official-title></form><resolution-body style="OLC" id="H1AB6701E6EFC4067BFE3614015CB6D18"><section id="H4EFB8C153B474EB59A8E7222B061376A" section-type="section-one"><enum>1.</enum><header>Short title</header><text display-inline="no-display-inline">This resolution may be cited as the <quote><short-title>Legislative Proxy and Absence Accommodation Resolution</short-title></quote>. </text></section><section display-inline="no-display-inline" section-type="subsequent-section" id="H07BBD33D0854474BB60D2FBFB047F720"><enum>2.</enum><header>Permitting proxy voting and remote attendance at committee proceedings for Members of the House of Representatives in certain cases</header><subsection id="H8FFC9916520B4F2898B2937C0EAE8785"><enum>(a)</enum><header>Proxy voting</header><text>Rule III of the Rules of the House of Representatives is amended—</text><paragraph id="H59DCB89E7A3642B2B75182122578A24C"><enum>(1)</enum><text display-inline="yes-display-inline">in clause 2(a), by striking <quote>A Member may not</quote> and inserting <quote>Except as provided in clause 4, a Member may not</quote>;</text></paragraph><paragraph id="H202C00628476421DA352D0C5F0B4D8A5"><enum>(2)</enum><text>in clause 2(b), by striking <quote>No other person may</quote> and inserting <quote>Except as provided in clause 4, no other person may</quote>; and </text></paragraph><paragraph id="HAFAC3833578E4BE3A9A58DECD50CC6FC"><enum>(3)</enum><text>by adding at the end the following new clause:</text><quoted-block style="OLC" id="H31543B8BCC284C1B816B86C7AD97E1B5" display-inline="no-display-inline"><rules-clause id="HC3CD906BFB884B8889D29F2BA5AAA651"><rules-clause-header>Proxy voting</rules-clause-header><enum>4.</enum><subsection id="HC09DAFB69B30465CB6D0F4747001135B" display-inline="yes-display-inline"><enum>(a)</enum><text display-inline="yes-display-inline">If any of the grounds described in paragraph (b) applies to a Member, such Member may designate another Member as a proxy who may cast the vote of such Member or record the presence of such Member in the House if such Member submits to the Clerk a signed letter (which may be in electronic form)—</text><paragraph id="H8C074CAE05C74FAFB3AB4FF46C840904"><enum>(1)</enum><text display-inline="yes-display-inline">certifying that one of those grounds applies to such Member; and</text></paragraph><paragraph id="H9F73539984DC4663A8FB4CDAA24685B3"><enum>(2)</enum><text>specifying by name the other Member who is designated as a proxy for such Member.</text></paragraph></subsection><subsection id="H3F4865BD161B486FB1CDD95AF7A6F1CA" display-inline="no-display-inline" commented="no"><enum>(b)</enum><text display-inline="yes-display-inline">The grounds described in this paragraph with respect to a Member are as follows:</text><paragraph id="H358916C46E7B40E591D48943E588C05A" commented="no"><enum>(1)</enum><text display-inline="yes-display-inline">Any of the grounds under which an eligible employee is entitled to leave under subparagraphs (A) through (E) of section 102(a)(1) of the Family and Medical Leave Act of 1993 (<external-xref legal-doc="usc" parsable-cite="usc/29/2612">29 U.S.C. 2612(a)(1)</external-xref>), but only if the Member includes with the signed letter required under this paragraph such documentation as the Clerk may require.</text></paragraph><paragraph id="H29DFCE2FC379496195474371D22E7144" commented="no"><enum>(2)</enum><text>An illness of the Member which would not be treated as a serious health condition under section 102(a)(1)(D) of the Family and Medical Leave Act of 1993 (<external-xref legal-doc="usc" parsable-cite="usc/29/2612">29 U.S.C. 2612(a)(1)(D)</external-xref>) if the Member were an eligible employee under such Act, except that the number of days during which a Member may designate a proxy under this clause on the basis of this subparagraph in a calendar year may not exceed 7.</text></paragraph><paragraph id="H1E240E1B64C74221BB2DAEC42FB340FB"><enum>(3)</enum><text>The summoning of the Member, in connection with a judicial proceeding, by a court or authority responsible for the conduct of that proceeding, to serve as a juror, but only if the Member includes with the signed letter required under this paragraph such documentation of the summoning as the Clerk may require.</text></paragraph><paragraph id="H0B56AF12ED784E268381C19DD0C4B7DF"><enum>(4)</enum><text display-inline="yes-display-inline">The death of a family member, except that the number of consecutive days during which a Member may designate a proxy under this clause on the basis of this subparagraph with respect to a family member may not exceed 4. For purposes of this subparagraph, the term <term>family member</term> means a spouse (including a domestic partner) and a spouse’s parent; a child and a child’s spouse; a parent and a parent’s spouse; a sibling and a sibling’s spouse; a grandparent, a grandchild, or a spouse of a grandparent or grandchild; and any other individual who is related by blood or affinity and whose association with the individual is the equivalent of a family relationship under regulations issued by the Committee on House Administration.</text></paragraph><paragraph id="H0C5AEB41A0344A77AD5E6CD32C0D012E"><enum>(5)</enum><text>The Member is absent by reason of service in the uniformed services, as defined in section 4303(13) of title 38, United States Code, except that the number of days during which a Member may designate a proxy under this clause on the basis of this subparagraph in a calendar year may not exceed 15 in the case of service consisting of active duty, active duty for training, and inactive duty training and may not exceed 22 days in the case of service consisting of State active duty in response to a national emergency or a major disaster referred to in such section. A Member may designate a proxy under this clause on the basis of this subparagraph only if the Member includes with the signed letter required under this paragraph such documentation of the service as the Clerk may require.</text></paragraph><paragraph id="H9F1CAB26977A445C879EA717F32CB0E2"><enum>(6)</enum><text>The Member is prevented from safely traveling to or performing work at the location of the committee proceeding due to—</text><subparagraph id="H42776B862ADD407D981F0C9EA0A8E2D8"><enum>(A)</enum><text>an act of God;</text></subparagraph><subparagraph id="HE5983CFC00654D228E6509FB3427274F"><enum>(B)</enum><text>a terrorist attack; or</text></subparagraph><subparagraph id="HD93B5B6A89B9448A8A80919EB173CF0C"><enum>(C)</enum><text>another condition that prevents the Member from safely traveling to or performing work at the location of the proceeding.</text></subparagraph></paragraph></subsection><subsection id="HDBD39660A9A2459B8C3C565FB96597D9"><enum>(c)</enum><text>The Clerk shall maintain an updated list of the following information, and shall make such list publicly available in electronic form:</text><paragraph id="HA3C1D0BAA584411399AFDC8658A9BA23"><enum>(1)</enum><text>The designations submitted or in effect under paragraph (a).</text></paragraph><paragraph id="H96D1E1B96FBF4D4D8D2584540101EBBA"><enum>(2)</enum><text>With respect to each Member who designated a proxy under paragraph (a)—</text><subparagraph id="H710651D987C14975AD79BBAA7E0EE576"><enum>(A)</enum><text display-inline="yes-display-inline">the number of days for which the Member designated a proxy; and</text></subparagraph><subparagraph id="H692D28DC07AC4550B542EC904A96618E"><enum>(B)</enum><text>the grounds under paragraph (b) on which the Member designated the proxy.</text></subparagraph></paragraph></subsection><subsection id="HBD9BC679D6944A3F9CA25727B0B1B5C6"><enum>(d)</enum><text display-inline="yes-display-inline">Any Member whose vote is cast or whose presence is recorded by a designated proxy under this clause shall be counted for the purpose of establishing a quorum under the rules of the House.</text></subsection></rules-clause><after-quoted-block>.</after-quoted-block></quoted-block></paragraph></subsection><subsection id="HF1DB56C7DF2642D1A980B9180035DFB9"><enum>(b)</enum><header>Remote attendance at committee proceedings</header><text display-inline="yes-display-inline">Rule XI of the Rules of the House of Representatives is amended by adding at the end the following new clause:</text><quoted-block style="OLC" id="H690D4C7E4B9B43549CB79C0D25F1B150" display-inline="no-display-inline"><rules-clause id="HE44E9D8FFBD846CA96D6D16F76859FF0"><rules-clause-header>Remote attendance at committee proceedings in certain cases</rules-clause-header><enum>7.</enum><subsection id="H535DCEB29EA5492FB5B7620F4D4DA9CF" display-inline="yes-display-inline"><enum>(a)</enum><text display-inline="yes-display-inline">Notwithstanding any other provision of this rule, if any of the grounds described in paragraph (b) applies to a Member and such Member has submitted to the Clerk a signed letter (which may be in electronic form) certifying that one of those grounds applies to such Member—</text><paragraph id="HE623E20294D845A49E3636D5FF30F85E"><enum>(1)</enum><text display-inline="yes-display-inline">such Member may participate remotely during in-person committee proceedings, including by casting a vote or recording such Member’s presence remotely;</text></paragraph><paragraph id="H59E16112D5294B6DA258AC1F22E8E155"><enum>(2)</enum><text>such remote participation shall not be considered an absence for purposes of clause 5(c) of rule X or clause 2(d) of rule XI; and</text></paragraph><paragraph id="H9135B4C91AC14197A746AF983CCC63CC"><enum>(3)</enum><text>such Member shall be counted for the purpose of establishing a quorum under the rules of the House and the committee.</text></paragraph></subsection><subsection id="H6FE8199BE1DE4606B8606C6B7E4370B4" display-inline="no-display-inline" commented="no"><enum>(b)</enum><text display-inline="yes-display-inline">The grounds described in this paragraph with respect to a Member are as follows:</text><paragraph id="H5A5B75E5C0314DA2B0EF4B24FA2A99F4" commented="no"><enum>(1)</enum><text display-inline="yes-display-inline">Any of the grounds under which an eligible employee is entitled to leave under subparagraphs (A) through (E) of section 102(a)(1) of the Family and Medical Leave Act of 1993 (<external-xref legal-doc="usc" parsable-cite="usc/29/2612">29 U.S.C. 2612(a)(1)</external-xref>), but only if the Member includes with the signed letter required under this paragraph such documentation as the Clerk may require.</text></paragraph><paragraph id="HC63EA614BFB44AB7ABFDB7326E6E2099" commented="no"><enum>(2)</enum><text>An illness of the Member which would not be treated as a serious health condition under section 102(a)(1)(D) of the Family and Medical Leave Act of 1993 (<external-xref legal-doc="usc" parsable-cite="usc/29/2612">29 U.S.C. 2612(a)(1)(D)</external-xref>) if the Member were an eligible employee under such Act, except that the number of days during which a Member may participate remotely under this clause on the basis of this subparagraph in a calendar year may not exceed 7.</text></paragraph><paragraph id="HDD8B411FB35F41C3A0B529C2728631E1"><enum>(3)</enum><text>The summoning of the Member, in connection with a judicial proceeding, by a court or authority responsible for the conduct of that proceeding, to serve as a juror, but only if the Member includes with the signed letter required under this paragraph such documentation of the summoning as the Clerk may require.</text></paragraph><paragraph id="H8FE239AB0CA54F47B54978AD099E56EC"><enum>(4)</enum><text display-inline="yes-display-inline">The death of a family member, except that the number of consecutive days during which a Member may participate remotely under this clause on the basis of this subparagraph with respect to a family member may not exceed 4. For purposes of this subparagraph, the term <term>family member</term> means a spouse (including a domestic partner) and a spouse’s parent; a child and a child’s spouse; a parent and a parent’s spouse; a sibling and a sibling’s spouse; a grandparent, a grandchild, or a spouse of a grandparent or grandchild; and any other individual who is related by blood or affinity and whose association with the individual is the equivalent of a family relationship under regulations issued by the Committee on House Administration.</text></paragraph><paragraph id="HB6622B84BDCD4418A5E858508B0170DC"><enum>(5)</enum><text>The Member is absent by reason of service in the uniformed services, as defined in section 4303(13) of title 38, United States Code, except that the number of days during which a Member may participate remotely under this clause on the basis of this subparagraph in a calendar year may not exceed 15 in the case of service consisting of active duty, active duty for training, and inactive duty training and may not exceed 22 days in the case of service consisting of State active duty in response to a national emergency or a major disaster referred to in such section. A Member may participate remotely under this clause on the basis of this subparagraph only if the Member includes with the signed letter required under this paragraph such documentation of the service as the Clerk may require.</text></paragraph><paragraph id="H59A98E315EFF4BBB8151873B2FAA4D0B"><enum>(6)</enum><text>The Member is prevented from safely traveling to or performing work at the location of the committee proceeding due to—</text><subparagraph id="HAFD0572D2F82463CA61EB8445BA2C005"><enum>(A)</enum><text>an act of God;</text></subparagraph><subparagraph id="HCF894BCAB58E4B5398B236992CA41C95"><enum>(B)</enum><text>a terrorist attack; or</text></subparagraph><subparagraph id="H22180CA17B724AB6B8FE245E8AC4FDDC"><enum>(C)</enum><text>another condition that prevents the Member from safely traveling to or performing work at the location of the proceeding.</text></subparagraph></paragraph></subsection><subsection id="H6F987AE5A0DD438AA83CA6E5A0E49328"><enum>(c)</enum><text>The Clerk shall maintain an updated list of the following information, and shall make such list publicly available in electronic form:</text><paragraph id="H37673D85A82A45B9B0BFBF8E0B2F812F"><enum>(1)</enum><text>The Members who are eligible to participate remotely under this clause.</text></paragraph><paragraph id="HF31E14E749554F7B8A2AB0230C713463"><enum>(2)</enum><text>With respect to each such Member—</text><subparagraph id="H01661D2A5F664406910479AB6012A89F"><enum>(A)</enum><text>the number of days for which the Member participated remotely; and</text></subparagraph><subparagraph id="HF64AB699D6E74766BD1FD5FC08531999"><enum>(B)</enum><text>the grounds under paragraph (b) on which the Member participated remotely.</text></subparagraph></paragraph></subsection></rules-clause><after-quoted-block>.</after-quoted-block></quoted-block></subsection></section><section id="HC0615FCE1C584222A9ACA80F719DE768"><enum>3.</enum><header>Permitting proxy voting and remote attendance at committee proceedings for Senators in certain cases</header><subsection id="H2A650FCC4DBB41E383C00662446924F5"><enum>(a)</enum><header>Proxy voting</header><paragraph id="H1878B2087DA74DFF97059B2036D8DB84"><enum>(1)</enum><header>Authorizing designation of proxies</header><text>Notwithstanding any other provision of any of the Standing Rules of the Senate, if any of the grounds described in subsection (c) applies to a Senator, such Senator may designate another Senator as a proxy who may cast the vote of such Senator or record the presence of such Senator in the Senate if such Senator submits to the Secretary of the Senate a signed letter (which may be in electronic form)—</text><subparagraph id="H38620E8867764C7583F115E5EB8F8811"><enum>(A)</enum><text>certifying that one of those grounds applies to such Senator; and</text></subparagraph><subparagraph id="H3F74D427152647B78A38D20C2E0A50FA"><enum>(B)</enum><text>specifying by name the other Senator who is designated as a proxy for such Senator.</text></subparagraph></paragraph><paragraph id="H5B35C86D7E46401BB196F8232C9942A3"><enum>(2)</enum><header>Determination of quorum</header><text display-inline="yes-display-inline">Any Senator whose vote is cast or whose presence is recorded by a designated proxy under this section shall be counted for the purpose of establishing a quorum under the Standing Rules of the Senate.</text></paragraph></subsection><subsection id="H4E796683840142F8825F7FD8C60BAD44"><enum>(b)</enum><header>Remote attendance at committee proceedings</header><text>Notwithstanding any other provision of any of the Standing Rules of the Senate, if any of the grounds described in subsection (c) applies to a Senator, and such Senator has submitted to the Secretary of the Senate a signed letter (which may be in electronic form) certifying that one of those grounds applies to such Senator, such Senator may participate remotely during in-person committee proceedings, including by casting a vote or recording such Senator’s presence remotely, and—</text><paragraph id="H07D0D9DCC7D1432B81A39BBC8EADB62D"><enum>(1)</enum><text display-inline="yes-display-inline">such remote participation shall not be considered an absence for purposes of any provision of the Standing Rules of the Senate; and</text></paragraph><paragraph id="HF893D79221C14B34A4E1C92883B50B07"><enum>(2)</enum><text display-inline="yes-display-inline">a Senator participating remotely pursuant to this subsection shall be counted for the purpose of establishing a quorum under the Standing Rules of the Senate and the committee.</text></paragraph></subsection><subsection id="HB7751FAC02404F958E6B73C40A4DB4E5"><enum>(c)</enum><header>Grounds described</header><text>The grounds described in this subsection with respect to a Senator are as follows:</text><paragraph id="H163668E7A48E4A17935768C33E043E82"><enum>(1)</enum><text display-inline="yes-display-inline">Any of the grounds under which an eligible employee is entitled to leave under subparagraphs (A) through (E) of section 102(a)(1) of the Family and Medical Leave Act of 1993 (<external-xref legal-doc="usc" parsable-cite="usc/29/2612">29 U.S.C. 2612(a)(1)</external-xref>), but only if the Member includes with the signed letter required under this paragraph such documentation as the Secretary may require.</text></paragraph><paragraph id="H241C630926BB4ADFBB0F6AE10C85D5E0"><enum>(2)</enum><text display-inline="yes-display-inline">An illness of the Senator which would not be treated as a serious health condition under section 102(a)(1)(D) of the Family and Medical Leave Act of 1993 (<external-xref legal-doc="usc" parsable-cite="usc/29/2612">29 U.S.C. 2612(a)(1)(D)</external-xref>) if the Senator were an eligible employee under such Act, except that the number of days during which a Senator may designate a proxy under subsection (a) or may participate remotely under subsection (b) on the basis of this paragraph in a calendar year may not exceed 7.</text></paragraph><paragraph id="HBC8F14FA2F294F799BE6ED74C4C361D1"><enum>(3)</enum><text display-inline="yes-display-inline">The summoning of the Senator, in connection with a judicial proceeding, by a court or authority responsible for the conduct of that proceeding, to serve as a juror, but only if the Senator includes with the signed letter required under this paragraph such documentation of the summoning as the Clerk may require.</text></paragraph><paragraph id="H7D73FC39E4334235A0E4A715D07EB23C"><enum>(4)</enum><text display-inline="yes-display-inline">The death of a family member, except that the number of consecutive days during which a Senator may designate a proxy under subsection (a) or may participate remotely under subsection (b) on the basis of this paragraph with respect to a family member may not exceed 4. For purposes of this paragraph, the term <term>family member</term> means a spouse (including a domestic partner) and a spouse’s parent; a child and a child’s spouse; a parent and a parent’s spouse; a sibling and a sibling’s spouse; a grandparent, a grandchild, or a spouse of a grandparent or grandchild; and any other individual who is related by blood or affinity and whose association with the individual is the equivalent of a family relationship under regulations issued by the Committee on Rules and Administration.</text></paragraph><paragraph id="HC3576BA79DC04EAB8955955CC9669630"><enum>(5)</enum><text display-inline="yes-display-inline">The Senator is absent by reason of service in the uniformed services, as defined in section 4303(13) of title 38, United States Code, except that the number of days during which a Senator may designate a proxy under subsection (a) or may participate remotely under subsection (b) on the basis of this paragraph in a calendar year may not exceed 15 in the case of service consisting of active duty, active duty for training, and inactive duty training and may not exceed 22 days in the case of service consisting of State active duty in response to a national emergency or a major disaster referred to in such section. A Senator may designate a proxy under subsection (a) or may participate remotely under subsection (b) on the basis of this paragraph only if the Senator includes with the signed letter required under such subsections such documentation of the service as the Secretary may require.</text></paragraph><paragraph id="HA59D7FCFC777484EA16672FDF619AF24"><enum>(6)</enum><text>The Senator is prevented from safely traveling to or performing work at the location of the committee proceeding due to—</text><subparagraph id="HD97C88C41E664ADEA33FC9758DC9479D"><enum>(A)</enum><text>an act of God;</text></subparagraph><subparagraph id="HFDEC7453EB804EE9BD1048E5609B8A6A"><enum>(B)</enum><text>a terrorist attack; or</text></subparagraph><subparagraph id="H8531FB6F8D5649A4A1BDFFE565DF4942"><enum>(C)</enum><text>another condition that prevents the Senator from safely traveling to or performing work at the location of the proceeding.</text></subparagraph></paragraph></subsection><subsection id="HAA37C24C9B0A45268F48E7D7108F1D11"><enum>(d)</enum><header>Maintenance of information by Secretary</header><text display-inline="yes-display-inline">The Secretary shall maintain an updated list of the following information, and shall make such list publicly available in electronic form:</text><paragraph id="HE7CC10482E48488C8F9F879127C3E278"><enum>(1)</enum><text>The designations of proxies submitted or in effect under subsection (a).</text></paragraph><paragraph id="HD0F7A69935CD46ED9DD4522212075058"><enum>(2)</enum><text>With respect to each Senator who designated a proxy under subsection (a)—</text><subparagraph id="H14EE3459539B42E995A472387C9D41DA"><enum>(A)</enum><text>the number of days for which the Senator designated a proxy; and</text></subparagraph><subparagraph id="H81309D4A8EAA4CC4BD9C39DCB089F4A5"><enum>(B)</enum><text>the grounds under subsection (c) on which the Senator designated the proxy.</text></subparagraph></paragraph><paragraph id="H5BD3AA5EB96F44BB9317AAE06F72AE08"><enum>(3)</enum><text>The Senators who are eligible to participate remotely under subsection (b).</text></paragraph><paragraph id="HD3BFB67A3E9E457284CCB613299709F4"><enum>(4)</enum><text>With respect to each Senator who is eligible to participate remotely under subsection (b)—</text><subparagraph id="H3E04031A6C154014B1BFB8F239A75E85"><enum>(A)</enum><text>the number of days for which the Senator participated remotely; and</text></subparagraph><subparagraph id="HC0FF90883D8F492F8631AE41860DFC91"><enum>(B)</enum><text>the grounds under subsection (c) on which the Senator participated remotely.</text></subparagraph></paragraph></subsection></section></resolution-body></resolution> 

