<?xml version="1.0"?>
<?xml-stylesheet type="text/xsl" href="billres.xsl"?>
<!DOCTYPE resolution PUBLIC "-//US Congress//DTDs/res.dtd//EN" "res.dtd">
<resolution resolution-stage="Introduced-in-House" dms-id="H15F765B5A0F8429282342CB94C7ED926" public-private="public" resolution-type="house-concurrent" star-print="no-star-print" key="H"><metadata xmlns:dc="http://purl.org/dc/elements/1.1/">
<dublinCore>
<dc:title>119 HCON 47 IH: Expressing the sense of Congress regarding the public health, safety, and welfare implications of licensure of design professionals.</dc:title>
<dc:publisher>U.S. House of Representatives</dc:publisher>
<dc:date>2025-09-04</dc:date>
<dc:format>text/xml</dc:format>
<dc:language>EN</dc:language>
<dc:rights>Pursuant to Title 17 Section 105 of the United States Code, this file is not subject to copyright protection and is in the public domain.</dc:rights>
</dublinCore>
</metadata>
<form>
<distribution-code display="yes">IV</distribution-code><congress display="yes">119th CONGRESS</congress><session display="yes">1st Session</session><legis-num display="yes">H. CON. RES. 47</legis-num><current-chamber>IN THE HOUSE OF REPRESENTATIVES</current-chamber><action display="yes"><action-date date="20250904">September 4, 2025</action-date><action-desc><sponsor name-id="J000302">Mr. Joyce of Pennsylvania</sponsor> submitted the following concurrent resolution; which was referred to the <committee-name committee-id="HED00">Committee on Education and Workforce</committee-name></action-desc></action><legis-type>CONCURRENT RESOLUTION</legis-type><official-title display="yes">Expressing the sense of Congress regarding the public health, safety, and welfare implications of licensure of design professionals.</official-title></form><preamble> 
<whereas><text>Whereas the several States have traditionally licensed individuals in the practice of certain design occupations, with California having passed the first surveying licensure law in 1891, Illinois having passed the first architecture licensing law in 1897, and Wyoming having passed the first engineering licensure law in 1907;</text></whereas> <whereas><text>Whereas all 50 States, as well as territories and possessions, license individuals in the design profession disciplines;</text></whereas> 
<whereas><text>Whereas the National Transportation Safety Board has recognized the importance of professional licensing among certain design professions, most recently in NTSB/PSR–18/02, an incident safety report regarding a natural gas distribution system in the northeast region of the Merrimack Valley, Massachusetts;</text></whereas> <whereas><text>Whereas, more than 30 years ago, Congress recognized the importance of professional licensing in design disciplines in its report titled <quote>Structural Failures in Public Facilities</quote> (H. Rept. 98–61), which recommended <quote>all necessary architectural and engineering design and on-site services in public construction projects are furnished by licensed professionals who are qualified and experienced to assure the construction of safe structures</quote>; and</text></whereas> 
<whereas><text>Whereas many States are reducing requirements for, or eliminating the licensing of, certain occupations due to concerns over competition, market entry, and overregulation that do not serve the public interest, but in many cases the aforementioned State actions do not distinguish those professional design occupations in which licensing has a significant benefit to public health, safety, and welfare: Now, therefore, be it</text></whereas></preamble><resolution-body style="traditional" id="HA8F7BBA9DDF94067B18D575467B4D9C1"> <section display-inline="yes-display-inline" section-type="undesignated-section" id="H97A11A1643CE4403AEFF6538DF607C38"><text>That it is the sense of Congress that—</text> 
<paragraph id="H0AE9FCE2C758478BB97669CC9ECD3180"><enum>(1)</enum><text>occupations in design professions, including but not limited to architecture, engineering, surveying, and mapping, are essential to the integrity of the built and natural environment and critical to the successful research, planning, design, construction, development, alteration, repair, operation, and maintenance of real property, the Nation’s physical infrastructure, and resource planning activities, including the assessment, location, and development of critical materials, that contribute to maintaining the country’s economic prosperity, national security, and environmental protection; and</text></paragraph> <paragraph id="H8113D6059C114F238B40F51ED2D2D6C4"><enum>(2)</enum><text>continuation of licensure of such occupations and professions by the several States is in the best interest of public health, safety, and welfare.</text></paragraph></section> 
</resolution-body></resolution>

