<?xml version="1.0"?>
<?xml-stylesheet type="text/xsl" href="billres.xsl"?>
<!DOCTYPE resolution PUBLIC "-//US Congress//DTDs/res.dtd//EN" "res.dtd">
<resolution resolution-stage="Reported-in-House" dms-id="HFEBCB308AE23479490A17B247C21F9C0" public-private="public" resolution-type="house-concurrent" star-print="no-star-print" key="H"><metadata xmlns:dc="http://purl.org/dc/elements/1.1/">
<dublinCore>
<dc:title>119 HCON 9 RH: Authorizing the use of the Capitol Grounds for the National Peace Officers Memorial Service and the National Honor Guard and Pipe Band Exhibition.</dc:title>
<dc:publisher>U.S. House of Representatives</dc:publisher>
<dc:date>2025-03-25</dc:date>
<dc:format>text/xml</dc:format>
<dc:language>EN</dc:language>
<dc:rights>Pursuant to Title 17 Section 105 of the United States Code, this file is not subject to copyright protection and is in the public domain.</dc:rights>
</dublinCore>
</metadata>
<form>
<distribution-code display="yes">IV</distribution-code><calendar display="yes">House Calendar No. 13</calendar><congress display="yes">119th CONGRESS</congress><session display="yes">1st Session</session><legis-num display="yes">H. CON. RES. 9</legis-num><associated-doc role="report" display="yes">[Report No. 119–39]</associated-doc><current-chamber>IN THE HOUSE OF REPRESENTATIVES</current-chamber><action display="yes"><action-date date="20250206">February 6, 2025</action-date><action-desc><sponsor name-id="P000605">Mr. Perry</sponsor> (for himself and <cosponsor name-id="S001211">Mr. Stanton</cosponsor>) submitted the following concurrent resolution; which was referred to the <committee-name committee-id="HPW00">Committee on Transportation and Infrastructure</committee-name></action-desc></action><action display="yes"><action-date date="20250325">March 25, 2025</action-date><action-desc>Referred to the House Calendar and ordered to be printed</action-desc></action><legis-type>CONCURRENT RESOLUTION</legis-type><official-title display="yes">Authorizing the use of the Capitol Grounds for the National Peace Officers Memorial Service and the National Honor Guard and Pipe Band Exhibition.</official-title></form><resolution-body style="OLC" id="HC2220198ED05466BBC1A86710C7A4603"><section display-inline="yes-display-inline" section-type="undesignated-section" id="H628DBC5B614343CD81F44EA852C8D917"><text>That</text></section><section id="H35B8CEE425A441CA8F3D4C4188A1C618" section-type="section-one"><enum>1.</enum><header>Use of the Capitol Grounds for National Peace Officers Memorial Service</header><subsection id="H40DB9D5083D7487787F4C8D4E07DBCDC"><enum>(a)</enum><header>In general</header><text display-inline="yes-display-inline">The National Fraternal Order of Police and its auxiliary shall be permitted to sponsor a public event, the 44th Annual National Peace Officers Memorial Service (in this resolution referred to as the <quote>Memorial Service</quote>), on the Capitol Grounds, in order to honor the law enforcement officers who died in the line of duty during 2024.</text></subsection><subsection id="H54718734DB0F41AFBE0504C3AB16B9AD"><enum>(b)</enum><header>Date of Memorial Service</header><text display-inline="yes-display-inline">The Memorial Service shall be held on May 15, 2025, or on such other date as the Speaker of the House of Representatives and the Committee on Rules and Administration of the Senate jointly designate, with preparation for the event to begin on May 9, 2025, and takedown completed on May 16, 2025.</text></subsection></section><section id="HE4736FFF137C46828DC8C653890FB0E2"><enum>2.</enum><header> Use of the Capitol Grounds for National Honor Guard and Pipe Band Exhibition</header><subsection id="HA680E56252EA4438B9742129E8FD527C"><enum>(a)</enum><header>In general</header><text display-inline="yes-display-inline">The National Fraternal Order of Police and its auxiliary shall be permitted to sponsor a public event, the National Honor Guard and Pipe Band Exhibition (in this resolution referred to as the <quote>Exhibition</quote>), on the Capitol Grounds, in order to allow law enforcement representatives to exhibit their ability to demonstrate Honor Guard programs and provide for a bagpipe exhibition.</text></subsection><subsection id="H22799573A3CA48ECB4E60E43417E0E48"><enum>(b)</enum><header>Date of Exhibition</header><text display-inline="yes-display-inline">The Exhibition shall be held on May 14, 2025, or on such other date as the Speaker of the House of Representatives and the Committee on Rules and Administration of the Senate jointly designate.</text></subsection></section><section id="H50CBC91540F943B7B9DCC2492B21EF09"><enum>3.</enum><header>Terms and conditions</header><subsection id="H3255F6A3040B43EE8DCFEF237E67F41F"><enum>(a)</enum><header>In general</header><text display-inline="yes-display-inline">Under conditions to be prescribed by the Architect of the Capitol and the Capitol Police Board, the event shall be—</text><paragraph id="HA4E8E9DA75E44EA78BAA3555F70968FB"><enum>(1)</enum><text display-inline="yes-display-inline">free of admission charge and open to the public; and</text></paragraph><paragraph id="HD7DC7D95B21E4B979C03177F50E3481C"><enum>(2)</enum><text display-inline="yes-display-inline">arranged not to interfere with the needs of Congress.</text></paragraph></subsection><subsection id="H6DF18044F65B472FBB84EC450C008747"><enum>(b)</enum><header>Expenses and liabilities</header><text display-inline="yes-display-inline">The sponsors of the Memorial Service and Exhibition shall assume full responsibility for all expenses and liabilities incident to all activities associated with the events.</text></subsection></section><section id="H174EEC8A84194B7A8B1E4C64B2D89878"><enum>4.</enum><header>Event preparations</header><text display-inline="no-display-inline"> Subject to the approval of the Architect of the Capitol, the sponsors referred to in section 3(b) are authorized to erect upon the Capitol Grounds such stage, sound amplification devices, and other related structures and equipment, as may be required for the Memorial Service and Exhibition.</text></section><section id="H89BE31505D89434E8E0E837D7F97C6A1"><enum>5.</enum><header>Enforcement of restrictions</header><text display-inline="no-display-inline"> The Capitol Police Board shall provide for enforcement of the restrictions contained in section 5104(c) of title 40, United States Code, concerning sales, advertisements, displays, and solicitations on the Capitol Grounds, as well as other restrictions applicable to the Capitol Grounds, in connection with the events.</text></section></resolution-body><endorsement display="yes"><action-date>March 25, 2025</action-date><action-desc>Referred to the House Calendar and ordered to be printed</action-desc></endorsement></resolution> 

