<?xml version="1.0"?>
<?xml-stylesheet type="text/xsl" href="billres.xsl"?>
<!DOCTYPE resolution PUBLIC "-//US Congress//DTDs/res.dtd//EN" "res.dtd">
<resolution resolution-stage="Engrossed-in-House" dms-id="H3A1FDFCFF73045F29BDA7DD5495EE3E9" public-private="public" resolution-type="house-concurrent" star-print="no-star-print" key="H" stage-count="1">
<metadata xmlns:dc="http://purl.org/dc/elements/1.1/">
<dublinCore>
<dc:title>119 HCON 58 EH: Denouncing the horrors of socialism.</dc:title>
<dc:publisher>U.S. House of Representatives</dc:publisher>
<dc:date></dc:date>
<dc:format>text/xml</dc:format>
<dc:language>EN</dc:language>
<dc:rights>Pursuant to Title 17 Section 105 of the United States Code, this file is not subject to copyright protection and is in the public domain.</dc:rights>
</dublinCore>
</metadata>
<form>
<distribution-code display="no">IV</distribution-code>
<congress display="yes">119th CONGRESS</congress>
<session display="yes">1st Session</session>
<legis-num display="yes">H. CON. RES. 58</legis-num>
<current-chamber display="no">IN THE HOUSE OF REPRESENTATIVES</current-chamber>
<legis-type>CONCURRENT RESOLUTION</legis-type>
<official-title display="no">Denouncing the horrors of socialism.</official-title>
</form>
<preamble> 
<whereas><text>Whereas socialist ideology necessitates a concentration of power that has, time and time again, collapsed into communist regimes, totalitarian rule, and brutal dictatorships;</text></whereas> <whereas><text>Whereas socialism has repeatedly led to famine and mass murders, and the killing of over 100,000,000 people worldwide;</text></whereas> 
<whereas><text>Whereas many of the greatest crimes in history were committed by socialist ideologues, including Vladimir Lenin, Joseph Stalin, Mao Zedong, Fidel Castro, Pol Pot, Kim Jong Il, Kim Jong Un, Daniel Ortega, Hugo Chavez, and Nicolás Maduro;</text></whereas> <whereas><text>Whereas tens of millions died in the Bolshevik Revolution, at least 10,000,000 people were sent to the gulags in the Union of Soviet Socialist Republics, and millions more starved in the Terror-Famine (Holodomor) in Ukraine;</text></whereas> 
<whereas><text>Whereas between 15,000,000 and 55,000,000 people starved to death in the wake of famine and devastation caused by the Great Leap Forward in China;</text></whereas> <whereas><text>Whereas the socialist experiment in Cambodia led to the killing fields in which over a million people were gruesomely murdered;</text></whereas> 
<whereas><text>Whereas up to 3,500,000 people have starved in North Korea, dividing a land of freedom from a land of destitution;</text></whereas> <whereas><text>Whereas the Castro regime in Cuba expropriated the land of Cuban farmers and the businesses of Cuban entrepreneurs, stealing their possessions and their livelihoods, and exiling millions with nothing but the clothes on their backs;</text></whereas> 
<whereas><text>Whereas the implementation of socialism in Venezuela has turned a once-prosperous country into a failed State with the highest rate of inflation in the world;</text></whereas> <whereas><text>Whereas President Thomas Jefferson, the author of the Declaration of Independence, wrote, <quote>To take from one, because it is thought that his own industry and that of his fathers has acquired too much, in order to spare to others, who, or whose fathers have not exercised equal industry and skill, is to violate arbitrarily the first principle of association, the guarantee to every one of a free exercise of his industry, and the fruits acquired by it</quote>;</text></whereas> 
<whereas><text>Whereas President James Madison, the <quote>Father of the Constitution</quote>, wrote that it <quote>is not a just government, nor is property secure under it, where the property which a man has in his personal safety and personal liberty, is violated by arbitrary seizures of one class of citizens for the service of the rest</quote>; and</text></whereas> <whereas><text>Whereas the United States was founded on the belief in the sanctity of the individual, to which the collectivistic system of socialism in all of its forms is fundamentally and necessarily opposed: Now, therefore, be it</text></whereas></preamble>
<resolution-body style="OLC" id="HF2DF793F05FC440097BDB0383E144439"> 
<section id="H4E350C13B11042D19CECC6D8A932598D" display-inline="yes-display-inline" section-type="undesignated-section"><text>That Congress denounces socialism in all its forms, and opposes the implementation of socialist policies in the United States. </text></section> </resolution-body> <attestation><attestation-group><attestation-date date="20251121" chamber="House">Passed the House of Representatives November 21, 2025.</attestation-date><attestor display="no">Kevin F. McCumber,</attestor><role>Clerk.</role></attestation-group></attestation> <endorsement display="yes"></endorsement> </resolution> 

