<?xml version="1.0"?>
<?xml-stylesheet type="text/xsl" href="billres.xsl"?>
<!DOCTYPE resolution PUBLIC "-//US Congress//DTDs/res.dtd//EN" "res.dtd">
<resolution resolution-stage="Introduced-in-House" dms-id="HDB1110B5676C45E2A4861BFD993FD77B" public-private="public" resolution-type="house-concurrent" star-print="no-star-print" key="H"><metadata xmlns:dc="http://purl.org/dc/elements/1.1/">
<dublinCore>
<dc:title>119 HCON 16 IH: Providing for a joint session of the Congress in Philadelphia, Pennsylvania, on Thursday, July 2, 2026, in honor of the semiquincentennial of the Declaration of Independence.</dc:title>
<dc:publisher>U.S. House of Representatives</dc:publisher>
<dc:date>2025-02-27</dc:date>
<dc:format>text/xml</dc:format>
<dc:language>EN</dc:language>
<dc:rights>Pursuant to Title 17 Section 105 of the United States Code, this file is not subject to copyright protection and is in the public domain.</dc:rights>
</dublinCore>
</metadata>
<form>
<distribution-code display="yes">IV</distribution-code><congress display="yes">119th CONGRESS</congress><session display="yes">1st Session</session><legis-num display="yes">H. CON. RES. 16</legis-num><current-chamber>IN THE HOUSE OF REPRESENTATIVES</current-chamber><action display="yes"><action-date date="20250227">February 27, 2025</action-date><action-desc><sponsor name-id="B001296">Mr. Boyle of Pennsylvania</sponsor> (for himself, <cosponsor name-id="A000055">Mr. Aderholt</cosponsor>, <cosponsor name-id="E000296">Mr. Evans of Pennsylvania</cosponsor>, <cosponsor name-id="S000168">Ms. Salazar</cosponsor>, <cosponsor name-id="W000822">Mrs. Watson Coleman</cosponsor>, <cosponsor name-id="S001205">Ms. Scanlon</cosponsor>, <cosponsor name-id="T000467">Mr. Thompson of Pennsylvania</cosponsor>, <cosponsor name-id="D000631">Ms. Dean of Pennsylvania</cosponsor>, <cosponsor name-id="D000530">Mr. Deluzio</cosponsor>, <cosponsor name-id="F000466">Mr. Fitzpatrick</cosponsor>, <cosponsor name-id="H001085">Ms. Houlahan</cosponsor>, <cosponsor name-id="L000602">Ms. Lee of Pennsylvania</cosponsor>, <cosponsor name-id="M001230">Mr. Mackenzie</cosponsor>, and <cosponsor name-id="S001199">Mr. Smucker</cosponsor>) submitted the following concurrent resolution; which was referred to the <committee-name committee-id="HJU00">Committee on the Judiciary</committee-name></action-desc></action><legis-type>CONCURRENT RESOLUTION</legis-type><official-title display="yes">Providing for a joint session of the Congress in Philadelphia, Pennsylvania, on Thursday, July 2, 2026, in honor of the semiquincentennial of the Declaration of Independence.</official-title></form><preamble><whereas><text>Whereas the city of Philadelphia, Pennsylvania, was founded in 1682;</text></whereas><whereas><text>Whereas Philadelphia has become known as the Nation’s birthplace for the critical role it played in the founding of the United States of America;</text></whereas><whereas><text>Whereas Philadelphia was the meeting place for the first Continental Congress, the second Continental Congress, and the Constitutional Convention;</text></whereas><whereas><text>Whereas Philadelphia served as the capital of the United States from 1790–1800;</text></whereas><whereas><text>Whereas, on July 4, 1776, the Second Continental Congress approved the Declaration of Independence in Philadelphia, at the Pennsylvania State House, now known as Independence Hall;</text></whereas><whereas><text>Whereas the Declaration of Independence officially severed the 13 colonies’ ties to the British Crown;</text></whereas><whereas><text>Whereas Independence Hall is 1 of only 26 cultural World Heritage sites in the United States of America;</text></whereas><whereas><text>Whereas Philadelphia, Pennsylvania, became the first World Heritage City in the United States of America;</text></whereas><whereas><text>Whereas, shortly after the conclusion of the Constitutional Convention, Benjamin Franklin proclaimed of the Rising Sun Armchair at Independence Hall, <quote>I have often looked at that picture behind the president without being able to tell whether it was rising or setting. But now at length I have the happiness to know that it is a rising and not a setting sun</quote>;</text></whereas><whereas><text>Whereas across from Independence Hall stands the Liberty Bell, displaying the phrase <quote>Proclaim Liberty Throughout All the Land Unto All the Inhabitants thereof</quote>;</text></whereas><whereas><text>Whereas only on 2 occasions since the United States Capitol moved to Washington, District of Colombia, in 1800 has Congress convened outside of the District of Colombia;</text></whereas><whereas><text>Whereas, on July 16, 1987, Congress met at Independence Hall in Philadelphia, Pennsylvania, to <quote>honor the bicentennial of the Constitution</quote> and commemorate <quote>the 200th anniversary of the Great Compromise of the Constitutional Convention</quote>;</text></whereas><whereas><text>Whereas, on September 6, 2002, Congress met at Federal Hall in New York, New York, <quote>in remembrance of the victims and heroes of September 11, 2001, and in recognition of the courage and spirit of the City of New York</quote>; and</text></whereas><whereas><text>Whereas, July 4, 2026, will serve as the semiquincentennial, or 250th anniversary, of the founding of the United States: Now, therefore, be it</text></whereas></preamble><resolution-body style="traditional" id="H7C20FE0FD61F410F91015E0FB5E57893"><section display-inline="yes-display-inline" section-type="undesignated-section" id="H21B01D32D3CB476DB3267265A712B120"><enum/><text display-inline="yes-display-inline">That, in honor of the semiquincentennial of the Declaration of Independence, the two Houses of the Congress shall assemble in a joint session at the Independence National Historical Park in Philadelphia, Pennsylvania, on Thursday, July 2, 2026, for the purpose of commemorating the Declaration of Independence.</text></section></resolution-body></resolution> 

