<?xml version="1.0"?>
<?xml-stylesheet type="text/xsl" href="billres.xsl"?>
<!DOCTYPE resolution PUBLIC "-//US Congress//DTDs/res.dtd//EN" "res.dtd">
<resolution resolution-stage="Introduced-in-House" dms-id="H895A1B74E1D54B6DBED0BBF3664A4C03" public-private="public" resolution-type="house-concurrent" star-print="no-star-print" key="H"><metadata xmlns:dc="http://purl.org/dc/elements/1.1/">
<dublinCore>
<dc:title>119 HCON 4 IH: Expressing the sense of Congress that tax-exempt fraternal benefit societies have historically provided and continue to provide critical benefits to the people and communities of the United States.</dc:title>
<dc:publisher>U.S. House of Representatives</dc:publisher>
<dc:date>2025-01-28</dc:date>
<dc:format>text/xml</dc:format>
<dc:language>EN</dc:language>
<dc:rights>Pursuant to Title 17 Section 105 of the United States Code, this file is not subject to copyright protection and is in the public domain.</dc:rights>
</dublinCore>
</metadata>
<form>
<distribution-code display="yes">IV</distribution-code><congress display="yes">119th CONGRESS</congress><session display="yes">1st Session</session><legis-num display="yes">H. CON. RES. 4</legis-num><current-chamber>IN THE HOUSE OF REPRESENTATIVES</current-chamber><action display="yes"><action-date date="20250128">January 28, 2025</action-date><action-desc><sponsor name-id="L000585">Mr. LaHood</sponsor> (for himself, <cosponsor name-id="M001160">Ms. Moore of Wisconsin</cosponsor>, <cosponsor name-id="F000446">Mr. Feenstra</cosponsor>, <cosponsor name-id="S001185">Ms. Sewell</cosponsor>, <cosponsor name-id="C001126">Mr. Carey</cosponsor>, <cosponsor name-id="B001296">Mr. Boyle of Pennsylvania</cosponsor>, <cosponsor name-id="M001205">Mrs. Miller of West Virginia</cosponsor>, <cosponsor name-id="P000613">Mr. Panetta</cosponsor>, <cosponsor name-id="F000471">Mr. Fitzgerald</cosponsor>, <cosponsor name-id="S001157">Mr. David Scott of Georgia</cosponsor>, <cosponsor name-id="T000478">Ms. Tenney</cosponsor>, <cosponsor name-id="D000096">Mr. Davis of Illinois</cosponsor>, <cosponsor name-id="H001067">Mr. Hudson</cosponsor>, <cosponsor name-id="B001281">Mrs. Beatty</cosponsor>, <cosponsor name-id="E000298">Mr. Estes</cosponsor>, <cosponsor name-id="B001292">Mr. Beyer</cosponsor>, <cosponsor name-id="S001213">Mr. Steil</cosponsor>, <cosponsor name-id="M001143">Ms. McCollum</cosponsor>, <cosponsor name-id="M001213">Mr. Moore of Utah</cosponsor>, <cosponsor name-id="D000617">Ms. DelBene</cosponsor>, <cosponsor name-id="G000597">Mr. Garbarino</cosponsor>, <cosponsor name-id="P000620">Ms. Pettersen</cosponsor>, <cosponsor name-id="K000376">Mr. Kelly of Pennsylvania</cosponsor>, <cosponsor name-id="S001156">Ms. Sánchez</cosponsor>, <cosponsor name-id="M001210">Mr. Murphy</cosponsor>, <cosponsor name-id="D000631">Ms. Dean of Pennsylvania</cosponsor>, <cosponsor name-id="F000466">Mr. Fitzpatrick</cosponsor>, <cosponsor name-id="S001215">Ms. Stevens</cosponsor>, <cosponsor name-id="M000317">Ms. Malliotakis</cosponsor>, <cosponsor name-id="P000607">Mr. Pocan</cosponsor>, <cosponsor name-id="H001100">Mr. Hurd of Colorado</cosponsor>, <cosponsor name-id="L000557">Mr. Larson of Connecticut</cosponsor>, <cosponsor name-id="M001194">Mr. Moolenaar</cosponsor>, <cosponsor name-id="G000587">Ms. Garcia of Texas</cosponsor>, <cosponsor name-id="H001058">Mr. Huizenga</cosponsor>, <cosponsor name-id="C001061">Mr. Cleaver</cosponsor>, <cosponsor name-id="F000470">Mrs. Fischbach</cosponsor>, <cosponsor name-id="S001190">Mr. Schneider</cosponsor>, <cosponsor name-id="S001199">Mr. Smucker</cosponsor>, <cosponsor name-id="C001119">Ms. Craig</cosponsor>, <cosponsor name-id="K000397">Mrs. Kim</cosponsor>, <cosponsor name-id="S001201">Mr. Suozzi</cosponsor>, <cosponsor name-id="B001282">Mr. Barr</cosponsor>, <cosponsor name-id="B001315">Ms. Budzinski</cosponsor>, <cosponsor name-id="Y000067">Mr. Yakym</cosponsor>, <cosponsor name-id="G000583">Mr. Gottheimer</cosponsor>, <cosponsor name-id="B001295">Mr. Bost</cosponsor>, <cosponsor name-id="H001047">Mr. Himes</cosponsor>, <cosponsor name-id="G000558">Mr. Guthrie</cosponsor>, <cosponsor name-id="Q000023">Mr. Quigley</cosponsor>, and <cosponsor name-id="E000294">Mr. Emmer</cosponsor>) submitted the following concurrent resolution; which was referred to the <committee-name committee-id="HWM00">Committee on Ways and Means</committee-name></action-desc></action><legis-type>CONCURRENT RESOLUTION</legis-type><official-title display="yes">Expressing the sense of Congress that tax-exempt fraternal benefit societies have historically provided and continue to provide critical benefits to the people and communities of the United States.</official-title></form><preamble><whereas><text>Whereas the fraternal benefit societies of the United States are longstanding mutual aid organizations created more than a century ago to serve the needs of communities and provide for the payment of life, health, accident, and other benefits to their members;</text></whereas><whereas><text>Whereas fraternal benefit societies represent a successful, modern-day model under which individuals come together with a common purpose to collectively provide charitable and other beneficial activities for society;</text></whereas><whereas><text>Whereas fraternal benefit societies operate under a chapter system, creating a nationwide infrastructure, combined with local energy and knowledge, which positions fraternal benefit societies to most efficiently address unmet needs in communities, many of which the government cannot address;</text></whereas><whereas><text>Whereas the fraternal benefit society model represents one of the largest member-volunteer networks in the United States, with approximately 7,000,000 people belonging to local chapters across the country;</text></whereas><whereas><text>Whereas research has shown that the value of the work of fraternal benefit societies to society averages more than $3,800,000,000 per year, accounting for charitable giving, educational programs, and volunteer activities, as well as important social capital that strengthens the fabric, safety, and quality of life in thousands of local communities in the United States;</text></whereas><whereas><text>Whereas, in 1909, Congress recognized the value of fraternal benefit societies and exempted those organizations from taxation, as later codified in <external-xref legal-doc="usc" parsable-cite="usc/26/501">section 501(c)(8)</external-xref> of the Internal Revenue Code of 1986;</text></whereas><whereas><text>Whereas fraternal benefit societies have adapted since 1909 to better serve the evolving needs of their members and the public;</text></whereas><whereas><text>Whereas the efforts of fraternal benefit societies to help people of the United States save money and be financially secure relieves pressure on government safety net programs; and</text></whereas><whereas><text>Whereas Congress recognizes that fraternal benefit societies have served their original purpose for more than a century, helping countless individuals, families, and communities through fraternal member activities: Now, therefore, be it</text></whereas></preamble><resolution-body style="traditional" id="HF5806FF3638D42B1BA6E0421CB8B3E26"><section display-inline="yes-display-inline" section-type="undesignated-section" id="H46F68268D0F64D1F9797E01E77FC1E04"><enum/><text>That it is the sense of Congress that—</text><paragraph id="H760CC2D1CA6443BCB08FEBF5F2279D1E"><enum>(1)</enum><text>the fraternal benefit society model is a successful private sector economic and social support system that helps meet needs that would otherwise go unmet;</text></paragraph><paragraph id="HCF2B09C0F1134319B8511259F56E4971"><enum>(2)</enum><text>the provision of payment for life, health, accident, or other benefits to the members of fraternal benefit societies in accordance with <external-xref legal-doc="usc" parsable-cite="usc/26/501">section 501(c)(8)</external-xref> of the Internal Revenue Code of 1986 is necessary to support the charitable and fraternal activities of the volunteer chapters within the communities of fraternal benefit societies;</text></paragraph><paragraph id="H913858D98201414F8DA8954852E4794F"><enum>(3)</enum><text>fraternal benefit societies have adapted since 1909 to better serve their members and the public; and</text></paragraph><paragraph id="H94BE52CA9C3F499FA0607493923622AC"><enum>(4)</enum><text>the exemption from taxation under <external-xref legal-doc="usc" parsable-cite="usc/26/501">section 501(c)(8)</external-xref> of the Internal Revenue Code of 1986 of fraternal benefit societies continues to generate significant returns to the United States, and the work of fraternal benefit societies should continue to be promoted.</text></paragraph></section></resolution-body></resolution> 

