<?xml version="1.0"?>
<?xml-stylesheet type="text/xsl" href="billres.xsl"?>
<!DOCTYPE resolution PUBLIC "-//US Congress//DTDs/res.dtd//EN" "res.dtd">
<resolution resolution-stage="Introduced-in-House" dms-id="H4323E5602F3F440896AB8D44E88173BF" public-private="public" resolution-type="house-concurrent" star-print="no-star-print" key="H"><metadata xmlns:dc="http://purl.org/dc/elements/1.1/">
<dublinCore>
<dc:title>119 HCON 54 IH: Expressing support for designation of the first Friday of October as “Manufacturing Day”.</dc:title>
<dc:publisher>U.S. House of Representatives</dc:publisher>
<dc:date>2025-10-03</dc:date>
<dc:format>text/xml</dc:format>
<dc:language>EN</dc:language>
<dc:rights>Pursuant to Title 17 Section 105 of the United States Code, this file is not subject to copyright protection and is in the public domain.</dc:rights>
</dublinCore>
</metadata>
<form>
<distribution-code display="yes">IV</distribution-code><congress display="yes">119th CONGRESS</congress><session display="yes">1st Session</session><legis-num display="yes">H. CON. RES. 54</legis-num><current-chamber>IN THE HOUSE OF REPRESENTATIVES</current-chamber><action display="yes"><action-date date="20251003">October 3, 2025</action-date><action-desc><sponsor name-id="T000474">Mrs. Torres of California</sponsor> (for herself and <cosponsor name-id="F000459">Mr. Fleischmann</cosponsor>) submitted the following concurrent resolution; which was referred to the <committee-name committee-id="HGO00">Committee on Oversight and Government Reform</committee-name></action-desc></action><legis-type>CONCURRENT RESOLUTION</legis-type><official-title display="yes">Expressing support for designation of the first Friday of October as <quote>Manufacturing Day</quote>.</official-title></form><preamble> 
<whereas><text>Whereas, according to the most recent data, manufacturers contributed $2,900,000,000,000 to the economy, accounting for 11 percent of gross domestic product;</text></whereas> <whereas><text>Whereas this figure has risen significantly over the past decade, from $1,930,000,000,000 in 2012;</text></whereas> 
<whereas><text>Whereas manufacturers in the United States are a significant driver of innovation, spending $372,459,000,000 on research and development in 2022;</text></whereas> <whereas><text>Whereas nearly 12,900,000 people in the United States (or over 8 percent of the workforce) are employed directly in manufacturing, while many millions more jobs are supported through the supply chain and related industries;</text></whereas> 
<whereas><text>Whereas the number of skilled, family wage jobs in this sector is increasing, presenting the opportunity to promote the benefits of a career in manufacturing to young people and their parents; and</text></whereas> <whereas><text>Whereas the first Friday of October would be an appropriate date to designate as <quote>Manufacturing Day</quote>: Now, therefore, be it</text></whereas></preamble><resolution-body style="OLC" id="HF4F124ACBE774253B10089D353C6447F"> 
<section display-inline="yes-display-inline" section-type="undesignated-section" id="H7EFC71A29A894AA99BAC19C7F4E4D9EB"><text>That Congress supports the designation of <quote>Manufacturing Day</quote>.</text></section> </resolution-body></resolution>

