<?xml version="1.0"?>
<?xml-stylesheet type="text/xsl" href="billres.xsl"?>
<!DOCTYPE resolution PUBLIC "-//US Congress//DTDs/res.dtd//EN" "res.dtd">
<resolution resolution-stage="Engrossed-in-House" dms-id="H28AD0C206465426DB0B9940A5503BE95" public-private="public" resolution-type="house-concurrent" star-print="no-star-print" key="H" stage-count="1">
<metadata xmlns:dc="http://purl.org/dc/elements/1.1/">
<dublinCore>
<dc:title>119 HCON 39 EH: Authorizing the use of Emancipation Hall in the Capitol Visitor Center for a ceremony to present the Congressional Gold Medals awarded under the Harlem Hellfighters Congressional Gold Medal Act.</dc:title>
<dc:publisher>U.S. House of Representatives</dc:publisher>
<dc:date></dc:date>
<dc:format>text/xml</dc:format>
<dc:language>EN</dc:language>
<dc:rights>Pursuant to Title 17 Section 105 of the United States Code, this file is not subject to copyright protection and is in the public domain.</dc:rights>
</dublinCore>
</metadata>
<form>
<distribution-code display="no">IV</distribution-code>
<congress display="yes">119th CONGRESS</congress>
<session display="yes">1st Session</session>
<legis-num display="yes">H. CON. RES. 39</legis-num>
<current-chamber display="no">IN THE HOUSE OF REPRESENTATIVES</current-chamber>
<legis-type>CONCURRENT RESOLUTION</legis-type>
<official-title display="no">Authorizing the use of Emancipation Hall in the Capitol Visitor Center for a ceremony to present the Congressional Gold Medals awarded under the Harlem Hellfighters Congressional Gold Medal Act.</official-title>
</form>
<resolution-body style="OLC" id="H69C62B1F8F2F4839914F2794DBE0E908">
<section display-inline="no-display-inline" section-type="section-one" id="H1610F5B3EA3242E7BF51A5BAC6052F20"><enum>1.</enum><header>Use of Emancipation Hall for ceremony to present Congressional Gold Medals awarded under Harlem Hellfighters Congressional Gold Medal Act</header>
<subsection id="H78603948548A4A70BF185534C08F6369"><enum>(a)</enum><header>Authorization</header><text display-inline="yes-display-inline">Emancipation Hall in the Capitol Visitor Center is authorized to be used on September 3, 2025, for a ceremony to present the Congressional Gold Medals awarded under the Harlem Hellfighters Congressional Gold Medal Act (<external-xref legal-doc="public-law" parsable-cite="pl/117/38">Public Law 117–38</external-xref>).</text></subsection> <subsection id="HA1A661CFC5CF4F39AEE1B91C2A6AAB87"><enum>(b)</enum><header>Preparations</header><text>Physical preparations for the conduct of the ceremony described in subsection (a) shall be carried out in accordance with such conditions as the Architect of the Capitol may prescribe.</text></subsection></section>
</resolution-body>
<attestation><attestation-group><attestation-date date="20250626" chamber="House">Passed the House of Representatives June 26, 2025.</attestation-date><attestor display="no">Kevin F. McCumber,</attestor><role>Clerk.</role></attestation-group></attestation>
<endorsement display="yes"></endorsement>
</resolution> 


