<?xml version="1.0"?>
<?xml-stylesheet type="text/xsl" href="billres.xsl"?>
<!DOCTYPE resolution PUBLIC "-//US Congress//DTDs/res.dtd//EN" "res.dtd">
<resolution resolution-stage="Introduced-in-House" dms-id="H24FA3CEF44C944B49212D1DAABECE42E" public-private="public" resolution-type="house-concurrent" star-print="no-star-print" key="H"><metadata xmlns:dc="http://purl.org/dc/elements/1.1/">
<dublinCore>
<dc:title>119 HCON 50 IH: Recognizing the importance of the Vietnamese Heritage Flag.</dc:title>
<dc:publisher>U.S. House of Representatives</dc:publisher>
<dc:date>2025-09-19</dc:date>
<dc:format>text/xml</dc:format>
<dc:language>EN</dc:language>
<dc:rights>Pursuant to Title 17 Section 105 of the United States Code, this file is not subject to copyright protection and is in the public domain.</dc:rights>
</dublinCore>
</metadata>
<form>
<distribution-code display="yes">IV</distribution-code><congress display="yes">119th CONGRESS</congress><session display="yes">1st Session</session><legis-num display="yes">H. CON. RES. 50</legis-num><current-chamber>IN THE HOUSE OF REPRESENTATIVES</current-chamber><action display="yes"><action-date date="20250919">September 19, 2025</action-date><action-desc><sponsor name-id="T000491">Mr. Tran</sponsor> (for himself, <cosponsor name-id="C001110">Mr. Correa</cosponsor>, <cosponsor name-id="M001241">Mr. Min</cosponsor>, <cosponsor name-id="K000389">Mr. Khanna</cosponsor>, <cosponsor name-id="S001231">Ms. Simon</cosponsor>, <cosponsor name-id="J000288">Mr. Johnson of Georgia</cosponsor>, <cosponsor name-id="C001080">Ms. Chu</cosponsor>, <cosponsor name-id="P000608">Mr. Peters</cosponsor>, <cosponsor name-id="K000397">Mrs. Kim</cosponsor>, <cosponsor name-id="L000397">Ms. Lofgren</cosponsor>, and <cosponsor name-id="M001188">Ms. Meng</cosponsor>) submitted the following concurrent resolution; which was referred to the <committee-name committee-id="HFA00">Committee on Foreign Affairs</committee-name></action-desc></action><legis-type>CONCURRENT RESOLUTION</legis-type><official-title display="yes">Recognizing the importance of the Vietnamese Heritage Flag.</official-title></form><preamble> 
<whereas><text>Whereas the yellow flag with three red stripes was the official flag of the former Republic of Vietnam, which existed from 1949 until 1975;</text></whereas> <whereas><text>Whereas millions of Vietnamese people fled their homeland after the fall of Saigon in 1975, seeking freedom, democracy, and safety in the United States and other nations;</text></whereas> 
<whereas><text>Whereas the Vietnamese-American community in the United States, now numbering more than 1,500,000 people, has made significant cultural, economic, and civic contributions to American life;</text></whereas> <whereas><text>Whereas the yellow flag with three red stripes has become a unifying emblem of the Vietnamese-American refugee community, symbolizing freedom, democracy, and the sacrifices of those who fought against communism alongside the United States;</text></whereas> 
<whereas><text>Whereas, under the yellow flag with three red stripes, the Republic of Vietnam valiantly stood against relentless communist aggression while also striving to establish a just, democratic, and humane society; and</text></whereas> <whereas><text>Whereas this flag serves as an enduring reminder of the shared sacrifices of American and South Vietnamese servicemembers during the Vietnam war, as well as of the refugee journey and ongoing commitment of Vietnamese Americans to democratic values: Now, therefore, be it</text></whereas></preamble><resolution-body style="traditional" id="H8E50D99708744564AD4808A6CDD45AC6">
        <section id="H5C88833F93DB4229B87374B6BFD1D00B" section-type="undesignated-section" display-inline="yes-display-inline">
 <text display-inline="yes-display-inline">That Congress—</text> <paragraph id="H3AF12FFFECE14184AED98CE52501D3AC"> <enum>(1)</enum> <text>recognizes the yellow flag with three red stripes as the symbol of the Vietnamese national community who fought alongside the United States against communism in Vietnam; and</text>
            </paragraph>
            <paragraph id="H67CDE998127B47528D9F8C75A2D71FDF">
                <enum>(2)</enum>
 <text display-inline="yes-display-inline">affirms the yellow flag with three red stripes as the emblem of the Vietnamese-American refugee community in the United States.</text>
            </paragraph>
        </section>
    </resolution-body></resolution>

