<?xml version="1.0"?>
<?xml-stylesheet type="text/xsl" href="billres.xsl"?>
<!DOCTYPE resolution PUBLIC "-//US Congress//DTDs/res.dtd//EN" "res.dtd">
<resolution resolution-stage="Introduced-in-House" dms-id="H08FFB3690F5147468B55480DF050F6B2" public-private="public" resolution-type="house-concurrent" star-print="no-star-print" key="H"><metadata xmlns:dc="http://purl.org/dc/elements/1.1/">
<dublinCore>
<dc:title>117 HCON 33 IH: Directing the Architect of the Capitol to install at a permanent location on the western front of the United States Capitol an honorific plaque listing the names of all of the officers of the United States Capitol Police, the Metropolitan Police Department of the District of Columbia, and other Federal, State, and local law enforcement agencies and protective entities who responded to the violence that occurred at the United States Capitol on January 6, 2021.</dc:title>
<dc:publisher>U.S. House of Representatives</dc:publisher>
<dc:date>2025-05-14</dc:date>
<dc:format>text/xml</dc:format>
<dc:language>EN</dc:language>
<dc:rights>Pursuant to Title 17 Section 105 of the United States Code, this file is not subject to copyright protection and is in the public domain.</dc:rights>
</dublinCore>
</metadata>
<form>
<distribution-code display="yes">IV</distribution-code><congress display="yes">119th CONGRESS</congress><session display="yes">1st Session</session><legis-num display="yes">H. CON. RES. 33</legis-num><current-chamber>IN THE HOUSE OF REPRESENTATIVES</current-chamber><action display="yes"><action-date date="20250514">May 14, 2025</action-date><action-desc><sponsor name-id="M001206">Mr. Morelle</sponsor> submitted the following concurrent resolution; which was referred to the <committee-name committee-id="HHA00">Committee on House Administration</committee-name></action-desc></action><legis-type>CONCURRENT RESOLUTION</legis-type><official-title display="yes">Directing the Architect of the Capitol to install at a permanent location on the western front of the United States Capitol an honorific plaque listing the names of all of the officers of the United States Capitol Police, the Metropolitan Police Department of the District of Columbia, and other Federal, State, and local law enforcement agencies and protective entities who responded to the violence that occurred at the United States Capitol on January 6, 2021.</official-title></form><resolution-body style="OLC" id="H22CC77810C5F431AAD4C55A94CFC3277"><section display-inline="no-display-inline" section-type="section-one" id="H8745DCE38B7C4C579A0055C0EA67B594"><enum>1.</enum><header>Installation of plaque honoring law enforcement officers who responded to violence at the Capitol on January 6, 2021</header><text display-inline="no-display-inline">Not later than 30 days after the date of the adoption of this concurrent resolution, the Architect of the Capitol shall, in accordance with section 214 of the Legislative Branch Appropriations Act, 2022 (<external-xref legal-doc="public-law" parsable-cite="pl/117/103">Public Law 117–103</external-xref>; <external-xref legal-doc="usc" parsable-cite="usc/2/2131">2 U.S.C. 2131</external-xref> note prec.), install at a permanent location on the western front of the United States Capitol an honorific plaque listing the names of all of the officers of the United States Capitol Police, the Metropolitan Police Department of the District of Columbia, and other Federal, State, and local law enforcement agencies and protective entities who responded to the violence that occurred at the United States Capitol on January 6, 2021.</text></section></resolution-body></resolution> 

