<?xml version="1.0"?>
<?xml-stylesheet type="text/xsl" href="billres.xsl"?>
<!DOCTYPE resolution PUBLIC "-//US Congress//DTDs/res.dtd//EN" "res.dtd">
<resolution resolution-stage="Introduced-in-House" dms-id="HC817E50A97DF4D8FA8027E619B233BAE" public-private="public" resolution-type="house-concurrent" star-print="no-star-print" key="H"><metadata xmlns:dc="http://purl.org/dc/elements/1.1/">
<dublinCore>
<dc:title>119 HCON 57 IH: Honoring Wadee Alfayoumi, a 6-year-old Palestinian-American boy, murdered as a victim of a hate crime for his Palestinian-Muslim identity, in the State of Illinois.</dc:title>
<dc:publisher>U.S. House of Representatives</dc:publisher>
<dc:date>2025-10-14</dc:date>
<dc:format>text/xml</dc:format>
<dc:language>EN</dc:language>
<dc:rights>Pursuant to Title 17 Section 105 of the United States Code, this file is not subject to copyright protection and is in the public domain.</dc:rights>
</dublinCore>
</metadata>
<form>
<distribution-code display="yes">IV</distribution-code><congress display="yes">119th CONGRESS</congress><session display="yes">1st Session</session><legis-num display="yes">H. CON. RES. 57</legis-num><current-chamber>IN THE HOUSE OF REPRESENTATIVES</current-chamber><action display="yes"><action-date date="20251014">October 14, 2025</action-date><action-desc><sponsor name-id="R000617">Mrs. Ramirez</sponsor> (for herself, <cosponsor name-id="U000040">Ms. Underwood</cosponsor>, <cosponsor name-id="W000822">Mrs. Watson Coleman</cosponsor>, <cosponsor name-id="J000305">Ms. Jacobs</cosponsor>, <cosponsor name-id="K000385">Ms. Kelly of Illinois</cosponsor>, <cosponsor name-id="C001117">Mr. Casten</cosponsor>, <cosponsor name-id="D000096">Mr. Davis of Illinois</cosponsor>, <cosponsor name-id="K000391">Mr. Krishnamoorthi</cosponsor>, <cosponsor name-id="S001145">Ms. Schakowsky</cosponsor>, <cosponsor name-id="F000454">Mr. Foster</cosponsor>, <cosponsor name-id="B001315">Ms. Budzinski</cosponsor>, <cosponsor name-id="J000309">Mr. Jackson of Illinois</cosponsor>, <cosponsor name-id="G000586">Mr. Garc&#237;a of Illinois</cosponsor>, and <cosponsor name-id="Q000023">Mr. Quigley</cosponsor>) submitted the following concurrent resolution; which was referred to the <committee-name committee-id="HJU00">Committee on the Judiciary</committee-name></action-desc></action><legis-type>CONCURRENT RESOLUTION</legis-type><official-title display="yes">Honoring Wadee Alfayoumi, a 6-year-old Palestinian-American boy, murdered as a victim of a hate crime for his Palestinian-Muslim identity, in the State of Illinois.</official-title></form><preamble> 
<whereas><text>Whereas Wadee Alfayoumi, a 6-year-old Palestinian-Muslim-American boy, was loved by his family and friends as an energetic, loving, and joyous light who brought sunshine to his loved ones and classmates;</text></whereas> <whereas><text>Whereas, on October 14, 2023, at 11:30 a.m., Wadee Alfayoumi was brutally stabbed 26 times by a hate-driven perpetrator and tragically succumbed to his injuries;</text></whereas> 
<whereas><text>Whereas Wadee Alfayoumi’s perpetrator was convicted of murder and hate crimes and sentenced to 53 years in prison, as there is evidence the perpetrator yelled during the brutal killing, <quote>All Muslims must die and your people must die</quote> and was observed to be a consumer of media containing dehumanizing and hateful rhetoric that is anti-Muslim and anti-Palestinian;</text></whereas> <whereas><text>Whereas Wadee Alfayoumi was born and raised in the United States, and his family wanted the United States to provide them a life of safety away from dehumanizing and hateful rhetoric toward Palestinian people;</text></whereas> 
<whereas><text>Whereas no one should be a target of hate because of their ethnicity or religion, whether such ethnicity or religion is expressed verbally or through how one dresses, such as through the wearing of a hijab, keffiyeh, niqab, burqa, kufi, turban, mitpahat, tichel, shpitzel, sheitel, kippah, or yarmulke;</text></whereas> <whereas><text>Whereas dehumanizing rhetoric can fuel sentiments of hate that result in violence against those who belong or who are perceived to belong to a certain ethnic or religious group;</text></whereas> 
<whereas><text>Whereas the Palestinian community’s migration to the United States dates back to the late 19th century;</text></whereas> <whereas><text>Whereas the United States is home to one of the largest Palestinian diasporas in the world that is made up of lawyers, doctors, teachers, business owners, law enforcement, and others, all who contribute to the history, arts, commerce, promise, and character of the United States;</text></whereas> 
<whereas><text>Whereas Wadee Alfayoumi shared a heritage, history, love, culture, tradition, and brilliance belonging to the Palestinian people and was a symbol of another great Palestinian life full of promise;</text></whereas> <whereas><text>Whereas Palestinian children, Israeli children, children in the United States, and those all across the globe deserve to live in peace and be free from discrimination, hate crimes, and violence; and</text></whereas> 
<whereas><text>Whereas Israel’s military campaign in Gaza has had a devastating impact on children, with over 20,000 children killed in the last 23 months, according to Save the Children: Now, therefore, be it</text></whereas></preamble><resolution-body style="OLC" id="HD4337F702CE14267B621E96014A00250"> <section id="HE7D67ECA0D74410DB61FF534CD620DD7" display-inline="yes-display-inline" section-type="undesignated-section"><text>That Congress recognizes that—</text> 
<paragraph id="HDB0B6E4364D747BD8F68428ED894476F"><enum>(1)</enum><text>the United States lost the beautiful light of Wadee Alfayoumi because of hate;</text></paragraph> <paragraph id="H2C282AD2A8EF4879868FCD37880391EF"><enum>(2)</enum><text>it is the duty of elected officials and media to tell the truth without dehumanizing rhetoric when informing the public of factual information;</text></paragraph> 
<paragraph id="H549E1C6F52D9422C830014FDBE60699A"><enum>(3)</enum><text>freedom of speech and peaceful protest are constitutionally protected and a fundamental cornerstone of democracy; and</text></paragraph> <paragraph id="HDE85ABF19A8846A0989BD5B2293AC844"><enum>(4)</enum><text>the United States has zero tolerance for hate crimes, Islamophobia, anti-Semitism, and anti-Palestinian and anti-Arab discrimination. </text></paragraph></section> 
</resolution-body></resolution>

