<?xml version="1.0"?>
<?xml-stylesheet type="text/xsl" href="billres.xsl"?>
<!DOCTYPE resolution PUBLIC "-//US Congress//DTDs/res.dtd//EN" "res.dtd">
<resolution resolution-stage="Introduced-in-House" dms-id="HB08086F6B8A04326A72833BF3BABB4D9" public-private="public" resolution-type="house-concurrent" star-print="no-star-print" key="H"><metadata xmlns:dc="http://purl.org/dc/elements/1.1/">
<dublinCore>
<dc:title>119 HCON 46 IH: Expressing the sense of Congress that the United States is committed to ensuring a safe and healthy climate for future generations, and thus to restoring the climate.</dc:title>
<dc:publisher>U.S. House of Representatives</dc:publisher>
<dc:date>2025-07-23</dc:date>
<dc:format>text/xml</dc:format>
<dc:language>EN</dc:language>
<dc:rights>Pursuant to Title 17 Section 105 of the United States Code, this file is not subject to copyright protection and is in the public domain.</dc:rights>
</dublinCore>
</metadata>
<form>
<distribution-code display="yes">IV</distribution-code><congress display="yes">119th CONGRESS</congress><session display="yes">1st Session</session><legis-num display="yes">H. CON. RES. 46</legis-num><current-chamber>IN THE HOUSE OF REPRESENTATIVES</current-chamber><action display="yes"><action-date date="20250723">July 23, 2025</action-date><action-desc><sponsor name-id="T000460">Mr. Thompson of California</sponsor> (for himself, <cosponsor name-id="H001068">Mr. Huffman</cosponsor>, <cosponsor name-id="M001206">Mr. Morelle</cosponsor>, and <cosponsor name-id="T000488">Mr. Thanedar</cosponsor>) submitted the following concurrent resolution; which was referred to the <committee-name committee-id="HIF00">Committee on Energy and Commerce</committee-name>, and in addition to the Committee on <committee-name committee-id="HFA00">Foreign Affairs</committee-name>, for a period to be subsequently determined by the Speaker, in each case for consideration of such provisions as fall within the jurisdiction of the committee concerned</action-desc></action><legis-type>CONCURRENT RESOLUTION</legis-type><official-title display="yes">Expressing the sense of Congress that the United States is committed to ensuring a safe and healthy climate for future generations, and thus to restoring the climate.</official-title></form><preamble><whereas><text>Whereas humanity has an obligation to future generations to restore and maintain a safe climate that ensures our long-term survival;</text></whereas><whereas><text>Whereas, prior to the industrial revolution, humans have never lived with a sustained atmospheric carbon dioxide (CO2) concentration above 300 parts per million (ppm);</text></whereas><whereas><text>Whereas today’s atmospheric CO2 concentration is approximately 420 ppm, 50 percent higher than in preindustrial times, resulting in destructive impacts on climate, agriculture, the environment, human health, and economies around the world;</text></whereas><whereas><text>Whereas the United Nations Framework Convention on Climate Change set its climate goal to stabilize greenhouse gas (GHG) levels in 1992, when the atmospheric CO2 concentration was 350 ppm, which is the maximum level theorized to sustain the ecosystems to which humans have adapted;</text></whereas><whereas><text>Whereas, in this resolution, <quote>climate restoration</quote> refers to—</text><paragraph id="H8B479666BA9E4DA8BFEF36E8F356D3E8"><enum>(1)</enum><text>the goal of restoring the atmospheric CO2 concentration to that which humans have survived long-term, (below 300 ppm); and</text></paragraph><paragraph id="H5ED65D4F67714CF5804B7245A14AD584"><enum>(2)</enum><text>actions required to achieve that concentration;</text></paragraph></whereas><whereas><text>Whereas climate restoration is a crucial complement to rapid and deep emissions reductions;</text></whereas><whereas><text>Whereas climate restoration by 2050, will require removing approximately 1,000,000,000,000 tons of CO2 from the atmosphere, or net 50,000,000,000 tons per year for 20 years;</text></whereas><whereas><text>Whereas, approximately 1,000,000,000,000 tons of CO2 were removed from the atmosphere by natural processes 10 times in the last 1,000,000 years, and naturally occurring mechanisms are capable of removing geologically significant amounts of atmospheric CO2, including carbon sequestration by the ocean carbon biological pump;</text></whereas><whereas><text>Whereas scientists and technologists have developed and demonstrated CO2 sequestration methods that replicate and leverage these natural processes in ways that significantly reduce atmospheric CO2 concentrations;</text></whereas><whereas><text>Whereas Congress should encourage investigation and investment in CO2 removal methods and technologies that leverage existing natural processes, as well as other technologies;</text></whereas><whereas><text>Whereas, in addition to CO2 removal, restoring the Earth’s energy balance relies on reducing feedback loops that negatively affect surface albedo, global ocean and atmospheric circulation patterns, and cloud cover;</text></whereas><whereas><text>Whereas removing methane and other short-lived climate pollutants from the atmosphere between now and 2030 is essential as a bridge to achieving longer term climate restoration;</text></whereas><whereas><text>Whereas climate restoration will benefit the people of the United States by reducing loss and damage from heat waves, floods, storms, droughts, wildfires, and other disasters exacerbated by climate change, while producing positive effects on human and ecosystem health, along with benefiting the economy as a whole;</text></whereas><whereas><text>Whereas climate restoration is a precondition for intergenerational climate justice, as young people will suffer the worst effects of climate breakdown;</text></whereas><whereas><text>Whereas the urgent action needed to restore a safe climate is consistent with H. Res. 975, introduced in 2022, and H. Res. 259, introduced in 2023, which are resolutions that recognize the mental health impacts of recurrent climate-related disasters on youth, a group especially vulnerable to the physical and mental health impacts of climate-related disasters, and the far greater suffering young people and future generations will endure if the climate continues to worsen; and</text></whereas><whereas><text>Whereas, on July 3, 2023, the California Senate passed SR–34, becoming the first State to pass a resolution formally recognizing an obligation to future generations to restore the atmospheric CO2 concentration to a safe level, below 300 ppm, and calling for action by the Federal Government, in the form of an international climate treaty, to restore and stabilize greenhouse gas concentrations as a common climate goal: Now, therefore, be it</text></whereas></preamble><resolution-body style="OLC" id="HF2AA464A74B74449BAC9DD4AFFEC68C8"><section id="H6CA26CB788E246A2A88678D4966A9551" section-type="undesignated-section" display-inline="yes-display-inline" commented="no"><text display-inline="yes-display-inline">That Congress—</text><paragraph id="H3425512972924917ACA2EB983AB59CAD" commented="no"><enum>(1)</enum><text>formally recognizes its obligation to future generations to restore a safe climate;</text></paragraph><paragraph id="H8614EAEA316540B9A1BE52F773E65AD5" commented="no"><enum>(2)</enum><text>declares that climate restoration, along with achieving net-zero CO2 emissions, are climate policy priorities; and</text></paragraph><paragraph id="HDBA888F5994F453DB4344641BF808079" commented="no"><enum>(3)</enum><text display-inline="yes-display-inline">calls on the President, Secretary of State, and United States Ambassador to the United Nations to take actions that will restore the climate and stabilize greenhouse gas concentrations at preindustrial levels.</text></paragraph></section></resolution-body></resolution> 

