<?xml version="1.0"?>
<?xml-stylesheet type="text/xsl" href="billres.xsl"?>
<!DOCTYPE resolution PUBLIC "-//US Congress//DTDs/res.dtd//EN" "res.dtd">
<resolution resolution-stage="Engrossed-in-House" dms-id="H6B512FF149064FBCA2E23BFAF5B2D4F3" public-private="public" resolution-type="house-concurrent" star-print="no-star-print" key="H" stage-count="1">
<metadata xmlns:dc="http://purl.org/dc/elements/1.1/">
<dublinCore>
<dc:title>119 HCON 22 EH: Authorizing the use of Emancipation Hall in the Capitol Visitor Center for a ceremony to present the Congressional Gold Medals awarded under the ‘Six Triple Eight’ Congressional Gold Medal Act of 2021.</dc:title>
<dc:publisher>U.S. House of Representatives</dc:publisher>
<dc:date></dc:date>
<dc:format>text/xml</dc:format>
<dc:language>EN</dc:language>
<dc:rights>Pursuant to Title 17 Section 105 of the United States Code, this file is not subject to copyright protection and is in the public domain.</dc:rights>
</dublinCore>
</metadata>
<form>
<distribution-code display="no">IV</distribution-code>
<congress display="yes">119th CONGRESS</congress>
<session display="yes">1st Session</session>
<legis-num display="yes">H. CON. RES. 22</legis-num>
<current-chamber display="no">IN THE HOUSE OF REPRESENTATIVES</current-chamber>
<legis-type>CONCURRENT RESOLUTION</legis-type>
<official-title display="no">Authorizing the use of Emancipation Hall in the Capitol Visitor Center for a ceremony to present the Congressional Gold Medals awarded under the ‘Six Triple Eight’ Congressional Gold Medal Act of 2021.</official-title>
</form>
<resolution-body style="OLC" id="HD548BB59A71D4472BDF4CA06C78C8C81">
<section display-inline="no-display-inline" section-type="section-one" id="HB1669B36D6FD4B2E90BFBA2A073486C7"><enum>1.</enum><header>Use of Emancipation Hall for a ceremony to present the Congressional Gold Medals awarded under the ‘Six Triple Eight’ Congressional Gold Medal Act of 2021</header>
<subsection id="H33B6AD9764104C09B2B0550E5DC95495"><enum>(a)</enum><header>Authorization</header><text display-inline="yes-display-inline">Emancipation Hall in the Capitol Visitor Center is authorized to be used on April 29, 2025, for a ceremony to present the Congressional Gold Medals awarded under the ‘Six Triple Eight’ Congressional Gold Medal Act of 2021 (<external-xref legal-doc="public-law" parsable-cite="pl/117/97">Public Law 117–97</external-xref>).</text></subsection> <subsection id="H2685B9A145A844569714A4F21B890F7F"><enum>(b)</enum><header>Preparations</header><text>Physical preparations for the ceremony described in <internal-xref idref="H33B6AD9764104C09B2B0550E5DC95495" legis-path="1.(a)">subsection (a)</internal-xref> shall be carried out in accordance with such conditions as the Architect of the Capitol may prescribe.</text></subsection></section>
</resolution-body>
<attestation><attestation-group><attestation-date date="20250407" chamber="House">Passed the House of Representatives April 7, 2025.</attestation-date><attestor display="no">Kevin F. McCumber,</attestor><role>Clerk.</role></attestation-group></attestation>
<endorsement display="yes"></endorsement>
</resolution> 


