<?xml version="1.0"?>
<?xml-stylesheet type="text/xsl" href="billres.xsl"?>
<!DOCTYPE resolution PUBLIC "-//US Congress//DTDs/res.dtd//EN" "res.dtd">
<resolution resolution-stage="Introduced-in-House" dms-id="H60AADBABE6F74C9F89B5AB2C97F684DA" public-private="public" resolution-type="house-concurrent" star-print="no-star-print" key="H"><metadata xmlns:dc="http://purl.org/dc/elements/1.1/">
<dublinCore>
<dc:title>119 HCON 25 IH: Expressing the sense of Congress that Trump administration tariffs on Mexico and Canada are in violation of the United States of America-Mexico-Canada Agreement.</dc:title>
<dc:publisher>U.S. House of Representatives</dc:publisher>
<dc:date>2025-04-01</dc:date>
<dc:format>text/xml</dc:format>
<dc:language>EN</dc:language>
<dc:rights>Pursuant to Title 17 Section 105 of the United States Code, this file is not subject to copyright protection and is in the public domain.</dc:rights>
</dublinCore>
</metadata>
<form>
<distribution-code display="yes">IV</distribution-code><congress display="yes">119th CONGRESS</congress><session display="yes">1st Session</session><legis-num display="yes">H. CON. RES. 25</legis-num><current-chamber>IN THE HOUSE OF REPRESENTATIVES</current-chamber><action display="yes"><action-date date="20250401">April 1, 2025</action-date><action-desc><sponsor name-id="C001059">Mr. Costa</sponsor> (for himself, <cosponsor name-id="S001211">Mr. Stanton</cosponsor>, <cosponsor name-id="K000402">Mr. Kennedy of New York</cosponsor>, <cosponsor name-id="Q000023">Mr. Quigley</cosponsor>, <cosponsor name-id="L000607">Mr. Liccardo</cosponsor>, <cosponsor name-id="C001112">Mr. Carbajal</cosponsor>, <cosponsor name-id="G000581">Mr. Vicente Gonzalez of Texas</cosponsor>, <cosponsor name-id="G000605">Mr. Gray</cosponsor>, <cosponsor name-id="L000397">Ms. Lofgren</cosponsor>, <cosponsor name-id="M000312">Mr. McGovern</cosponsor>, and <cosponsor name-id="M001143">Ms. McCollum</cosponsor>) submitted the following concurrent resolution; which was referred to the <committee-name committee-id="HWM00">Committee on Ways and Means</committee-name></action-desc></action><legis-type>CONCURRENT RESOLUTION</legis-type><official-title display="yes">Expressing the sense of Congress that Trump administration tariffs on Mexico and Canada are in violation of the United States of America-Mexico-Canada Agreement.</official-title></form><preamble><whereas><text>Whereas the United States, Mexico, and Canada entered into the North American Free-Trade Agreement (NAFTA) on January 1, 1994, creating a free trade zone in North America;</text></whereas><whereas><text>Whereas NAFTA established the largest free trade area resulting in economic growth and prosperity in North America;</text></whereas><whereas><text>Whereas the United States of America-Mexico-Canada Agreement (USMCA) was signed into law on January 29, 2020;</text></whereas><whereas><text>Whereas President Donald J. Trump stated on January 29, 2020, that <quote>The USMCA is the largest, most significant, modern, and balanced trade agreement in history. All of our countries will benefit greatly.</quote>;</text></whereas><whereas><text>Whereas USMCA highlights include creating a more level playing field, strengthening food and agriculture trade in North America, supporting a 21st century economy, and protecting and enhancing digital trade;</text></whereas><whereas><text>Whereas trade between the United States and Canada has resulted in an estimated $762,100,000,000;</text></whereas><whereas><text>Whereas trade between the United States and Mexico has resulted in an estimated $839,900,000,000;</text></whereas><whereas><text>Whereas the USMCA supports over 17,000,000 jobs;</text></whereas><whereas><text>Whereas the unclear tariff policies of the Trump administration cause uncertainty and create chaos for consumers and the business community, harming the United States economy; </text></whereas><whereas><text>Whereas President Donald J. Trump announced on February 1, 2025, that 25-percent tariffs will be added on imports from Canada and Mexico which are set for April 2, 2025;</text></whereas><whereas><text>Whereas 25-percent tariffs on Canada and Mexico threaten to undermine the USMCA; and</text></whereas><whereas><text>Whereas 25-percent tariffs on Canada and Mexico undermine free and fair trade and are in violation of the agreement: Now, therefore, be it</text></whereas></preamble><resolution-body style="traditional" id="HDC358B2D5337493E83685C1D77B2FA16"><section display-inline="yes-display-inline" section-type="undesignated-section" id="HB7A445ADF0824E7C8D9A995CD9CC6627"><enum/><text display-inline="yes-display-inline">That—</text><paragraph id="H194AE8E41A014D0E8723E00C37842E04"><enum>(1)</enum><text display-inline="yes-display-inline">it is the sense of Congress that Trump administration tariffs on Mexico and Canada are in violation of the United States of America-Mexico-Canada Agreement (USMCA); and </text></paragraph><paragraph id="H1E229977DE2F40538DBD32EE6F20F393"><enum>(2)</enum><text>Congress recognizes strong support—</text><subparagraph id="HA439265261614C1BAEB10A5E8B6BD61E"><enum>(A)</enum><text display-inline="yes-display-inline">amongst the various sectors who recognize the vital importance of the USMCA;</text></subparagraph><subparagraph id="H8F56DD4EE6DB44DDACD5CB458145516E"><enum>(B)</enum><text>for the elimination of longstanding unwarranted nontariff trade barriers through an effective and efficient dispute settlement process; and</text></subparagraph><subparagraph id="HF4C0436ED9DB4ED4A1FD12B9DA373B4A"><enum>(C)</enum><text>for the 2026 review process to move forward.</text></subparagraph></paragraph></section></resolution-body></resolution> 

