<?xml version="1.0"?>
<?xml-stylesheet type="text/xsl" href="billres.xsl"?>
<!DOCTYPE resolution PUBLIC "-//US Congress//DTDs/res.dtd//EN" "res.dtd">
<resolution resolution-stage="Introduced-in-House" dms-id="HA034B0A934794FE4B9886636E11A2D78" public-private="public" resolution-type="house-concurrent" star-print="no-star-print" key="H"><metadata xmlns:dc="http://purl.org/dc/elements/1.1/">
<dublinCore>
<dc:title>119 HCON 12 IH: Supporting the Local Radio Freedom Act.</dc:title>
<dc:publisher>U.S. House of Representatives</dc:publisher>
<dc:date>2025-02-13</dc:date>
<dc:format>text/xml</dc:format>
<dc:language>EN</dc:language>
<dc:rights>Pursuant to Title 17 Section 105 of the United States Code, this file is not subject to copyright protection and is in the public domain.</dc:rights>
</dublinCore>
</metadata>
<form>
<distribution-code display="yes">IV</distribution-code><congress display="yes">119th CONGRESS</congress><session display="yes">1st Session</session><legis-num display="yes">H. CON. RES. 12</legis-num><current-chamber>IN THE HOUSE OF REPRESENTATIVES</current-chamber><action display="yes"><action-date date="20250213">February 13, 2025</action-date><action-desc><sponsor name-id="W000809">Mr. Womack</sponsor> (for himself, <cosponsor name-id="C001066">Ms. Castor of Florida</cosponsor>, <cosponsor name-id="H001093">Mrs. Houchin</cosponsor>, <cosponsor name-id="B000668">Mr. Bentz</cosponsor>, <cosponsor name-id="F000466">Mr. Fitzpatrick</cosponsor>, <cosponsor name-id="L000603">Mr. Luttrell</cosponsor>, <cosponsor name-id="L000598">Mr. LaLota</cosponsor>, <cosponsor name-id="Z000018">Mr. Zinke</cosponsor>, <cosponsor name-id="B001295">Mr. Bost</cosponsor>, <cosponsor name-id="C001059">Mr. Costa</cosponsor>, <cosponsor name-id="F000475">Mr. Finstad</cosponsor>, <cosponsor name-id="F000450">Ms. Foxx</cosponsor>, <cosponsor name-id="M001219">Mr. Moylan</cosponsor>, <cosponsor name-id="M001143">Ms. McCollum</cosponsor>, <cosponsor name-id="M001214">Mr. Mrvan</cosponsor>, <cosponsor name-id="C001133">Mr. Ciscomani</cosponsor>, <cosponsor name-id="S000250">Mr. Sessions</cosponsor>, <cosponsor name-id="S001185">Ms. Sewell</cosponsor>, <cosponsor name-id="F000474">Mr. Flood</cosponsor>, <cosponsor name-id="M001211">Mrs. Miller of Illinois</cosponsor>, <cosponsor name-id="E000235">Mr. Ezell</cosponsor>, <cosponsor name-id="M001194">Mr. Moolenaar</cosponsor>, <cosponsor name-id="M001196">Mr. Moulton</cosponsor>, <cosponsor name-id="L000491">Mr. Lucas</cosponsor>, <cosponsor name-id="G000597">Mr. Garbarino</cosponsor>, <cosponsor name-id="S001218">Ms. Stansbury</cosponsor>, <cosponsor name-id="L000599">Mr. Lawler</cosponsor>, <cosponsor name-id="M001228">Ms. Maloy</cosponsor>, <cosponsor name-id="K000376">Mr. Kelly of Pennsylvania</cosponsor>, <cosponsor name-id="C001116">Mr. Clyde</cosponsor>, <cosponsor name-id="A000379">Mr. Alford</cosponsor>, <cosponsor name-id="F000472">Mr. Scott Franklin of Florida</cosponsor>, <cosponsor name-id="C001129">Mr. Collins</cosponsor>, <cosponsor name-id="K000402">Mr. Kennedy of New York</cosponsor>, <cosponsor name-id="N000189">Mr. Newhouse</cosponsor>, <cosponsor name-id="F000446">Mr. Feenstra</cosponsor>, <cosponsor name-id="B001257">Mr. Bilirakis</cosponsor>, <cosponsor name-id="B001306">Mr. Balderson</cosponsor>, <cosponsor name-id="K000375">Mr. Keating</cosponsor>, <cosponsor name-id="L000600">Mr. Langworthy</cosponsor>, <cosponsor name-id="D000594">Ms. De La Cruz</cosponsor>, <cosponsor name-id="G000546">Mr. Graves</cosponsor>, <cosponsor name-id="W000804">Mr. Wittman</cosponsor>, <cosponsor name-id="G000592">Mr. Golden of Maine</cosponsor>, <cosponsor name-id="R000603">Mr. Rouzer</cosponsor>, <cosponsor name-id="R000575">Mr. Rogers of Alabama</cosponsor>, <cosponsor name-id="D000626">Mr. Davidson</cosponsor>, <cosponsor name-id="M001204">Mr. Meuser</cosponsor>, <cosponsor name-id="B001281">Mrs. Beatty</cosponsor>, <cosponsor name-id="B001314">Mr. Bean of Florida</cosponsor>, <cosponsor name-id="T000463">Mr. Turner of Ohio</cosponsor>, <cosponsor name-id="R000619">Mr. Rulli</cosponsor>, <cosponsor name-id="C001063">Mr. Cuellar</cosponsor>, <cosponsor name-id="V000136">Mr. Vasquez</cosponsor>, <cosponsor name-id="B000490">Mr. Bishop</cosponsor>, <cosponsor name-id="B001315">Ms. Budzinski</cosponsor>, <cosponsor name-id="S001157">Mr. David Scott of Georgia</cosponsor>, <cosponsor name-id="T000488">Mr. Thanedar</cosponsor>, <cosponsor name-id="A000369">Mr. Amodei of Nevada</cosponsor>, <cosponsor name-id="M001205">Mrs. Miller of West Virginia</cosponsor>, <cosponsor name-id="T000165">Mr. Tiffany</cosponsor>, <cosponsor name-id="D000230">Mr. Davis of North Carolina</cosponsor>, <cosponsor name-id="L000578">Mr. LaMalfa</cosponsor>, <cosponsor name-id="L000585">Mr. LaHood</cosponsor>, <cosponsor name-id="S001148">Mr. Simpson</cosponsor>, <cosponsor name-id="H001058">Mr. Huizenga</cosponsor>, <cosponsor name-id="C001125">Mr. Carter of Louisiana</cosponsor>, <cosponsor name-id="C001053">Mr. Cole</cosponsor>, <cosponsor name-id="D000629">Ms. Davids of Kansas</cosponsor>, <cosponsor name-id="S001172">Mr. Smith of Nebraska</cosponsor>, <cosponsor name-id="S001223">Mrs. Sykes</cosponsor>, <cosponsor name-id="W000821">Mr. Westerman</cosponsor>, <cosponsor name-id="T000480">Mr. Timmons</cosponsor>, <cosponsor name-id="C001108">Mr. Comer</cosponsor>, <cosponsor name-id="K000398">Mr. Kean</cosponsor>, <cosponsor name-id="T000193">Mr. Thompson of Mississippi</cosponsor>, <cosponsor name-id="S001189">Mr. Austin Scott of Georgia</cosponsor>, <cosponsor name-id="M001224">Mr. Moran</cosponsor>, <cosponsor name-id="Y000067">Mr. Yakym</cosponsor>, <cosponsor name-id="V000129">Mr. Valadao</cosponsor>, <cosponsor name-id="G000576">Mr. Grothman</cosponsor>, <cosponsor name-id="N000190">Mr. Norman</cosponsor>, <cosponsor name-id="C001078">Mr. Connolly</cosponsor>, <cosponsor name-id="B001301">Mr. Bergman</cosponsor>, <cosponsor name-id="V000135">Mr. Van Orden</cosponsor>, <cosponsor name-id="M001229">Mrs. McIver</cosponsor>, <cosponsor name-id="P000605">Mr. Perry</cosponsor>, <cosponsor name-id="D000624">Mrs. Dingell</cosponsor>, <cosponsor name-id="C001126">Mr. Carey</cosponsor>, <cosponsor name-id="E000071">Mr. Ellzey</cosponsor>, <cosponsor name-id="S001190">Mr. Schneider</cosponsor>, <cosponsor name-id="S001212">Mr. Stauber</cosponsor>, <cosponsor name-id="H001067">Mr. Hudson</cosponsor>, <cosponsor name-id="L000566">Mr. Latta</cosponsor>, <cosponsor name-id="V000134">Ms. Van Duyne</cosponsor>, <cosponsor name-id="G000591">Mr. Guest</cosponsor>, <cosponsor name-id="F000459">Mr. Fleischmann</cosponsor>, <cosponsor name-id="M000871">Mr. Mann</cosponsor>, <cosponsor name-id="W000814">Mr. Weber of Texas</cosponsor>, <cosponsor name-id="W000806">Mr. Webster of Florida</cosponsor>, <cosponsor name-id="C001069">Mr. Courtney</cosponsor>, <cosponsor name-id="K000392">Mr. Kustoff</cosponsor>, <cosponsor name-id="F000246">Mr. Fallon</cosponsor>, <cosponsor name-id="G000583">Mr. Gottheimer</cosponsor>, <cosponsor name-id="D000530">Mr. Deluzio</cosponsor>, <cosponsor name-id="H001096">Ms. Hageman</cosponsor>, <cosponsor name-id="V000133">Mr. Van Drew</cosponsor>, <cosponsor name-id="S001225">Mr. Sorensen</cosponsor>, <cosponsor name-id="C001120">Mr. Crenshaw</cosponsor>, <cosponsor name-id="D000032">Mr. Donalds</cosponsor>, <cosponsor name-id="B001322">Mr. Baumgartner</cosponsor>, <cosponsor name-id="T000478">Ms. Tenney</cosponsor>, <cosponsor name-id="B001316">Mr. Burlison</cosponsor>, and <cosponsor name-id="P000048">Mr. Pfluger</cosponsor>) submitted the following concurrent resolution; which was referred to the <committee-name committee-id="HJU00">Committee on the Judiciary</committee-name></action-desc></action><legis-type>CONCURRENT RESOLUTION</legis-type><official-title display="yes">Supporting the Local Radio Freedom Act.</official-title></form><preamble><whereas><text>Whereas the United States enjoys broadcasting and sound recording industries that are the envy of the world, due to the symbiotic relationship that has existed among these industries for many decades;</text></whereas><whereas><text>Whereas, for nearly a century, Congress has rejected repeated calls by the recording industry to impose a performance fee on local radio stations for simply playing music on the radio and upsetting the mutually beneficial relationship between local radio and the recording industry;</text></whereas><whereas><text>Whereas local radio stations provide free publicity and promotion to the recording industry and performers of music in the form of radio air play, interviews with performers, introduction of new performers, concert promotions, and publicity that promotes the sale of music, concert tickets, ring tones, music videos and associated merchandise;</text></whereas><whereas><text>Whereas Congress found that <quote>the sale of many sound recordings and the careers of many performers benefited considerably from airplay and other promotional activities provided by both noncommercial and advertiser-supported, free over-the-air broadcasting</quote>;</text></whereas><whereas><text>Whereas local radio broadcasters provide tens of thousands of hours of essential local news and weather information during times of national emergencies and natural disasters, as well as public affairs programming, sports, and hundreds of millions of dollars of time for public service announcements and local fundraising efforts for worthy charitable causes, all of which are jeopardized if local radio stations are forced to divert revenues to pay for a new performance fee;</text></whereas><whereas><text>Whereas there are many thousands of local radio stations that will suffer severe economic hardship if any new performance fee is imposed, as will many other small businesses that play music including bars, restaurants, retail establishments, sports and other entertainment venues, shopping centers and transportation facilities; and</text></whereas><whereas><text>Whereas the hardship that would result from a new performance fee would hurt American businesses, and ultimately the American consumers who rely on local radio for news, weather, and entertainment; and such a performance fee is not justified when the current system has produced the most prolific and innovative broadcasting, music, and sound recording industries in the world: Now, therefore, be it</text></whereas></preamble><resolution-body style="traditional" id="HCBF8395EE547446BA432CE75E1658F82"><section display-inline="yes-display-inline" section-type="undesignated-section" id="H75F5B58E034C415A9E4FC337C3373C2C"><enum/><text>That Congress should not impose any new performance fee, tax, royalty, or other charge relating to the public performance of sound recordings on a local radio station for broadcasting sound recordings over the air, or on any business for such public performance of sound recordings.</text></section></resolution-body></resolution> 

