<?xml version="1.0"?>
<?xml-stylesheet type="text/xsl" href="billres.xsl"?>
<!DOCTYPE resolution PUBLIC "-//US Congress//DTDs/res.dtd//EN" "res.dtd">
<resolution resolution-stage="Introduced-in-House" dms-id="H3A65C18D06B244B3B9D8F091F58B5C3A" public-private="public" resolution-type="house-concurrent" star-print="no-star-print" key="H"><metadata xmlns:dc="http://purl.org/dc/elements/1.1/">
<dublinCore>
<dc:title>119 HCON 23 IH: Supporting the goals and ideals of International Transgender Day of Visibility.</dc:title>
<dc:publisher>U.S. House of Representatives</dc:publisher>
<dc:date>2025-03-31</dc:date>
<dc:format>text/xml</dc:format>
<dc:language>EN</dc:language>
<dc:rights>Pursuant to Title 17 Section 105 of the United States Code, this file is not subject to copyright protection and is in the public domain.</dc:rights>
</dublinCore>
</metadata>
<form>
<distribution-code display="yes">IV</distribution-code><congress display="yes">119th CONGRESS</congress><session display="yes">1st Session</session><legis-num display="yes">H. CON. RES. 23</legis-num><current-chamber>IN THE HOUSE OF REPRESENTATIVES</current-chamber><action display="yes"><action-date date="20250331">March 31, 2025</action-date><action-desc><sponsor name-id="J000305">Ms. Jacobs</sponsor> (for herself, <cosponsor name-id="J000298">Ms. Jayapal</cosponsor>, <cosponsor name-id="T000472">Mr. Takano</cosponsor>, <cosponsor name-id="M001143">Ms. McCollum</cosponsor>, <cosponsor name-id="K000389">Mr. Khanna</cosponsor>, <cosponsor name-id="T000469">Mr. Tonko</cosponsor>, <cosponsor name-id="D000197">Ms. DeGette</cosponsor>, <cosponsor name-id="N000147">Ms. Norton</cosponsor>, <cosponsor name-id="R000617">Mrs. Ramirez</cosponsor>, <cosponsor name-id="S001193">Mr. Swalwell</cosponsor>, <cosponsor name-id="V000081">Ms. Vel&#225;zquez</cosponsor>, <cosponsor name-id="M001225">Mr. Mullin</cosponsor>, <cosponsor name-id="C001067">Ms. Clarke of New York</cosponsor>, <cosponsor name-id="B001318">Ms. Balint</cosponsor>, <cosponsor name-id="G000587">Ms. Garcia of Texas</cosponsor>, <cosponsor name-id="M001137">Mr. Meeks</cosponsor>, <cosponsor name-id="T000481">Ms. Tlaib</cosponsor>, <cosponsor name-id="M001223">Mr. Magaziner</cosponsor>, <cosponsor name-id="W000822">Mrs. Watson Coleman</cosponsor>, <cosponsor name-id="C001125">Mr. Carter of Louisiana</cosponsor>, <cosponsor name-id="M001220">Mr. McGarvey</cosponsor>, <cosponsor name-id="K000391">Mr. Krishnamoorthi</cosponsor>, <cosponsor name-id="S001226">Ms. Salinas</cosponsor>, <cosponsor name-id="L000582">Mr. Lieu</cosponsor>, <cosponsor name-id="S001205">Ms. Scanlon</cosponsor>, <cosponsor name-id="P000607">Mr. Pocan</cosponsor>, <cosponsor name-id="F000468">Mrs. Fletcher</cosponsor>, <cosponsor name-id="S001145">Ms. Schakowsky</cosponsor>, <cosponsor name-id="J000288">Mr. Johnson of Georgia</cosponsor>, <cosponsor name-id="S001200">Mr. Soto</cosponsor>, <cosponsor name-id="C001112">Mr. Carbajal</cosponsor>, <cosponsor name-id="J000310">Ms. Johnson of Texas</cosponsor>, <cosponsor name-id="G000583">Mr. Gottheimer</cosponsor>, <cosponsor name-id="F000476">Mr. Frost</cosponsor>, <cosponsor name-id="C001069">Mr. Courtney</cosponsor>, <cosponsor name-id="R000606">Mr. Raskin</cosponsor>, <cosponsor name-id="D000629">Ms. Davids of Kansas</cosponsor>, <cosponsor name-id="M000312">Mr. McGovern</cosponsor>, <cosponsor name-id="L000562">Mr. Lynch</cosponsor>, <cosponsor name-id="T000487">Ms. Tokuda</cosponsor>, <cosponsor name-id="E000296">Mr. Evans of Pennsylvania</cosponsor>, <cosponsor name-id="D000096">Mr. Davis of Illinois</cosponsor>, <cosponsor name-id="W000808">Ms. Wilson of Florida</cosponsor>, <cosponsor name-id="Q000023">Mr. Quigley</cosponsor>, <cosponsor name-id="S001218">Ms. Stansbury</cosponsor>, <cosponsor name-id="M001238">Ms. McBride</cosponsor>, <cosponsor name-id="M001229">Mrs. McIver</cosponsor>, <cosponsor name-id="N000002">Mr. Nadler</cosponsor>, <cosponsor name-id="S001156">Ms. S&#225;nchez</cosponsor>, <cosponsor name-id="C001061">Mr. Cleaver</cosponsor>, <cosponsor name-id="B001278">Ms. Bonamici</cosponsor>, <cosponsor name-id="C001078">Mr. Connolly</cosponsor>, <cosponsor name-id="R000621">Ms. Randall</cosponsor>, <cosponsor name-id="P000614">Mr. Pappas</cosponsor>, <cosponsor name-id="M001160">Ms. Moore of Wisconsin</cosponsor>, <cosponsor name-id="L000602">Ms. Lee of Pennsylvania</cosponsor>, <cosponsor name-id="I000058">Mr. Ivey</cosponsor>, <cosponsor name-id="M001227">Ms. McClellan</cosponsor>, <cosponsor name-id="S001225">Mr. Sorensen</cosponsor>, <cosponsor name-id="L000601">Mr. Landsman</cosponsor>, <cosponsor name-id="C001055">Mr. Case</cosponsor>, <cosponsor name-id="C001080">Ms. Chu</cosponsor>, <cosponsor name-id="D000631">Ms. Dean of Pennsylvania</cosponsor>, <cosponsor name-id="G000598">Mr. Garcia of California</cosponsor>, <cosponsor name-id="C001123">Mr. Cisneros</cosponsor>, <cosponsor name-id="D000635">Ms. Dexter</cosponsor>, <cosponsor name-id="C001119">Ms. Craig</cosponsor>, <cosponsor name-id="S000510">Mr. Smith of Washington</cosponsor>, <cosponsor name-id="E000299">Ms. Escobar</cosponsor>, <cosponsor name-id="P000608">Mr. Peters</cosponsor>, and <cosponsor name-id="T000486">Mr. Torres of New York</cosponsor>) submitted the following concurrent resolution; which was referred to the <committee-name committee-id="HJU00">Committee on the Judiciary</committee-name></action-desc></action><legis-type>CONCURRENT RESOLUTION</legis-type><official-title display="yes">Supporting the goals and ideals of International Transgender Day of Visibility.</official-title></form><preamble> 
<whereas><text>Whereas International Transgender Day of Visibility was founded in 2009 to honor the achievements and contributions of the transgender community;</text></whereas> <whereas><text>Whereas International Transgender Day of Visibility is designed to be encompassing of a large community of diverse individuals;</text></whereas> 
<whereas><text>Whereas International Transgender Day of Visibility is a time to celebrate the lives and achievements of transgender individuals around the world, and to recognize the bravery it takes to live openly and authentically;</text></whereas> <whereas><text>Whereas International Transgender Day of Visibility is also a time to raise awareness of the discrimination and violence that the transgender community still faces, which make it difficult and even unsafe or fatal for many transgender individuals to be visible;</text></whereas> 
<whereas><text>Whereas the transgender community has suffered oppression disproportionately in many ways, including—</text> <paragraph id="HE5B4952FA7504F949C379320DFF584DC"><enum>(1)</enum><text>discrimination in employment and in the workplace;</text></paragraph> 
<paragraph id="H24C785605C544F2687553C6E7FAA6BFA"><enum>(2)</enum><text display-inline="yes-display-inline">discrimination in health care and housing;</text></paragraph> <paragraph id="HC1940EEA090043899E0E4E4A551205C9"><enum>(3)</enum><text display-inline="yes-display-inline">discrimination in access to public services;</text></paragraph> 
<paragraph id="HC992E0D4A7D44038B4BFEA12800FB30F"><enum>(4)</enum><text>discrimination in educational institutions; and</text></paragraph> <paragraph id="H1BD8A2EC9BED4C44AFBCE1E9A399E86D"><enum>(5)</enum><text display-inline="yes-display-inline">disproportionate exposure to victimization and violence;</text></paragraph></whereas> 
<whereas><text>Whereas forms of antitransgender oppression are exacerbated for transgender individuals of color, individuals with limited resources, immigrants, individuals living with disabilities, justice-involved individuals, and transgender youth;</text></whereas> <whereas><text>Whereas a record number of antitransgender bills have been introduced in recent years at all levels of government, targeting areas such as—</text> 
<paragraph id="HE80818F0660F4561B7FF5F3E3F5FB1F7"><enum>(1)</enum><text display-inline="yes-display-inline">education, including by prohibiting school staff from acknowledging or respecting transgender pupils, colleagues, and family members, barring transgender students from accessing gender-appropriate programs and facilities, and censoring curriculum that allows readers to explore and engage with differing perspectives;</text></paragraph> <paragraph id="H02CBE7A1D83945C0BCC57F21C7031A0E"><enum>(2)</enum><text display-inline="yes-display-inline">healthcare, including restrictions on both medically necessary transition-related medical care and routine health care services;</text></paragraph> 
<paragraph id="HD05C71FC750A4FC7821898C3693F55DA"><enum>(3)</enum><text display-inline="yes-display-inline">public accommodations, such as safe access to public restrooms; and</text></paragraph> <paragraph id="H48968A6E23E44D17988AF630466BDCAA"><enum>(4)</enum><text>identification documents, including by restricting the ability to realign or correct birth certificates and other forms of identification;</text></paragraph></whereas> 
<whereas><text>Whereas President Trump has issued multiple Executive orders, including Executive Orders 14168, 14183, 14187, 14190 and 14201, that attempt to erase transgender people;</text></whereas> <whereas><text>Whereas the transgender community and their allies have made it clear that transgender individuals will not be erased and deserve to be accorded all of the rights and opportunities made available to all;</text></whereas> 
<whereas><text>Whereas, before the creation of the United States, Indigenous two-spirit, transgender individuals existed across North America in many Native American communities, with specific terms in their own languages for these members of their communities and the social and spiritual roles they fulfilled, and while many were lost or actively suppressed by the efforts of missionaries, government agents, boarding schools, and settlers, two-spirit individuals have promoted increase public awareness in recent decades;</text></whereas> <whereas><text>Whereas transgender individuals continue to tell their stories and push for full equity under the law;</text></whereas> 
<whereas><text>Whereas the civil-rights struggle has been strengthened and inspired by the leadership of the transgender community;</text></whereas> <whereas><text>Whereas transgender individuals in the United States have made significant strides in elected office and political representation;</text></whereas> 
<whereas><text>Whereas at least 36 States and the District of Columbia have at least 1 transgender elected official at the State or municipal level;</text></whereas> <whereas><text>Whereas there are at least 23 openly transgender, gender-nonconforming, or nonbinary elected officials in State legislatures;</text></whereas> 
<whereas><text>Whereas voters in the State of Delaware elected Sarah McBride as the first openly transgender Member of the United States Congress;</text></whereas> <whereas><text>Whereas voters in the State of Virginia elected Danica Roem to be the first openly transgender State legislator in the United States;</text></whereas> 
<whereas><text>Whereas voters in the State of Oklahoma elected Mauree Turner as the first openly nonbinary State legislator in the United States;</text></whereas> <whereas><text>Whereas voters in the State of New Hampshire elected James Roesener as the first openly transgender man State legislator in the United States;</text></whereas> 
<whereas><text>Whereas 6 States have at least 1 transgender or gender-nonconforming jurist on the bench;</text> </whereas> <whereas><text>Whereas more transgender individuals are appearing in movies, on television, and in all forms of media, raising awareness of their experiences and the importance of living authentically;</text></whereas> 
<whereas><text>Whereas transgender individuals have created culture and history as artists, musicians, organizers, and leaders; and</text></whereas> <whereas><text>Whereas International Transgender Day of Visibility is a time to celebrate the transgender community around the world: Now, therefore, be it</text></whereas></preamble><resolution-body style="traditional" id="H66CDF1052E0D4FE3B702B78807D0E776"> 
<section display-inline="yes-display-inline" section-type="undesignated-section" id="HD7DFF3F21C104BCA9A68D047E21E4601"><text>That Congress—</text> <paragraph id="H9561C03A6EC84740B71C1FBBCDB2325F"><enum>(1)</enum><text>supports the goals and ideals of International Transgender Day of Visibility;</text></paragraph> 
<paragraph id="H8E9DACD7E5F144DBAB0AC9B696FAE456"><enum>(2)</enum><text>encourages the people of the United States to observe International Transgender Day of Visibility with appropriate ceremonies, programs, and activities;</text></paragraph> <paragraph id="H277BCC105AD14264807B14D81170C832"><enum>(3)</enum><text>celebrates the accomplishments and leadership of transgender individuals; and</text></paragraph> 
<paragraph id="H9033D43E87E1403B8A1C76EAC1A8B92C"><enum>(4)</enum><text>recognizes the bravery of the transgender community as it fights for equal dignity and respect.</text></paragraph></section> </resolution-body></resolution>

