<?xml version="1.0"?>
<?xml-stylesheet type="text/xsl" href="billres.xsl"?>
<!DOCTYPE resolution PUBLIC "-//US Congress//DTDs/res.dtd//EN" "res.dtd">
<resolution resolution-stage="Introduced-in-House" dms-id="HFFA87B122E8D4E8BB36AF523659826F0" public-private="public" resolution-type="house-concurrent" star-print="no-star-print" key="H"><metadata xmlns:dc="http://purl.org/dc/elements/1.1/">
<dublinCore>
<dc:title>119 HCON 61 IH: Directing the President, pursuant to section 5(c) of the War Powers Resolution, to remove United States Armed Forces from hostilities with presidentially designated terrorist organizations in the Western Hemisphere.</dc:title>
<dc:publisher>U.S. House of Representatives</dc:publisher>
<dc:date>2025-11-17</dc:date>
<dc:format>text/xml</dc:format>
<dc:language>EN</dc:language>
<dc:rights>Pursuant to Title 17 Section 105 of the United States Code, this file is not subject to copyright protection and is in the public domain.</dc:rights>
</dublinCore>
</metadata>
<form>
<distribution-code display="yes">IV</distribution-code><congress display="yes">119th CONGRESS</congress><session display="yes">1st Session</session><legis-num display="yes">H. CON. RES. 61</legis-num><current-chamber>IN THE HOUSE OF REPRESENTATIVES</current-chamber><action display="yes"><action-date date="20251117">November 17, 2025</action-date><action-desc><sponsor name-id="M001137">Mr. Meeks</sponsor> (for himself, <cosponsor name-id="S000510">Mr. Smith of Washington</cosponsor>, <cosponsor name-id="H001047">Mr. Himes</cosponsor>, <cosponsor name-id="T000193">Mr. Thompson of Mississippi</cosponsor>, <cosponsor name-id="C001121">Mr. Crow</cosponsor>, and <cosponsor name-id="O000173">Ms. Omar</cosponsor>) submitted the following concurrent resolution; which was referred to the <committee-name committee-id="HFA00">Committee on Foreign Affairs</committee-name></action-desc></action><legis-type>CONCURRENT RESOLUTION</legis-type><official-title display="yes">Directing the President, pursuant to section 5(c) of the War Powers Resolution, to remove United States Armed Forces from hostilities with presidentially designated terrorist organizations in the Western Hemisphere.</official-title></form><resolution-body style="traditional" id="H6CDC882C4849445896F2D404AE6E2C7C"> 
<section display-inline="yes-display-inline" section-type="undesignated-section" id="H7DB566F77AEA4FE8872EEB3D76551874"><text display-inline="yes-display-inline">That, pursuant to section 5(c) of the War Powers Resolution (<external-xref legal-doc="usc" parsable-cite="usc/50/1544">50 U.S.C. 1544(c)</external-xref>), Congress directs the President to remove United States Armed Forces from hostilities with any presidentially designated terrorist organization in the Western Hemisphere, unless authorized by a declaration of war or a specific congressional authorization for use of military force against such presidentially designated terrorist organization.</text></section> </resolution-body></resolution>

