<?xml version="1.0"?>
<?xml-stylesheet type="text/xsl" href="billres.xsl"?>
<!DOCTYPE resolution PUBLIC "-//US Congress//DTDs/res.dtd//EN" "res.dtd">
<resolution resolution-stage="Enrolled-Bill" dms-id="H503C79996C5F470195CBDF0B0309C3DA" public-private="public" resolution-type="house-concurrent" star-print="no-star-print" key="H" stage-count="1"> 
<metadata xmlns:dc="http://purl.org/dc/elements/1.1/">
<dublinCore>
<dc:title> HCON 62 ENR: Authorizing the use of Emancipation Hall in the Capitol Visitor Center for an event to unveil the statue of Barbara Rose Johns.</dc:title>
<dc:publisher>U.S. House of Representatives</dc:publisher>
<dc:date>2025-12-04</dc:date>
<dc:format>text/xml</dc:format>
<dc:language>EN</dc:language>
<dc:rights>Pursuant to Title 17 Section 105 of the United States Code, this file is not subject to copyright protection and is in the public domain.</dc:rights>
</dublinCore>
</metadata>
<form>
<distribution-code display="no">IV</distribution-code> 
<congress display="yes">One Hundred Nineteenth Congress of the United States of America</congress> 
<session display="yes">At the First Session</session><enrolled-dateline>Begun and held at the City of Washington on Friday, the third day of January, two thousand and twenty-five</enrolled-dateline> 
<legis-num display="yes">H. CON. RES. 62</legis-num> 
<current-chamber display="no"></current-chamber>
<action>
<action-date date="20251204">December 4, 2025</action-date>
<action-desc>Agreed to</action-desc>
</action> 
<legis-type>CONCURRENT RESOLUTION</legis-type> 
<official-title display="no">Authorizing the use of Emancipation Hall in the Capitol Visitor Center for an event to unveil the statue of Barbara Rose Johns.</official-title> 
</form> 
<resolution-body style="OLC" id="H96D5151C1DCE4F6EACCC262457FD5272"> 
<section commented="no" display-inline="no-display-inline" section-type="section-one" id="HA6E9C52B68D74342B9BAB9427B8F434A"><enum>1.</enum><header display-inline="yes-display-inline">Use of Emancipation Hall for unveiling of Barbara Rose Johns statue</header> 
<subsection commented="no" display-inline="no-display-inline" id="H5B2860B3FB6D4982A0A3A1C30F14323E"><enum>(a)</enum><header display-inline="yes-display-inline">Authorization</header><text display-inline="yes-display-inline">Emancipation Hall in the Capitol Visitor Center is authorized to be used for an event on December 16, 2025, for an event to unveil the statue of Barbara Rose Johns.</text></subsection> <subsection commented="no" display-inline="no-display-inline" id="HD9390DDF1E6D4EEE82E5849349E98319"><enum>(b)</enum><header display-inline="yes-display-inline">Preparations</header><text display-inline="yes-display-inline">Physical preparations for the conduct of the event described in subsection (a) shall be carried out in accordance with such conditions as may be prescribed by the Architect of the Capitol.</text></subsection></section> 
</resolution-body> 
<attestation><attestation-group><role>Clerk of the House of Representatives.</role></attestation-group><attestation-group><role>Secretary of the Senate.</role></attestation-group></attestation>
</resolution> 


