<?xml version="1.0"?>
<?xml-stylesheet type="text/xsl" href="billres.xsl"?>
<!DOCTYPE resolution PUBLIC "-//US Congress//DTDs/res.dtd//EN" "res.dtd">
<resolution resolution-stage="Engrossed-in-House" dms-id="H6C3418EEC62E424790D00FDB484CB3CA" public-private="public" resolution-type="house-concurrent" star-print="no-star-print" key="H" stage-count="1"> 
<metadata xmlns:dc="http://purl.org/dc/elements/1.1/">
<dublinCore>
<dc:title>119 HCON 17 EH: Authorizing the use of Emancipation Hall in the Capitol Visitor Center for a ceremony as part of the commemoration of the days of remembrance of victims of the Holocaust.</dc:title>
<dc:publisher>U.S. House of Representatives</dc:publisher>
<dc:date></dc:date>
<dc:format>text/xml</dc:format>
<dc:language>EN</dc:language>
<dc:rights>Pursuant to Title 17 Section 105 of the United States Code, this file is not subject to copyright protection and is in the public domain.</dc:rights>
</dublinCore>
</metadata>
<form>
<distribution-code display="no">IV</distribution-code> 
<congress display="yes">119th CONGRESS</congress> 
<session display="yes">1st Session</session> 
<legis-num display="yes">H. CON. RES. 17</legis-num> 
<current-chamber display="no">IN THE HOUSE OF REPRESENTATIVES</current-chamber> 
<legis-type>CONCURRENT RESOLUTION</legis-type> 
<official-title display="no">Authorizing the use of Emancipation Hall in the Capitol Visitor Center for a ceremony as part of the commemoration of the days of remembrance of victims of the Holocaust.</official-title> 
</form> 
<resolution-body style="OLC" id="H461BA59394494CBC95D2F62BBA12712F"> 
<section display-inline="no-display-inline" section-type="section-one" id="H2186366C931240F1A9DF63AAA1D92467"><enum>1.</enum><header>Use of Emancipation Hall for a ceremony as part of the commemoration of the days of remembrance of victims of the Holocaust.<pagebreak/></header> 
<subsection id="HC8FC49E399324F2E81A14C45897E5EB2"><enum>(a)</enum><header>Authorization</header><text display-inline="yes-display-inline">Emancipation Hall in the Capitol Visitor Center is authorized to be used on April 23, 2025, for a ceremony as part of the commemoration of the days of remembrance of victims of the Holocaust.</text></subsection> <subsection id="H8B1776C83CAA49E3A94CD0601DC41C1E"><enum>(b)</enum><header>Preparations</header><text>Physical preparations for the ceremony described in subsection (a) shall be carried out in accordance with such conditions as the Architect of the Capitol may prescribe.</text></subsection></section> 
</resolution-body> 
<attestation><attestation-group><attestation-date date="20250310" chamber="House">Passed the House of Representatives March 10, 2025.</attestation-date><attestor display="no">Kevin F. McCumber,</attestor><role>Clerk.</role></attestation-group></attestation> 
<endorsement display="yes"></endorsement> 
</resolution> 


