<?xml version="1.0"?>
<?xml-stylesheet type="text/xsl" href="billres.xsl"?>
<!DOCTYPE resolution PUBLIC "-//US Congress//DTDs/res.dtd//EN" "res.dtd">
<resolution resolution-stage="Introduced-in-House" dms-id="H83587E650B6842AA9D60C9D784F1F337" public-private="public" resolution-type="house-concurrent" star-print="no-star-print" key="H"><metadata xmlns:dc="http://purl.org/dc/elements/1.1/">
<dublinCore>
<dc:title>119 HCON 31 IH: Expressing support for America’s law enforcement professionals.</dc:title>
<dc:publisher>U.S. House of Representatives</dc:publisher>
<dc:date>2025-05-13</dc:date>
<dc:format>text/xml</dc:format>
<dc:language>EN</dc:language>
<dc:rights>Pursuant to Title 17 Section 105 of the United States Code, this file is not subject to copyright protection and is in the public domain.</dc:rights>
</dublinCore>
</metadata>
<form>
<distribution-code display="yes">IV</distribution-code><congress display="yes">119th CONGRESS</congress><session display="yes">1st Session</session><legis-num display="yes">H. CON. RES. 31</legis-num><current-chamber>IN THE HOUSE OF REPRESENTATIVES</current-chamber><action display="yes"><action-date date="20250513">May 13, 2025</action-date><action-desc><sponsor name-id="E000235">Mr. Ezell</sponsor> (for himself, <cosponsor name-id="R000609">Mr. Rutherford</cosponsor>, <cosponsor name-id="N000026">Mr. Nehls</cosponsor>, <cosponsor name-id="C000059">Mr. Calvert</cosponsor>, <cosponsor name-id="M001212">Mr. Moore of Alabama</cosponsor>, <cosponsor name-id="M000317">Ms. Malliotakis</cosponsor>, <cosponsor name-id="H001058">Mr. Huizenga</cosponsor>, <cosponsor name-id="R000575">Mr. Rogers of Alabama</cosponsor>, <cosponsor name-id="J000301">Mr. Johnson of South Dakota</cosponsor>, <cosponsor name-id="R000600">Mrs. Radewagen</cosponsor>, <cosponsor name-id="C001129">Mr. Collins</cosponsor>, and <cosponsor name-id="R000622">Mr. Riley of New York</cosponsor>) submitted the following concurrent resolution; which was referred to the <committee-name committee-id="HJU00">Committee on the Judiciary</committee-name></action-desc></action><legis-type>CONCURRENT RESOLUTION</legis-type><official-title display="yes">Expressing support for America’s law enforcement professionals.</official-title></form><preamble><whereas><text>Whereas more than 800,000 law enforcement officers in the United States risk their lives daily to serve and protect their communities;</text></whereas><whereas><text>Whereas the law enforcement officers of the United States perform their difficult and dangerous job honorably and professionally, with the overwhelming majority of Americans having a positive opinion of their interactions with police;</text></whereas><whereas><text>Whereas innovative and dedicated efforts by law enforcement officers successfully brought down crime rates over the past three decades from the historic highs experienced in the 1990s;</text></whereas><whereas><text>Whereas there are now over 24,000 names of America’s fallen law enforcement heroes listed on the walls of the National Law Enforcement Officers Memorial dating back to the first death in the line of duty in 1786;</text></whereas><whereas><text>Whereas the environment for officers has become increasingly more hostile and their safety having become more precarious, with over 79,000 law enforcement officers having been assaulted by criminals in 2023, the highest officer assault rate in the past 10 years, and 1,055 officers having been shot during the past three years, 172 killed in the line of duty;</text></whereas><whereas><text>Whereas more than 2,500 law enforcement officers in the United States have died in the line of duty during the past decade;</text></whereas><whereas><text>Whereas law enforcement officers typically encounter between 400 and 600 traumatic events during their careers, compared with three or four for the average citizen;</text></whereas><whereas><text>Whereas the unusually high number of traumatic events experienced by law enforcement officers has contributed to a 54-percent higher suicide rate among officers than among other American workers;</text></whereas><whereas><text>Whereas the number of full-time State and local officers dropped by 5.3 percent between 2019 and 2021, the equivalent of nearly 37,000 fewer officers, leaving behind a dangerously low level of sworn officers to serve and protect our communities; and</text></whereas><whereas><text>Whereas supporting law enforcement officers with the equipment, training, and funding needed to protect American communities from criminal violence has long received overwhelming public support from across the political spectrum: Now, therefore, be it</text></whereas></preamble><resolution-body style="traditional" id="H81DC8576E80E46078CFF12CDA8C5D42D"><section display-inline="yes-display-inline" section-type="undesignated-section" id="HBEDB3F93CD654479B816FF9CE70C7FAC"><enum/><text>That Congress—</text><paragraph id="HA87031B95B91465BB2A24867A57EF299"><enum>(1)</enum><text>highly respects and values our Nation’s law enforcement professionals;</text></paragraph><paragraph id="H16F5F24642B74C60B904A4F70A9B32A7"><enum>(2)</enum><text>greatly appreciates all that they do to protect and serve our communities;</text></paragraph><paragraph id="H739A188968F74556A3A76A459D826ED7"><enum>(3)</enum><text>remembers and honors those officers and families who have experienced a death or injury in the line of duty;</text></paragraph><paragraph id="HFC65E8D3C698433598E5E0869D665B67"><enum>(4)</enum><text>calls for increased measures to be taken to maximize the safety and well-being of our officers, including more policing personnel, improved training and equipment, tough penalties for assaulting or killing a law enforcement professional, and increased mental health resources for officers; and</text></paragraph><paragraph id="HD5E8C2D05A804C0CBCB16C490F9E391D"><enum>(5)</enum><text>calls on all levels of government to ensure that our law enforcement professionals receive the support and resources needed to keep America safe.</text></paragraph></section></resolution-body></resolution> 

