<?xml version="1.0"?>
<?xml-stylesheet type="text/xsl" href="billres.xsl"?>
<!DOCTYPE resolution PUBLIC "-//US Congress//DTDs/res.dtd//EN" "res.dtd">
<resolution resolution-stage="Introduced-in-House" dms-id="H950C49C4526542109A6A6E14EBB3C6B6" public-private="public" resolution-type="house-concurrent" star-print="no-star-print" key="H"><metadata xmlns:dc="http://purl.org/dc/elements/1.1/">
<dublinCore>
<dc:title>119 HCON 40 IH: Directing the President, pursuant to section 5(c) of the War Powers Resolution, to remove United States Armed Forces from hostilities with Iran.</dc:title>
<dc:publisher>U.S. House of Representatives</dc:publisher>
<dc:date>2025-06-23</dc:date>
<dc:format>text/xml</dc:format>
<dc:language>EN</dc:language>
<dc:rights>Pursuant to Title 17 Section 105 of the United States Code, this file is not subject to copyright protection and is in the public domain.</dc:rights>
</dublinCore>
</metadata>
<form>
<distribution-code display="yes">IV</distribution-code><congress display="yes">119th CONGRESS</congress><session display="yes">1st Session</session><legis-num display="yes">H. CON. RES. 40</legis-num><current-chamber>IN THE HOUSE OF REPRESENTATIVES</current-chamber><action display="yes"><action-date date="20250623">June 23, 2025</action-date><action-desc><sponsor name-id="M001137">Mr. Meeks</sponsor> (for himself, <cosponsor name-id="S000510">Mr. Smith of Washington</cosponsor>, and <cosponsor name-id="H001047">Mr. Himes</cosponsor>) submitted the following concurrent resolution; which was referred to the <committee-name committee-id="HFA00">Committee on Foreign Affairs</committee-name></action-desc></action><legis-type>CONCURRENT RESOLUTION</legis-type><official-title display="yes">Directing the President, pursuant to section 5(c) of the War Powers Resolution, to remove United States Armed Forces from hostilities with Iran.</official-title></form><resolution-body style="traditional" id="HC04FDE67CE7942F1B55CFEDA6A4500E6"><section display-inline="yes-display-inline" section-type="undesignated-section" id="H32B2D4689A3447E1935AC60781C60234"><enum/><text display-inline="yes-display-inline">That, pursuant to section 5(c) of the War Powers Resolution (<external-xref legal-doc="usc" parsable-cite="usc/50/1544">50 U.S.C. 1544(c)</external-xref>), Congress directs the President to remove United States Armed Forces from hostilities against the Islamic Republic of Iran, other than those elements of the Armed Forces that may be necessary to defend the United States or an ally or partner of the United States from imminent attack provided that the President complies fully with the requirements of section 5(b) the War Powers Resolution (<external-xref legal-doc="usc" parsable-cite="usc/50/1544">50 U.S.C. 1544(b)</external-xref>) with respect to any such use of the Armed Forces, unless explicitly authorized by a declaration of war or a specific congressional authorization for use of military force against Iran.</text></section></resolution-body></resolution> 

