<?xml version="1.0"?>
<?xml-stylesheet type="text/xsl" href="billres.xsl"?>
<!DOCTYPE resolution PUBLIC "-//US Congress//DTDs/res.dtd//EN" "res.dtd">
<resolution resolution-stage="Introduced-in-House" dms-id="HE05DFC9EF0A2486AA3CF70A594CB0E89" public-private="public" resolution-type="house-concurrent" star-print="no-star-print" key="H"><metadata xmlns:dc="http://purl.org/dc/elements/1.1/">
<dublinCore>
<dc:title>119 HCON 36 IH: Recognizing the life, achievements, and public service of former First Lady Barbara Pierce Bush on the occasion of her 100th birthday.</dc:title>
<dc:publisher>U.S. House of Representatives</dc:publisher>
<dc:date>2025-06-06</dc:date>
<dc:format>text/xml</dc:format>
<dc:language>EN</dc:language>
<dc:rights>Pursuant to Title 17 Section 105 of the United States Code, this file is not subject to copyright protection and is in the public domain.</dc:rights>
</dublinCore>
</metadata>
<form>
<distribution-code display="yes">IV</distribution-code><congress display="yes">119th CONGRESS</congress><session display="yes">1st Session</session><legis-num display="yes">H. CON. RES. 36</legis-num><current-chamber>IN THE HOUSE OF REPRESENTATIVES</current-chamber><action display="yes"><action-date date="20250606">June 6, 2025</action-date><action-desc><sponsor name-id="P000048">Mr. Pfluger</sponsor> (for himself, <cosponsor name-id="A000375">Mr. Arrington</cosponsor>, <cosponsor name-id="E000071">Mr. Ellzey</cosponsor>, <cosponsor name-id="G000589">Mr. Gooden</cosponsor>, <cosponsor name-id="B001291">Mr. Babin</cosponsor>, <cosponsor name-id="W000816">Mr. Williams of Texas</cosponsor>, <cosponsor name-id="G000601">Mr. Goldman of Texas</cosponsor>, <cosponsor name-id="W000814">Mr. Weber of Texas</cosponsor>, <cosponsor name-id="J000304">Mr. Jackson of Texas</cosponsor>, and <cosponsor name-id="B001298">Mr. Bacon</cosponsor>) submitted the following concurrent resolution; which was referred to the <committee-name committee-id="HGO00">Committee on Oversight and Government Reform</committee-name></action-desc></action><legis-type>CONCURRENT RESOLUTION</legis-type><official-title display="yes">Recognizing the life, achievements, and public service of former First Lady Barbara Pierce Bush on the occasion of her 100th birthday.</official-title></form><preamble>
<whereas><text>Whereas, on June 8, 1925, Barbara Pierce Bush (referred to in this preamble as <quote>Barbara Bush</quote>) was born in New York City, New York;</text></whereas> <whereas><text>Whereas Barbara Bush attended Ashley Hall and Smith College;</text></whereas>
<whereas><text>Whereas Barbara Bush worked a factory job to support the United States war effort during World War II in 1943;</text></whereas> <whereas><text>Whereas, on January 6, 1945, Barbara Bush married George Herbert Walker Bush after he returned from serving in World War II;</text></whereas>
<whereas><text>Whereas, in 1948, Barbara Bush and George Herbert Walker Bush moved to Odessa, Texas, and had 6 children, George W., Robin, Jeb, Neil, Marvin, and Dorothy;</text></whereas> <whereas><text>Whereas Barbara Bush supported the early business ventures of her husband in oil, which would later evolve into the Pennzoil Corporation;</text></whereas>
<whereas><text>Whereas Barbara Bush supported the first forays of her husband in politics during his 1963 Harris County Republican Party chairmanship and 1966 election to the House of Representatives in the 7th Congressional District of Texas;</text></whereas> <whereas><text>Whereas Barbara Bush kept the constituents in Houston informed of happenings in Washington, DC, by writing frequent newspaper columns during the time George Herbert Walker Bush served in the House of Representatives;</text></whereas>
<whereas><text>Whereas, during the career of George Herbert Walker Bush before becoming President of the United States, Barbara Bush orchestrated cross-country moves for her family 29 times in 44 years;</text></whereas> <whereas><text>Whereas Barbara Bush supported the political ascension of George Herbert Walker Bush during his appointments as the United States Ambassador to the United Nations in 1970, the Chair of the Republican National Committee in 1972, and the Director of Central Intelligence in 1976;</text></whereas>
<whereas><text>Whereas Barbara Bush became Second Lady of the United States when George Herbert Walker Bush was sworn in as the 43rd Vice President of the United States in 1981, and again in 1985 after the 1984 re-election of the Reagan-Bush Administration;</text></whereas> <whereas><text>Whereas, as Second Lady of the United States, Barbara Bush revitalized the vice presidential residence at 1 Observatory Circle with extensive renovations and the hosting of more than 1,000 social events;</text></whereas>
<whereas><text>Whereas, as Second Lady of the United States, Barbara Bush used her platform in the Reagan-Bush administration to champion public literacy to combat the cycle of poverty in the United States;</text></whereas> <whereas commented="no"><text display-inline="yes-display-inline">Whereas, as Second Lady of the United States, Barbara Bush played a significant role in the successful presidential campaign of George Herbert Walker Bush, which saw him win the 1988 Presidential election with 426 electoral votes, a feat which has not been matched since;</text></whereas>
<whereas><text>Whereas, as First Lady of the United States, Barbara Bush continued to champion public literacy by establishing the Barbara Bush Foundation for Family Literacy in 1989, and played a significant role in the passage of the National Literacy Act of 1991 (<external-xref legal-doc="public-law" parsable-cite="pl/102/73">Public Law 102–73</external-xref>; 105 Stat. 333);</text></whereas> <whereas><text>Whereas, as First Lady of the United States, Barbara Bush showed immense compassion to AIDS patients at a time when public opinion was still hostile towards their plight;</text></whereas>
<whereas><text>Whereas, after leaving the White House, Barbara Bush published her bestselling book, <quote>Barbara Bush: A Memoir</quote>;</text></whereas> <whereas><text>Whereas, after the victory of her son George W. Bush in the 2000 Presidential election, Barbara Bush became the second woman in the history of the United States to have been both married to a President of the United States and the mother of a President of the United States;</text></whereas>
<whereas><text>Whereas Barbara Bush showed unwavering support for the presidential campaigns of her sons, George W. Bush in 2000 and 2004, and Jeb Bush in 2016; and</text></whereas> <whereas><text>Whereas, on her passing at her Houston home on April 17, 2018, Barbara Bush was survived by her husband of 73 years, George Herbert Walker Bush, 5 children and their spouses, 17 grandchildren, and 8 great-grandchildren: Now, therefore, be it</text></whereas></preamble><resolution-body style="traditional" id="H8FCCE85FDB8444E0B4FA4B0102CD684C"> 
<section display-inline="yes-display-inline" section-type="undesignated-section" id="HB3BE543B0A844B9F94355AFC95E0B8E1"><text>That Congress—</text> <paragraph id="H35D9EA8009C44F729263910B4A1E89A5"><enum>(1)</enum><text>honors the life, achievements, and distinguished public service of Barbara Pierce Bush (referred to in this resolution as <quote>Barbara Bush</quote>);</text></paragraph>
<paragraph id="H8D8DD8B79A5E40598E34581786FA127F"><enum>(2)</enum><text>recognizes Barbara Bush on the occasion of her 100th birthday and expresses thanks and commendations to her and her family;</text></paragraph> <paragraph id="H23EDA53BEF0744CC896539DA651600FD"><enum>(3)</enum><text>acknowledges the positive impact that Barbara Bush contributed to the United States through her tireless dedication to promoting literacy and uplifting her fellow citizens; and</text></paragraph>
<paragraph id="H020053202F9640BABC2C76D4E80CC015"><enum>(4)</enum><text>celebrates the legacy of Barbara Bush as a model citizen and public servant of the United States.</text></paragraph> </section> </resolution-body></resolution>

