<?xml version="1.0"?>
<?xml-stylesheet type="text/xsl" href="billres.xsl"?>
<!DOCTYPE resolution PUBLIC "-//US Congress//DTDs/res.dtd//EN" "res.dtd">
<resolution resolution-stage="Introduced-in-House" dms-id="HD7D76F605C2C482AAD0EA85C07DF2441" public-private="public" resolution-type="house-concurrent" star-print="no-star-print" key="H"><metadata xmlns:dc="http://purl.org/dc/elements/1.1/">
<dublinCore>
<dc:title>119 HCON 55 IH: Designating September 2025 as “Gynecologic Cancers Awareness Month”.</dc:title>
<dc:publisher>U.S. House of Representatives</dc:publisher>
<dc:date>2025-10-06</dc:date>
<dc:format>text/xml</dc:format>
<dc:language>EN</dc:language>
<dc:rights>Pursuant to Title 17 Section 105 of the United States Code, this file is not subject to copyright protection and is in the public domain.</dc:rights>
</dublinCore>
</metadata>
<form>
<distribution-code display="yes">IV</distribution-code><congress display="yes">119th CONGRESS</congress><session display="yes">1st Session</session><legis-num display="yes">H. CON. RES. 55</legis-num><current-chamber>IN THE HOUSE OF REPRESENTATIVES</current-chamber><action display="yes"><action-date date="20251006">October 6, 2025</action-date><action-desc><sponsor name-id="D000624">Mrs. Dingell</sponsor> (for herself and <cosponsor name-id="B001298">Mr. Bacon</cosponsor>) submitted the following concurrent resolution; which was referred to the <committee-name committee-id="HIF00">Committee on Energy and Commerce</committee-name></action-desc></action><legis-type>CONCURRENT RESOLUTION</legis-type><official-title display="yes">Designating September 2025 as <quote>Gynecologic Cancers Awareness Month</quote>.</official-title></form><preamble><whereas><text>Whereas gynecologic cancers include cervical, ovarian, endometrial/uterine, vaginal, and vulvar cancers with the first 3 being the most common;</text></whereas><whereas><text>Whereas there are approximately 118,920 new cases of these cancers diagnosed and approximately 34,630 deaths from gynecologic cancers annually;</text></whereas><whereas><text>Whereas endometrial cancer is 1 of the few cancers with rising incidence and mortality rates;</text></whereas><whereas><text>Whereas endometrial and ovarian cancer rank fifth and sixth in cancer deaths among women, respectively;</text></whereas><whereas><text>Whereas symptoms are often vague or misunderstood, and there are no screening tests to identify endometrial and ovarian cancers before they progress to later stages;</text></whereas><whereas><text>Whereas cervical cancer is the only gynecologic cancer with a reliable screening test and is vaccine-preventable;</text></whereas><whereas><text>Whereas increased awareness of gynecologic cancers can lead to earlier diagnosis, followup with appropriate health professionals, and improved outcomes; and</text></whereas><whereas><text>Whereas the Foundation for Women’s Cancer and other organizations celebrate September 2025 as <quote>Gynecologic Cancers Awareness Month</quote>: Now, therefore, be it</text></whereas></preamble><resolution-body style="traditional" id="H3E1A23372E9D4B56A96B559130D478D2"><section display-inline="yes-display-inline" section-type="undesignated-section" id="HB99878E630B842B8810D4C30FB807164"><enum/><text>That Congress—</text><paragraph id="H2987F01F05024006950578B54C9C998D"><enum>(1)</enum><text>supports the designation of <quote>Gynecologic Cancers Awareness Month</quote>;</text></paragraph><paragraph id="H7B4D4EF04DEE4746A620371882BBACCD"><enum>(2)</enum><text>supports the goals and ideals of <quote>Gynecologic Cancers Awareness Month</quote>;</text></paragraph><paragraph id="H6A78C1CEEA2043D6B8B39A6B1C097694"><enum>(3)</enum><text>recognizes and affirms the commitment of the United States to reducing the burden of these cancers on women by—</text><subparagraph id="HC3C0200E91A344F0ACEC3A750AEA38C3"><enum>(A)</enum><text>promoting awareness about the causes, risks, and prevention of gynecologic cancers;</text></subparagraph><subparagraph id="H03B09A14DF4C4438BC74FF1E27397452"><enum>(B)</enum><text>supporting research on gynecologic cancers; and</text></subparagraph><subparagraph id="HB5B8975136294381B27E244B99FD3F44"><enum>(C)</enum><text>taking other steps to improve health outcomes associated with these cancers and reduce associated mortality; and</text></subparagraph></paragraph><paragraph id="H5AF71C445B374064BDE58946097FFFC0"><enum>(4)</enum><text>encourages every person in the United States to learn about the risk for gynecologic cancers.</text></paragraph></section></resolution-body></resolution> 

