<?xml version="1.0"?>
<?xml-stylesheet type="text/xsl" href="billres.xsl"?>
<!DOCTYPE resolution PUBLIC "-//US Congress//DTDs/res.dtd//EN" "res.dtd">
<resolution resolution-stage="Introduced-in-House" dms-id="H1407DC2DBA74430187AEBBF0F27B42EE" public-private="public" resolution-type="house-concurrent" star-print="no-star-print" key="H"><metadata xmlns:dc="http://purl.org/dc/elements/1.1/">
<dublinCore>
<dc:title>119 HCON 13 IH: Providing that George Washington’s “Farewell Address” shall be read at the beginning of each Congress.</dc:title>
<dc:publisher>U.S. House of Representatives</dc:publisher>
<dc:date>2025-02-14</dc:date>
<dc:format>text/xml</dc:format>
<dc:language>EN</dc:language>
<dc:rights>Pursuant to Title 17 Section 105 of the United States Code, this file is not subject to copyright protection and is in the public domain.</dc:rights>
</dublinCore>
</metadata>
<form>
<distribution-code display="yes">IV</distribution-code><congress display="yes">119th CONGRESS</congress><session display="yes">1st Session</session><legis-num display="yes">H. CON. RES. 13</legis-num><current-chamber>IN THE HOUSE OF REPRESENTATIVES</current-chamber><action display="yes"><action-date date="20250214">February 14, 2025</action-date><action-desc><sponsor name-id="B001298">Mr. Bacon</sponsor> submitted the following concurrent resolution; which was referred to the <committee-name committee-id="HRU00">Committee on Rules</committee-name></action-desc></action><legis-type>CONCURRENT RESOLUTION</legis-type><official-title display="yes">Providing that George Washington’s <quote>Farewell Address</quote> shall be read at the beginning of each Congress.</official-title></form><resolution-body style="OLC" id="H3000F5E693DE438093479536B223B8F0"><section id="HAD576DDB3BFA43E3B622EA9FC77A1924" section-type="section-one"><enum>1.</enum><header>Rule</header><text display-inline="no-display-inline">On the first day of the first regular session of each Congress, George Washington’s <quote>Farewell Address</quote> shall be read aloud—</text><paragraph id="HFF19788C97434CD98E683CD8FCF89177"><enum>(1)</enum><text>in the Senate by a Senator designated by the majority leader of the Senate; and</text></paragraph><paragraph id="H1DCC9C6BC68046F0B64965A012D0684C"><enum>(2)</enum><text>in the House of Representatives by a Representative designated by the Speaker of the House.</text></paragraph></section><section id="HD7B6764056F7438BB5EA9B88BCB0CC7C"><enum>2.</enum><header>Exercise of rulemaking power</header><text display-inline="no-display-inline">This resolution is adopted by Congress—</text><paragraph id="HDA911469B91440F6A6506DACA462215A"><enum>(1)</enum><text>as an exercise of the rulemaking power of the House of Representatives and the Senate, respectively, and as such it shall be considered as part of the rules of each House, respectively, or of that House to which it specifically applies, and such rule shall supersede other rules only to the extent that it is inconsistent therewith; and</text></paragraph><paragraph id="H3531FFDFB5D7454AB4699FE5D2490F61"><enum>(2)</enum><text display-inline="yes-display-inline">with full recognition of the constitutional right of either House to change such rules (so far as relating to such rules (so far as relating to such House) at any time, in the same manner, and to the same extent as in the case of any other rule of such House. </text></paragraph></section></resolution-body></resolution> 

