<?xml version="1.0"?>
<?xml-stylesheet type="text/xsl" href="billres.xsl"?>
<!DOCTYPE resolution PUBLIC "-//US Congress//DTDs/res.dtd//EN" "res.dtd">
<resolution resolution-stage="Introduced-in-House" dms-id="HEE8BEB9DEC26473E9A370095B975B6A7" public-private="public" resolution-type="house-concurrent" star-print="no-star-print" key="H"><metadata xmlns:dc="http://purl.org/dc/elements/1.1/">
<dublinCore>
<dc:title>119 HCON 27 IH: Expressing support for the work of open water lifeguards as first responders and emergency response providers.</dc:title>
<dc:publisher>U.S. House of Representatives</dc:publisher>
<dc:date>2025-04-10</dc:date>
<dc:format>text/xml</dc:format>
<dc:language>EN</dc:language>
<dc:rights>Pursuant to Title 17 Section 105 of the United States Code, this file is not subject to copyright protection and is in the public domain.</dc:rights>
</dublinCore>
</metadata>
<form>
<distribution-code display="yes">IV</distribution-code><congress display="yes">119th CONGRESS</congress><session display="yes">1st Session</session><legis-num display="yes">H. CON. RES. 27</legis-num><current-chamber>IN THE HOUSE OF REPRESENTATIVES</current-chamber><action display="yes"><action-date date="20250410">April 10, 2025</action-date><action-desc><sponsor name-id="S000522">Mr. Smith of New Jersey</sponsor> (for himself, <cosponsor name-id="V000133">Mr. Van Drew</cosponsor>, and <cosponsor name-id="S001201">Mr. Suozzi</cosponsor>) submitted the following concurrent resolution; which was referred to the <committee-name committee-id="HPW00">Committee on Transportation and Infrastructure</committee-name></action-desc></action><legis-type>CONCURRENT RESOLUTION</legis-type><official-title display="yes">Expressing support for the work of open water lifeguards as first responders and emergency response providers.</official-title></form><preamble><whereas><text>Whereas open water lifeguards perform an essential function of protecting countless lives from death or serious injury;</text></whereas><whereas><text>Whereas these lifeguards do so at great risk to their own lives;</text></whereas><whereas><text>Whereas, in 2021, two lifeguards in the State of New Jersey lost their lives while performing their duty;</text></whereas><whereas><text>Whereas many open water lifeguards are cross-trained in emergency medical response, marine fire safety, law enforcement, and water rescue craft operations;</text></whereas><whereas><text>Whereas lifeguards respond and attend to victims, treat victims, assist victims, and transport victims, the 4 defined duties of a emergency response employee;</text></whereas><whereas><text>Whereas lifeguards not only protect life, but also property, evidence, and the environment, the 4 tenets which define a first responder;</text></whereas><whereas><text>Whereas United States law already recognizes open water lifeguards as first responders or emergency response providers;</text></whereas><whereas><text>Whereas many other countries recognize lifeguards as emergency responders, and grant them access to the programs to which first responders are entitled; and</text></whereas><whereas><text>Whereas, during the COVID–19 emergency, open water lifeguards ought to have been considered <quote>essential workers</quote> and given priority access to vaccinations: Now, therefore, be it</text></whereas></preamble><resolution-body style="traditional" id="HCB78FB973DB54166A8BE0D69AE0B05A6"><section display-inline="yes-display-inline" section-type="undesignated-section" id="H506409649D4F49C4AD7A68C426A75D01"><enum/><text>That Congress reaffirms that open water lifeguards qualify as first responders and emergency response providers, and recognizes the essential, lifesaving work performed by these brave individuals.</text></section></resolution-body></resolution> 

