<?xml version="1.0"?>
<?xml-stylesheet type="text/xsl" href="billres.xsl"?>
<!DOCTYPE resolution PUBLIC "-//US Congress//DTDs/res.dtd//EN" "res.dtd">
<resolution resolution-stage="Introduced-in-House" dms-id="H6B1E780FD7124404B69ED2E95461793C" public-private="public" resolution-type="house-concurrent" star-print="no-star-print" key="H"><metadata xmlns:dc="http://purl.org/dc/elements/1.1/">
<dublinCore>
<dc:title>119 HCON 64 IH: To direct the removal of United States Armed Forces from hostilities within or against Venezuela that have not been authorized by Congress.</dc:title>
<dc:publisher>U.S. House of Representatives</dc:publisher>
<dc:date>2025-12-01</dc:date>
<dc:format>text/xml</dc:format>
<dc:language>EN</dc:language>
<dc:rights>Pursuant to Title 17 Section 105 of the United States Code, this file is not subject to copyright protection and is in the public domain.</dc:rights>
</dublinCore>
</metadata>
<form>
<distribution-code display="yes">IV</distribution-code><congress display="yes">119th CONGRESS</congress><session display="yes">1st Session</session><legis-num display="yes">H. CON. RES. 64</legis-num><current-chamber>IN THE HOUSE OF REPRESENTATIVES</current-chamber><action display="yes"><action-date date="20251201">December 1, 2025</action-date><action-desc><sponsor name-id="M000312">Mr. McGovern</sponsor> (for himself, <cosponsor name-id="C001091">Mr. Castro of Texas</cosponsor>, <cosponsor name-id="K000389">Mr. Khanna</cosponsor>, <cosponsor name-id="J000305">Ms. Jacobs</cosponsor>, and <cosponsor name-id="K000400">Ms. Kamlager-Dove</cosponsor>) submitted the following concurrent resolution; which was referred to the <committee-name committee-id="HFA00">Committee on Foreign Affairs</committee-name></action-desc></action><legis-type>CONCURRENT RESOLUTION</legis-type><official-title display="yes">To direct the removal of United States Armed Forces from hostilities within or against Venezuela that have not been authorized by Congress.</official-title></form><resolution-body style="OLC" id="HA2EC86A32E944902ACBE1E375F0617CE"><section id="HF0527355E40B47C8BE7DB029F809034A"><enum>1.</enum><header>Removal of the use of United States forces for hostilities within or against Venezuela</header><text display-inline="no-display-inline">Pursuant to section 5(c) of the War Powers Resolution (<external-xref legal-doc="usc" parsable-cite="usc/50/1544">50 U.S.C. 1544(c)</external-xref>), Congress hereby directs the President to remove the use of United States Armed Forces from hostilities within or against Venezuela, unless explicitly authorized by a declaration of war or specific statutory authorization for use of military force.</text></section></resolution-body></resolution>

