<?xml version="1.0"?>
<?xml-stylesheet type="text/xsl" href="billres.xsl"?>
<!DOCTYPE resolution PUBLIC "-//US Congress//DTDs/res.dtd//EN" "res.dtd">
<resolution resolution-stage="Introduced-in-House" dms-id="HD68FABA89B4D43DDB9F911E426C28330" public-private="public" resolution-type="house-concurrent" star-print="no-star-print" key="H"><metadata xmlns:dc="http://purl.org/dc/elements/1.1/">
<dublinCore>
<dc:title>119 HCON 59 IH: Recognizing the difficult challenges Black veterans faced when returning home after serving in the Armed Forces, their heroic military sacrifices, and their patriotism in fighting for equal rights and for the dignity of a people and a Nation.</dc:title>
<dc:publisher>U.S. House of Representatives</dc:publisher>
<dc:date>2025-11-07</dc:date>
<dc:format>text/xml</dc:format>
<dc:language>EN</dc:language>
<dc:rights>Pursuant to Title 17 Section 105 of the United States Code, this file is not subject to copyright protection and is in the public domain.</dc:rights>
</dublinCore>
</metadata>
<form>
<distribution-code display="yes">IV</distribution-code><congress display="yes">119th CONGRESS</congress><session display="yes">1st Session</session><legis-num display="yes">H. CON. RES. 59</legis-num><current-chamber>IN THE HOUSE OF REPRESENTATIVES</current-chamber><action display="yes"><action-date date="20251107">November 7, 2025</action-date><action-desc><sponsor name-id="B001281">Mrs. Beatty</sponsor> (for herself, <cosponsor name-id="M001220">Mr. McGarvey</cosponsor>, <cosponsor name-id="H001066">Mr. Horsford</cosponsor>, <cosponsor name-id="F000110">Mr. Fields</cosponsor>, <cosponsor name-id="K000400">Ms. Kamlager-Dove</cosponsor>, <cosponsor name-id="C001068">Mr. Cohen</cosponsor>, <cosponsor name-id="G000553">Mr. Green of Texas</cosponsor>, <cosponsor name-id="B001324">Mr. Bell</cosponsor>, <cosponsor name-id="M001229">Mrs. McIver</cosponsor>, and <cosponsor name-id="J000309">Mr. Jackson of Illinois</cosponsor>) submitted the following concurrent resolution; which was referred to the <committee-name committee-id="HVR00">Committee on Veterans' Affairs</committee-name></action-desc></action><legis-type>CONCURRENT RESOLUTION</legis-type><official-title display="yes">Recognizing the difficult challenges Black veterans faced when returning home after serving in the Armed Forces, their heroic military sacrifices, and their patriotism in fighting for equal rights and for the dignity of a people and a Nation.</official-title></form><preamble>
<whereas><text>Whereas there has been no war fought by or within the United States in which Blacks did not participate, including the Revolutionary War, the Civil War, the War of 1812, the Spanish American War, World Wars I and II, the Korean War, the Vietnam War, the Gulf War, Operation Enduring Freedom, and Operation Iraqi Freedom;</text></whereas> <whereas><text>Whereas Frederick Douglass voiced his opinion on the civic value of military service in one of his autobiographies, <quote>Life and Times of Frederick Douglass,</quote> writing, <quote>I . . . urged every man who could, to enlist; to get an eagle on his button, a musket on his shoulder, the star-spangled banner over his head,</quote> and later remarking that <quote>there is no power on Earth which can deny that he has earned the right to citizenship in the United States</quote>;</text></whereas>
<whereas><text>Whereas, during the Civil War, Black soldiers, commonly referred to as the United States Colored Troops, fought with honor and distinction despite being treated as second-class citizens;</text></whereas> <whereas commented="no"><text>Whereas the health care and hospitals available to Black soldiers during the Civil War were substandard, and Black soldiers often died from the withholding of services that were supposed to be administered by medical personnel;</text></whereas>
<whereas><text>Whereas Dr. W.E.B. DuBois and William Monroe Trotter, members of the <quote>first generation of freedom’s children,</quote> founded the Niagara Movement in 1905 and fought for desegregation in the Armed Forces in World War I;</text></whereas> <whereas><text>Whereas, in his book, <quote>Black Reconstruction in America,</quote> published in 1935, DuBois recognized the importance of equity in military service writing that <quote>Nothing else made Negro citizenship conceivable, but the record of the Negro soldier as a fighter.</quote>;</text></whereas>
<whereas><text>Whereas the 369th Infantry, known as the Harlem Hell-fighters, continued the history of distinguished military service despite treatment as second-class citizens, fighting the Germans during World War I as part of the French Army and serving the longest stretch in combat, 191 days without replacement and without losing a foot of ground or a man as prisoner;</text></whereas> <whereas><text>Whereas, at the end of the service of the 369th Infantry, the entire regiment received the Croix de Guerre, which was France’s highest military honor, from a grateful French nation;</text></whereas>
<whereas><text>Whereas, in 1917, Charles Hamilton Houston encountered racism after entering World War I as a commissioned first lieutenant in the segregated 17th Provisional Training Regiment, later writing that <quote>I made up my mind that if I got through this war I would study law and use my time fighting for men who could not strike back.</quote>;</text></whereas> <whereas><text>Whereas Alain Locke, the first Black Rhodes Scholar, wrote in 1925 about a <quote>New Negro</quote> who had returned from battle with a bold new spirit that helped spark a new mood in the Black community;</text></whereas>
<whereas>
 <text>Whereas, at the start of the United States involvement in World War II, Dorie Miller, a messman attendant in the Navy, was catapulted to national hero status and an icon to generations, after displaying heroism on board the USS West Virginia during the Japanese attack on Pearl Harbor on December 7, 1941;</text>
                </whereas>
<whereas><text>Whereas the famed Tuskegee Airmen, a group of Black pilots, flew with distinction during World War II under the command of Captain Benjamin O. Davis, Jr., the highly decorated officer who served for more than 35 years and became the first Black general in the Air Force;</text></whereas> <whereas><text>Whereas, during World War II, the 6888 (known as the <quote>Six Triple Eights</quote>), the first postal battalion comprised exclusively of Black women, who served in England and then France, was given the daunting task of clearing out a 2-year backlog of more than 90,000 pieces of mail, completed the mission in 3 months, and went on to make a positive impact on racial integration in the Armed Forces;</text></whereas>
<whereas><text>Whereas, before becoming a famous baseball player, Jackie Robinson was court-martialed in the Army in 1944 for refusing to sit in the back of the bus, and when he was later acquitted, he wrote that <quote>[i]t was a small victory, for I had learned that I was in two wars, one against the foreign enemy, the other against prejudice at home</quote>;</text></whereas> <whereas><text>Whereas, during World War II, the Army’s 92nd Infantry Division, better known as the <quote>Buffalo Soldiers,</quote> which traces its direct lineage back to the 9th and 10th Cavalry units from 1866 to the early 1890s, was the only Black segregated unit to experience combat during the Italian campaigns of 1944 and 1945, with several members of the unit later earning Medals of Honor for bravery;</text></whereas>
<whereas><text>Whereas Reverend Benjamin Hooks, who served in the 92nd Infantry Division, found himself in the humiliating position of guarding Italian prisoners of war who were allowed to eat in restaurants that were off-limits to him;</text></whereas> <whereas><text>Whereas, even after President Truman issued Executive Order 9981, desegregating the military on July 26, 1948, discrimination continued;</text></whereas>
<whereas><text>Whereas Oliver L. Brown, a World War II Army veteran from Kansas, and Harry Briggs, a World War II sailor from South Carolina, were the fathers of 2 of the 5 named plaintiffs in Brown v. Board of Education of Topeka, 347 U.S. 483 (1952) and Briggs v. Elliott, 342 U.S. 350 (1952), the historic school-desegregation cases of 1952;</text></whereas> <whereas><text>Whereas the Black heroes and heroines of World War II and the Korean War, and their offspring such as Private Sarah Keys and Women’s Army Corps officer Dovey Roundtree, won significant victories against discrimination in interstate transportation in landmark civil rights cases, including Keys v. Carolina Coach Company, 64 MCC 769 (1955), which was decided 6 days before Rosa Parks’ historic protest of Alabama’s Jim Crow laws in Montgomery;</text></whereas>
<whereas><text>Whereas, after serving overseas in the Army, Charles and Medgar Evers returned home to Mississippi, where in 1946, they tried to register to vote but were turned away at the polling stations;</text></whereas> <whereas><text>Whereas, in 1952, Charles and Medgar Evers began to organize voter registration drives for the National Association for the Advancement of Colored People (NAACP);</text></whereas>
<whereas><text>Whereas, in his address at Riverside Church on April 4, 1967, Dr. Martin Luther King, Jr., commented on the irony of Blacks fighting in Vietnam to guarantee liberties in Southeast Asia while not enjoying the same rights at home;</text></whereas> <whereas><text>Whereas Black veterans who were in the forefront of the leadership of the civil rights movement, with their strong resolve to address the paradox of military service abroad and the denial of basic rights at home, brought deeper meaning to the word <quote>democracy,</quote> and through their example, transformed the face of the United States;</text></whereas>
<whereas><text>Whereas Black veterans of the Nation’s wars sowed the seeds for today’s bountiful harvest that includes the Niagara Movement, the NAACP, and the modern-day civil rights movement, all of which share a common ancestry in the Civil War, without which there would be no civil rights movement and no equal rights for all Americans; and</text></whereas> <whereas><text>Whereas Black veterans suffer at a disproportionate rate from chronic illnesses and homelessness and are plagued by health disparities: Now, therefore, be it</text></whereas></preamble><resolution-body style="traditional" id="H7AC50B699ED64A16BB592DACE5E8AE1A"> 
<section display-inline="yes-display-inline" section-type="undesignated-section" id="H4ED15239EAFC4B24BAB95C6E586A1606"><text>That Congress recognizes—</text> <paragraph id="H19D8C66AE152499AAA032E33B0302CA2"><enum>(1)</enum><text>the difficult challenges Black veterans faced when returning home after serving in the Armed Forces, their heroic military sacrifices, and their patriotism in fighting for equal rights and for the dignity of a people and a Nation; and</text></paragraph>
<paragraph id="HCF532EECE93F42479AFEC2405F77A839"><enum>(2)</enum><text>the need for the Department of Veterans Affairs to continue to work to eliminate any health and benefit disparities for minority veterans in the United States.</text></paragraph></section> </resolution-body></resolution>

