<?xml version="1.0"?>
<?xml-stylesheet type="text/xsl" href="billres.xsl"?>
<!DOCTYPE resolution PUBLIC "-//US Congress//DTDs/res.dtd//EN" "res.dtd">
<resolution resolution-stage="Introduced-in-House" dms-id="HD5BDCA7D9B9B40299DFC6F9904366271" public-private="public" resolution-type="house-concurrent" star-print="no-star-print" key="H"><metadata xmlns:dc="http://purl.org/dc/elements/1.1/">
<dublinCore>
<dc:title>119 HCON 2 IH: Reclaiming Congress’s Constitutional Mandate in Trade Resolution</dc:title>
<dc:publisher>U.S. House of Representatives</dc:publisher>
<dc:date>2025-01-03</dc:date>
<dc:format>text/xml</dc:format>
<dc:language>EN</dc:language>
<dc:rights>Pursuant to Title 17 Section 105 of the United States Code, this file is not subject to copyright protection and is in the public domain.</dc:rights>
</dublinCore>
</metadata>
<form>
<distribution-code display="yes">IV</distribution-code><congress display="yes">119th CONGRESS</congress><session display="yes">1st Session</session><legis-num display="yes">H. CON. RES. 2</legis-num><current-chamber>IN THE HOUSE OF REPRESENTATIVES</current-chamber><action display="yes"><action-date date="20250103">January 3, 2025</action-date><action-desc><sponsor name-id="G000568">Mr. Griffith</sponsor> submitted the following concurrent resolution; which was referred to the <committee-name committee-id="HRU00">Committee on Rules</committee-name>, and in addition to the Committee on <committee-name committee-id="HWM00">Ways and Means</committee-name>, for a period to be subsequently determined by the Speaker, in each case for consideration of such provisions as fall within the jurisdiction of the committee concerned</action-desc></action><legis-type>CONCURRENT RESOLUTION</legis-type><official-title display="yes">Establishing the Joint Ad Hoc Committee on Trade Responsibilities to develop a plan under which the functions and responsibilities of the Office of the United States Trade Representative shall be moved to the legislative branch in accordance with article I, section 8 of the Constitution of the United States, and for other purposes.</official-title></form><resolution-body style="OLC" id="H14A56E86C9CB4A51A5B3CCA1D5BA621A"><section commented="no" display-inline="no-display-inline" id="H7ED489086DB34E10BB684EFD2B5AC63F" section-type="section-one"><enum>1.</enum><header>Short title</header><text display-inline="no-display-inline">This resolution may be cited as the <quote><short-title>Reclaiming Congress’s Constitutional Mandate in Trade Resolution</short-title></quote>.</text></section><section id="HECC8D68E7B694A2A84CEEF3FEF36955D"><enum>2.</enum><header>Joint Ad Hoc Committee on Trade Responsibilities</header><subsection id="H3BAFD39E10F94C4B86A20A34AA13F33A"><enum>(a)</enum><header>Establishment</header><text display-inline="yes-display-inline">There is established a Joint Ad Hoc Committee on Trade Responsibilities (referred to as the <quote>Joint Ad Hoc Committee</quote>).</text></subsection><subsection id="H3B4E4A96479745B3B764258488588CD3"><enum>(b)</enum><header>Membership</header><text>The Joint Ad Hoc Committee shall consist of 14 members, who shall be appointed not later than 60 days after the date of the adoption of this resolution, as follows:</text><paragraph id="H165A0673DCDB4CD88C0F3AD0DC9BFD6C"><enum>(1)</enum><text>Nine Members of the House of Representatives who shall be members of the Committee on Ways and Means or the Committee on Energy and Commerce, of whom—</text><subparagraph id="H07B00A3B0F2C46459F25B549DB3F59E5"><enum>(A)</enum><text>six shall be appointed by the Speaker of the House of Representatives, one of whom (as designated by the Speaker at the time of appointment) shall serve as the Chair of the Joint Ad Hoc Committee; and</text></subparagraph><subparagraph id="HE9A05759A82A4AA1BEC770278FD45223"><enum>(B)</enum><text>three shall be appointed by the minority leader of the House of Representatives.</text></subparagraph></paragraph><paragraph id="HEAAE5FD394CF4CD3B7290BE27A9A9EA7"><enum>(2)</enum><text>Five Senators who shall be members of the Committee on Finance, of whom—</text><subparagraph id="HE5B05156CFF0458C92284C8659503579"><enum>(A)</enum><text>three shall be appointed by the majority leader of the Senate, one of whom (as designated by the majority leader at the time of appointment) shall serve as the Vice Chair of the Joint Ad Hoc Committee; and</text></subparagraph><subparagraph id="H37A5A326A2F446FB893FBAB2B6A679BF"><enum>(B)</enum><text>two shall be appointed by the minority leader of the Senate.</text></subparagraph></paragraph></subsection><subsection commented="no" id="HC08BDDF8E3DB49D2B460967EEF58BA9D"><enum>(c)</enum><header>Duties</header><paragraph commented="no" id="H8365C216B0F1422C9229421AD0271CB7"><enum>(1)</enum><header>Plan for transfer of USTR functions to legislative branch</header><text display-inline="yes-display-inline">The Joint Ad Hoc Committee shall develop a plan under which the functions and responsibilities of the Office of the United States Trade Representative shall be moved to the legislative branch in accordance with article I, section 8 of the Constitution of the United States.</text></paragraph><paragraph commented="no" id="H2B88BAF7A5D542A99B5006E04F8046E7"><enum>(2)</enum><header>Consultation with Advisory Board</header><text display-inline="yes-display-inline">In developing the plan under paragraph (1), the Joint Ad Hoc Committee shall consult regularly with the Congressional Advisory Board on Trade Responsibilities established under section 3.</text></paragraph><paragraph commented="no" id="HCF7910A6216C4EDFB618C059C34B185F"><enum>(3)</enum><header>Deadline for transfer under plan</header><text display-inline="yes-display-inline">Under the plan developed by the Joint Ad Hoc Committee under paragraph (1), the functions and responsibilities of the Office of the United States Trade Representative shall be moved to the legislative branch—</text><subparagraph commented="no" id="H6C9A4017E8B444D5AE1ADF19A396F153"><enum>(A)</enum><text>upon the expiration of the 4-year period which begins on the date the Joint Ad Hoc Committee submits the report described in subsection (e); or</text></subparagraph><subparagraph commented="no" id="H4A169CF176674A3696E0A4034AE431EB"><enum>(B)</enum><text>on July 1, 2028,</text></subparagraph><continuation-text commented="no" continuation-text-level="paragraph">whichever is later.</continuation-text></paragraph></subsection><subsection id="HCE79844945014EB0ABB7A15720FB63D9"><enum>(d)</enum><header>Authorities; employment and compensation of staff</header><paragraph id="H651AAF71F2934EA997D2D659B446CE19"><enum>(1)</enum><header>Authority of committee</header><subparagraph id="H7AB2DF1BC22F4EC0A4CA50353FEC6EA4"><enum>(A)</enum><header>In general</header><text>The Joint Ad Hoc Committee may—</text><clause id="H331BB43A487B46D9A66F6538A1E696C7"><enum>(i)</enum><text>subject to subparagraph (B), sit and act at such places and times as the Joint Ad Hoc Committee determines are appropriate during the sessions, recesses, and adjourned periods of Congress; and</text></clause><clause id="HC9E73BF8E71A435386DF3FBD66AA4082"><enum>(ii)</enum><text>require the attendance of witnesses and the production of books, papers, and documents, administer oaths, take testimony, and procure printing and binding.</text></clause></subparagraph><subparagraph commented="no" id="HB2D3EC1BE0584C23A4117C0795D033A7"><enum>(B)</enum><header>Meetings</header><text display-inline="yes-display-inline">Beginning on the date that is 90 days after the date of the adoption of this resolution, the Joint Ad Hoc Committee may meet at the call of the Chair or a majority of its members that are appointed as of such date.</text></subparagraph></paragraph><paragraph id="H4092693FE98C4E27B0A97F68A9B7B8DF"><enum>(2)</enum><header>Appointment and compensation of staff</header><subparagraph commented="no" display-inline="yes-display-inline" id="H1D630F85A8BA4ECF8C7D16BF1BC9D079"><enum>(A)</enum><text>The Joint Ad Hoc Committee may appoint and fix the compensation of such experts, consultants, technicians, and clerical personnel as it deems necessary, but shall utilize existing staff to the extent possible. Staff shall be compensated and reimbursed in accordance with current rules, statutes, practices, and procedures under which congressional staff are currently compensated and reimbursed for their official expenses.</text></subparagraph><subparagraph id="H1F7A561D07094B7498B5C4F8B37250C2" indent="up1"><enum>(B)</enum><text>The Joint Ad Hoc Committee may utilize such voluntary and uncompensated services as it deems necessary and may utilize the services, information, facilities, and personnel of other agencies of the legislative branch.</text></subparagraph></paragraph><paragraph id="H75C87ECFEDD5468B9DBB7140D505979A"><enum>(3)</enum><header>Witnesses</header><text>Witnesses requested to appear before the Joint Ad Hoc Committee shall be reimbursed for travel, subsistence, and other necessary expenses incurred in traveling to and from Joint Ad Hoc Committee proceedings.</text></paragraph><paragraph id="H6C207D84996A4A649F3930BF33E78EED"><enum>(4)</enum><header>Expenses</header><subparagraph id="HB2D13EF78B1341199DAE7AD61038F9FD"><enum>(A)</enum><header>House of Representatives</header><text>There shall be paid out of the applicable accounts of the House of Representatives such sums as may be necessary for the portion of the expenses of the Joint Ad Hoc Committee which are allocable to the House. Such payments shall be made on vouchers signed by the Chair of the Joint Ad Hoc Committee and approved in the manner directed by the Committee on House Administration of the House of Representatives. Amounts made available under this paragraph shall be expended in accordance with regulations prescribed by the Committee on House Administration of the House of Representatives.</text></subparagraph><subparagraph id="HC4DAB2E9833A46E5AF771BA8167A0FD5"><enum>(B)</enum><header>Senate</header><text display-inline="yes-display-inline">There shall be paid out of the contingent fund of the Senate such sums as may be necessary for the portion of the expenses of the Joint Ad Hoc Committee which are allocable to the Senate. Such payments shall be made on vouchers signed by the Vice Chair of the Joint Ad Hoc Committee.</text></subparagraph></paragraph></subsection><subsection commented="no" id="H2DA934E0571B46C79CA1AA70EC30E038"><enum>(e)</enum><header>Report</header><text>Not later than 16 months after the date on which all members of the Joint Ad Hoc Committee are appointed under subsection (b), the Committee shall submit to Congress a report that contains the plan described in subsection (c).</text></subsection><subsection commented="no" id="HA84D7443240347F3ABF5F24555FBD913"><enum>(f)</enum><header>Termination</header><text display-inline="yes-display-inline">The Joint Ad Hoc Committee shall terminate upon the expiration of the 1-year period which begins on the date the Joint Ad Hoc Committee submits the report required under subsection (e).</text></subsection></section><section id="HE4053C45594C434B837E7F00E8864125"><enum>3.</enum><header>Congressional advisory board</header><subsection id="H3A6210EFC9CE466887D8F083FAA62D96"><enum>(a)</enum><header>Establishment</header><text display-inline="yes-display-inline">There is established a Congressional Advisory Board on Trade Responsibilities (referred to as the <quote>Advisory Board</quote>).</text></subsection><subsection id="H4CE85ACFC876467D8BFDF522B69EE98D"><enum>(b)</enum><header>Membership</header><text display-inline="yes-display-inline">The Advisory Board shall consist of 21 members, who shall be appointed not later than 60 days after the date of the adoption of this resolution, as follows:</text><paragraph id="HDEF1867789574CA29F895F5576703F55"><enum>(1)</enum><text>Four members appointed by the Speaker of the House of Representatives, of whom—</text><subparagraph id="H9240EDCD43AD4E7FAC65A27182BC08E4"><enum>(A)</enum><text>one member shall be appointed from among the individuals described in subsection (c)(1); and</text></subparagraph><subparagraph id="HE2E2B6091E424514AC3A485392AAFE8C"><enum>(B)</enum><text>three members shall be appointed from among the individuals described in subsection (c)(2).</text></subparagraph></paragraph><paragraph id="H76A5E0183EF142C6BF195080EB910CCC"><enum>(2)</enum><text>Four members appointed by the majority leader of the Senate, of whom—</text><subparagraph id="HEAF5EFAA63B34E62B38752A8CB800D6A"><enum>(A)</enum><text>one member shall be appointed from among the individuals described in subsection (c)(1); and</text></subparagraph><subparagraph id="H94BE48E8F5584024B3DC6D3E7FDA975A"><enum>(B)</enum><text>three members shall be appointed from among the individuals described in subsection (c)(2).</text></subparagraph></paragraph><paragraph id="HD4E0FD57DE2A46D6BF712A884ABE2302"><enum>(3)</enum><text>Three members appointed by the minority leader of the House of Representatives, of whom—</text><subparagraph id="HF795866971954FD7A06366364327D6D5"><enum>(A)</enum><text>one member shall be appointed from among the individuals described in subsection (c)(1); and</text></subparagraph><subparagraph id="HAD41951073B7492CBAFDBC897D47252C"><enum>(B)</enum><text>two members shall be appointed from among the individuals described in subsection (c)(2).</text></subparagraph></paragraph><paragraph id="HE4CB3AE657774FE3A0B867EEADD88BE6"><enum>(4)</enum><text>Three members appointed by the minority leader of the Senate, of whom—</text><subparagraph id="H63C9337D31FD4570B0104BB1985BC89E"><enum>(A)</enum><text>one member shall be appointed from among the individuals described in subsection (c)(1); and</text></subparagraph><subparagraph id="HCBA7684AFDDF4F429C02C74B0CFBF759"><enum>(B)</enum><text>two members shall be appointed from among the individuals described in subsection (c)(2).</text></subparagraph></paragraph><paragraph id="H70B6618B41734B72AD14013B6752170A"><enum>(5)</enum><text>Six members appointed by the United States Trade Representative, of whom—</text><subparagraph id="H3CE9786FF0AF4455829A1DD72A570DA2"><enum>(A)</enum><text>three members shall be appointed from among the individuals described in subsection (c)(1); and</text></subparagraph><subparagraph id="HC7EB19CBEEB7428EB12FD7B2BC481023"><enum>(B)</enum><text>three members shall be appointed from among the individuals described in subsection (c)(2).</text></subparagraph></paragraph><paragraph id="HAD7D8D372C5C4122A1CD31F8B8FD9414"><enum>(6)</enum><text>The United States Trade Representative (or the Trade Representative’s designee).</text></paragraph></subsection><subsection id="HE4F5A0E4BC7947998C0039DD1FEB491A"><enum>(c)</enum><header>Individuals eligible for appointment</header><text display-inline="yes-display-inline">The individuals eligible for appointment to the Advisory Board under subsection (b) are the following:</text><paragraph id="H91A7AE2BAB75421086725095B223475F"><enum>(1)</enum><text>Individuals with expertise on the constitutional roles of the President and Congress regarding United States trade policy and the development, negotiation, implementation, and administration of bilateral and multilateral trade agreements.</text></paragraph><paragraph id="HDF4E3C708A37489E82804E29C7872975"><enum>(2)</enum><text display-inline="yes-display-inline">Individuals who are representatives of non-Federal governments, labor, industry, agriculture, small business, service industries, retailers, nongovernmental environmental and conservation organization, and consumer interests.</text></paragraph></subsection><subsection commented="no" id="HF3936DA04BA944E69299A3453681D02C"><enum>(d)</enum><header>Duties</header><text>The Advisory Board shall advise the Joint Ad Hoc Committee on Trade Responsibilities established under section 2 in its development of the plan described in section 2(c).</text></subsection><subsection id="HBA582764FEAF4B7183596A57A64E4004"><enum>(e)</enum><header>Expenses</header><text display-inline="yes-display-inline">Members of the Advisory Board shall serve without pay, but each member who does not reside in the Washington Metropolitan Area shall receive travel expenses, including per diem in lieu of subsistence, in accordance with applicable provisions under subchapter I of <external-xref legal-doc="usc-chapter" parsable-cite="usc-chapter/5/57">chapter 57</external-xref> of title 5, United States Code. In this subsection, the term <term>Washington Metropolitan Area</term> means the District of Columbia, the counties of Montgomery and Prince Georges in Maryland, and the counties of Arlington, Fairfax, Loudon, and Prince William and the cities of Alexandria and Falls Church in Virginia.</text></subsection><subsection id="HD20573F2C9E64438B7AE74A3CD2CE1EB"><enum>(f)</enum><header>Availability of staff of Joint Ad Hoc Committee</header><text display-inline="yes-display-inline">The Advisory Board may not appoint staff, but upon request of the Advisory Board, the Joint Ad Hoc Committee on Trade Responsibilities may detail any of its personnel to assist the Advisory Board in carrying out the Advisory Board’s duties under this Act.</text></subsection><subsection commented="no" id="H7B236A13EBD2476F870B2A6478C96DAD"><enum>(g)</enum><header>Termination</header><text display-inline="yes-display-inline">The Advisory Board shall terminate upon the expiration of the 1-year period which begins on the date the Joint Ad Hoc Committee on Trade Responsibilities submits the report required under section 2(e).</text></subsection></section><section commented="no" id="H6D39B53D2932424EA105DECA149A0E8A"><enum>4.</enum><header>Assistance of United States Trade Representative<editorial></editorial></header><text display-inline="no-display-inline">The United States Trade Representative and other heads of offices in the executive branch, shall make available to the Joint Ad Hoc Committee on Trade Responsibilities established under section 2 and the Congressional Advisory Board on Trade Responsibilities established under section 3 such information and assistance the Joint Ad Hoc Committee and the Advisory Board may reasonably require to carry out their activities.</text></section></resolution-body></resolution> 

