<?xml version="1.0"?>
<?xml-stylesheet type="text/xsl" href="billres.xsl"?>
<!DOCTYPE resolution PUBLIC "-//US Congress//DTDs/res.dtd//EN" "res.dtd">
<resolution resolution-stage="Introduced-in-House" dms-id="HFC9BC0CE15C34609AB12242F11E7337B" public-private="public" resolution-type="house-concurrent" star-print="no-star-print" key="H"><metadata xmlns:dc="http://purl.org/dc/elements/1.1/">
<dublinCore>
<dc:title>107 HCON 51 IH: To direct the removal of United States Armed Forces from hostilities that have not been authorized by Congress.</dc:title>
<dc:publisher>U.S. House of Representatives</dc:publisher>
<dc:date>2025-09-23</dc:date>
<dc:format>text/xml</dc:format>
<dc:language>EN</dc:language>
<dc:rights>Pursuant to Title 17 Section 105 of the United States Code, this file is not subject to copyright protection and is in the public domain.</dc:rights>
</dublinCore>
</metadata>
<form>
<distribution-code display="yes">IV</distribution-code><congress display="yes">119th CONGRESS</congress><session display="yes">1st Session</session><legis-num display="yes">H. CON. RES. 51</legis-num><current-chamber>IN THE HOUSE OF REPRESENTATIVES</current-chamber><action display="yes"><action-date date="20250923">September 23, 2025</action-date><action-desc><sponsor name-id="O000173">Ms. Omar</sponsor> (for herself, <cosponsor name-id="C001131">Mr. Casar</cosponsor>, and <cosponsor name-id="G000586">Mr. García of Illinois</cosponsor>) submitted the following concurrent resolution; which was referred to the <committee-name committee-id="HFA00">Committee on Foreign Affairs</committee-name></action-desc></action><legis-type>CONCURRENT RESOLUTION</legis-type><official-title display="yes">To direct the removal of United States Armed Forces from hostilities that have not been authorized by Congress.</official-title></form><resolution-body style="OLC" id="H351963BE807E4BE18F86B77CA451AD00"><section display-inline="no-display-inline" section-type="section-one" id="H024AE820373345ECB0F706F40E8CD974"><enum>1.</enum><header>Findings</header><text display-inline="no-display-inline">Congress makes the following findings:</text><paragraph id="H2BE5F61B4CBB4B279874AD6F3FD8AE7A"><enum>(1)</enum><text>Congress has the sole power to declare war under article I, section 8, clause 11 of the United States Constitution.</text></paragraph><paragraph id="H16B8E2E1D9634035895F262C1A50347F"><enum>(2)</enum><text display-inline="yes-display-inline">Section 2(c) of the War Powers Resolution (<external-xref legal-doc="usc" parsable-cite="usc/50/1541">50 U.S.C. 1541(c)</external-xref>) states that <quote>the constitutional powers of the President as Commander-in-Chief to introduce United States Armed Forces into hostilities, or into situations where imminent involvement in hostilities is clearly indicated by the circumstances, are exercised only pursuant to (1) a declaration of war, (2) specific statutory authorization, or (3) a national emergency created by attack upon the United States, its territories or possessions, or its armed forces.</quote>.</text></paragraph><paragraph id="H2957744B434E4055A283E5670D826433"><enum>(3)</enum><text>Congress has not declared war upon, nor enacted a specific statutory authorization for use of military force against, the Bolivarian Republic of Venezuela, nor any transnational criminal organizations designated as Foreign Terrorist Organizations or Specially Designated Global Terrorists since February 20, 2025. </text></paragraph><paragraph id="H99BB552B0DC44E9391F31DAADB1E8434"><enum>(4)</enum><text display-inline="yes-display-inline">The designation of a group, entity, or individual as a Foreign Terrorist Organization or Specially Designated Global Terrorist provides no legal authority for the President to direct the use of military force against members of designated organizations or any foreign state.</text></paragraph><paragraph id="H5C0DC6C4E7E9491EA488C60E3B6010EE"><enum>(5)</enum><text>Neither the 2001 Authorization for Use of Military Force (<external-xref legal-doc="public-law" parsable-cite="pl/107/40">Public Law 107–40</external-xref>; <external-xref legal-doc="usc" parsable-cite="usc/50/1541">50 U.S.C. 1541</external-xref> note) against the perpetrators of the 9/11 attack nor the Authorization for Use of Military Force Against Iraq Resolution of 2002 (<external-xref legal-doc="public-law" parsable-cite="pl/107/243">Public Law 107–243</external-xref>; <external-xref legal-doc="usc" parsable-cite="usc/50/1541">50 U.S.C. 1541</external-xref> note) provides any statutory authority for the President to direct the use of military force against Venezuela or any transnational criminal organizations designated as Foreign Terrorist Organizations or Specially Designated Global Terrorists since February 20, 2025.</text></paragraph><paragraph id="H077B505F39F44CC4B14B68B4E8C42F6A"><enum>(6)</enum><text>Regarding Venezuelan jets flying near U.S. warships dispatched to the South Caribbean Sea, President Trump on September 5, 2025, stated that such planes were <quote>going to be in trouble,</quote> and if a flyover reoccurs, he told a U.S. general, <quote>You have a choice of doing anything you want,</quote> including, should such planes <quote>put us in a dangerous situation, they will be shot down,</quote> indicating the introduction of U.S. forces into imminent hostilities. </text></paragraph><paragraph id="H953E0D6B2F534C8AB12890C784D079EB"><enum>(7)</enum><text display-inline="yes-display-inline">No armed attack on the United States by Venezuela or any transnational criminal organizations designated as Foreign Terrorist Organizations or Special Designated Global Terrorist since February 20th, 2025 has occurred, the trafficking of illegal drugs does not itself constitute such an armed attack or threat of an imminent armed attack.</text></paragraph><paragraph id="H2EF51519B1B8445E8DDDA93C26961C8C"><enum>(8)</enum><text display-inline="yes-display-inline">The strike on the vessel in the Southern Caribbean on September 2, 2025, the subsequent strikes in September 2025, and the positioning of U.S. warships and aircraft in the Caribbean and President Trump’s statements on the use of force without prior statutory authorization, fall within the meaning of section 4(a)(1) of the War Powers Resolution (<external-xref legal-doc="usc" parsable-cite="usc/50/1543">50 U.S.C. 1543(a)(1)</external-xref>), constituting either hostilities or a situation where imminent involvement in hostilities is clearly indicated by the circumstances into which United States Armed Forces have been introduced. </text></paragraph><paragraph id="HE24604999258448F8C70DFD649B3477A"><enum>(9)</enum><text>Section 5(c) of the War Powers Resolution (<external-xref legal-doc="usc" parsable-cite="usc/50/1544">50 U.S.C. 1544(c)</external-xref>) states that <quote>at any time that United States Armed Forces are engaged in hostilities outside the territory of the United States, its possessions and territories without a declaration of war or specific statutory authorization, such forces shall be removed by the President if the Congress so directs.</quote>.</text></paragraph><paragraph id="H9B2839D3B5A843A8842CB1F5A8C910E1"><enum>(10)</enum><text>In its report to Congress on the strike dated September 4, 2025, pursuant to section 4(a) of the War Powers Resolution (<external-xref legal-doc="usc" parsable-cite="usc/50/1543">50 U.S.C. 1543(a)</external-xref>), President Trump stated, <quote>It is not possible at this time to know the full scope and duration of military operations that will be necessary. United States forces remain postured to carry out further military operations.</quote>.</text></paragraph><paragraph id="HF34911603CAD4F50BD8EBAC315E5BC63"><enum>(11)</enum><text>The question of whether United States forces should be engaged in hostilities against Venezuela or any transnational criminal organizations designated as Foreign Terrorist Organizations or Specially Designated Global Terrorists since February 20, 2025, should be answered following a full briefing to Congress and the American public of the issues at stake, a public debate in Congress, and a congressional vote as contemplated by the Constitution.</text></paragraph></section><section id="H03D412C65F78487E9EBFEC37CDF0DCF9"><enum>2.</enum><header>Termination of the use of United States forces for hostilities</header><subsection id="HD75211A9D4FD41D2BF448920D4B81EB8"><enum>(a)</enum><header>Termination</header><text display-inline="yes-display-inline">Pursuant to section 5(c) of the War Powers Resolution (<external-xref legal-doc="usc" parsable-cite="usc/50/1544">50 U.S.C. 1544(c)</external-xref>), Congress hereby directs the President to terminate the use of United States Armed Forces for hostilities against the following:</text><paragraph id="H027E5DE69CBE43E38B78A1A009926E85"><enum>(1)</enum><text>The Bolivarian Republic of Venezuela or any part of its government or military.</text></paragraph><paragraph id="HB23DA8DD0D4C449AA10338EA109C60A9"><enum>(2)</enum><text display-inline="yes-display-inline">Any transnational criminal organizations designated as Foreign Terrorist Organizations or Specially Designated Global Terrorists since February 20, 2025. </text></paragraph><continuation-text continuation-text-level="subsection">Unless explicitly authorized by a declaration of war or specific authorization for use of military force after the date of the adoption of this concurrent resolution.</continuation-text></subsection><subsection id="H686B8BFC766D4B0F9A9F99C544387D32"><enum>(b)</enum><header>Rule of construction</header><text display-inline="yes-display-inline">Nothing in this section shall be construed to prevent the United States from repelling sudden attacks or engaging in self-defense consistent with the legal requirements outlined in section 2(c) of the War Powers Resolution (<external-xref legal-doc="usc" parsable-cite="usc/50/1541">50 U.S.C. 1541(c)</external-xref>). The trafficking of illegal drugs does not itself constitute such an armed attack or threat of an imminent armed attack under section 2(c)(3) of the War Powers Resolution (<external-xref legal-doc="usc" parsable-cite="usc/50/1541">50 U.S.C. 1541(c)(3)</external-xref>).</text></subsection></section></resolution-body></resolution> 

