<?xml version="1.0"?>
<?xml-stylesheet type="text/xsl" href="billres.xsl"?>
<!DOCTYPE resolution PUBLIC "-//US Congress//DTDs/res.dtd//EN" "res.dtd">
<resolution resolution-stage="Engrossed-in-House" dms-id="HDBD4BBAD55A248E1B71CA29B64935FBE" public-private="public" resolution-type="house-concurrent" star-print="no-star-print" key="H" stage-count="1"> 
<metadata xmlns:dc="http://purl.org/dc/elements/1.1/">
<dublinCore>
<dc:title>119 HCON 24 EH: Authorizing the use of Emancipation Hall in the Capitol Visitor Center for an event to celebrate the birthday of King Kamehameha I.</dc:title>
<dc:publisher>U.S. House of Representatives</dc:publisher>
<dc:date></dc:date>
<dc:format>text/xml</dc:format>
<dc:language>EN</dc:language>
<dc:rights>Pursuant to Title 17 Section 105 of the United States Code, this file is not subject to copyright protection and is in the public domain.</dc:rights>
</dublinCore>
</metadata>
<form>
<distribution-code display="no">IV</distribution-code> 
<congress display="yes">119th CONGRESS</congress> 
<session display="yes">1st Session</session> 
<legis-num display="yes">H. CON. RES. 24</legis-num> 
<current-chamber display="no">IN THE HOUSE OF REPRESENTATIVES</current-chamber> 
<legis-type>CONCURRENT RESOLUTION</legis-type> 
<official-title display="no">Authorizing the use of Emancipation Hall in the Capitol Visitor Center for an event to celebrate the birthday of King Kamehameha I.</official-title> 
</form> 
<resolution-body style="OLC" id="HC3DBAEC266534A36BA65205C3A98A07C"> 
<section commented="no" display-inline="no-display-inline" section-type="section-one" id="H1B3A0959FF3D4110A393CCC05503821C"><enum>1.</enum><header>Use of Emancipation Hall for Event to Celebrate Birthday of King Kamehameha I.<pagebreak/></header> 
<subsection commented="no" display-inline="no-display-inline" id="H6876E79B69C4433483846D6B85BA6C5C"><enum>(a)</enum><header display-inline="yes-display-inline">Authorization</header><text display-inline="yes-display-inline">Emancipation Hall in the Capitol Visitor Center is authorized to be used on June 8, 2025, for an event to celebrate the birthday of King Kamehameha I.</text></subsection> <subsection commented="no" display-inline="no-display-inline" id="HF148DE72720D4729831D445742CF0059"><enum>(b)</enum><header display-inline="yes-display-inline">Preparations</header><text display-inline="yes-display-inline">Physical preparations for the conduct of the event described in subsection (a) shall be carried out in accordance with such conditions as may be prescribed by the Architect of the Capitol.</text></subsection></section> 
</resolution-body> 
<attestation><attestation-group><attestation-date date="20250514" chamber="House">Passed the House of Representatives May 14, 2025.</attestation-date><attestor display="no">Kevin F. McCumber,</attestor><role>Clerk.</role></attestation-group></attestation> 
<endorsement display="yes"></endorsement> 
</resolution> 


