<?xml version="1.0"?>
<?xml-stylesheet type="text/xsl" href="billres.xsl"?>
<!DOCTYPE resolution PUBLIC "-//US Congress//DTDs/res.dtd//EN" "res.dtd">
<resolution resolution-stage="Engrossed-in-House" dms-id="H503C79996C5F470195CBDF0B0309C3DA" public-private="public" resolution-type="house-concurrent" star-print="no-star-print" key="H" stage-count="1"> 
<metadata xmlns:dc="http://purl.org/dc/elements/1.1/">
<dublinCore>
<dc:title>119 HCON 62 EH: Authorizing the use of Emancipation Hall in the Capitol Visitor Center for an event to unveil the statue of Barbara Rose Johns.</dc:title>
<dc:publisher>U.S. House of Representatives</dc:publisher>
<dc:date></dc:date>
<dc:format>text/xml</dc:format>
<dc:language>EN</dc:language>
<dc:rights>Pursuant to Title 17 Section 105 of the United States Code, this file is not subject to copyright protection and is in the public domain.</dc:rights>
</dublinCore>
</metadata>
<form>
<distribution-code display="no">IV</distribution-code> 
<congress display="yes">119th CONGRESS</congress> 
<session display="yes">1st Session</session> 
<legis-num display="yes">H. CON. RES. 62</legis-num> 
<current-chamber display="no">IN THE HOUSE OF REPRESENTATIVES</current-chamber> 
<legis-type>CONCURRENT RESOLUTION</legis-type> 
<official-title display="no">Authorizing the use of Emancipation Hall in the Capitol Visitor Center for an event to unveil the statue of Barbara Rose Johns.</official-title> 
</form> 
<resolution-body style="OLC" id="H96D5151C1DCE4F6EACCC262457FD5272"> 
<section commented="no" display-inline="no-display-inline" section-type="section-one" id="HA6E9C52B68D74342B9BAB9427B8F434A"><enum>1.</enum><header display-inline="yes-display-inline">Use of Emancipation Hall for unveiling of Barbara Rose Johns statue</header> 
<subsection commented="no" display-inline="no-display-inline" id="H5B2860B3FB6D4982A0A3A1C30F14323E"><enum>(a)</enum><header display-inline="yes-display-inline">Authorization</header><text display-inline="yes-display-inline">Emancipation Hall in the Capitol Visitor Center is authorized to be used for an <pagebreak/>event on December 16, 2025, for an event to unveil the statue of Barbara Rose Johns.</text></subsection> <subsection commented="no" display-inline="no-display-inline" id="HD9390DDF1E6D4EEE82E5849349E98319"><enum>(b)</enum><header display-inline="yes-display-inline">Preparations</header><text display-inline="yes-display-inline">Physical preparations for the conduct of the event described in subsection (a) shall be carried out in accordance with such conditions as may be prescribed by the Architect of the Capitol.</text></subsection></section> 
</resolution-body> 
<attestation><attestation-group><attestation-date date="20251120" chamber="House">Passed the House of Representatives November 20, 2025.</attestation-date><attestor display="no">Kevin F. McCumber,</attestor><role>Clerk.</role></attestation-group></attestation> 
<endorsement display="yes"></endorsement> 
</resolution> 


