<?xml version="1.0"?>
<?xml-stylesheet type="text/xsl" href="billres.xsl"?>
<!DOCTYPE resolution PUBLIC "-//US Congress//DTDs/res.dtd//EN" "res.dtd">
<resolution resolution-stage="Introduced-in-House" dms-id="HE77606EC5E5C4845B8EA373BE6F02F8F" public-private="public" resolution-type="house-concurrent" star-print="no-star-print" key="H"><metadata xmlns:dc="http://purl.org/dc/elements/1.1/">
<dublinCore>
<dc:title>118 HCON 46 IH: Fiscal State of the Nation Resolution</dc:title>
<dc:publisher>U.S. House of Representatives</dc:publisher>
<dc:date>2023-05-18</dc:date>
<dc:format>text/xml</dc:format>
<dc:language>EN</dc:language>
<dc:rights>Pursuant to Title 17 Section 105 of the United States Code, this file is not subject to copyright protection and is in the public domain.</dc:rights>
</dublinCore>
</metadata>
<form>
<distribution-code display="yes">IV</distribution-code><congress display="yes">118th CONGRESS</congress><session display="yes">1st Session</session><legis-num display="yes">H. CON. RES. 46</legis-num><current-chamber>IN THE HOUSE OF REPRESENTATIVES</current-chamber><action display="yes"><action-date date="20230518">May 18, 2023</action-date><action-desc><sponsor name-id="B001282">Mr. Barr</sponsor> (for himself, <cosponsor name-id="P000608">Mr. Peters</cosponsor>, <cosponsor name-id="P000613">Mr. Panetta</cosponsor>, <cosponsor name-id="C001120">Mr. Crenshaw</cosponsor>, <cosponsor name-id="C001055">Mr. Case</cosponsor>, <cosponsor name-id="J000292">Mr. Johnson of Ohio</cosponsor>, <cosponsor name-id="F000466">Mr. Fitzpatrick</cosponsor>, <cosponsor name-id="G000579">Mr. Gallagher</cosponsor>, <cosponsor name-id="C001059">Mr. Costa</cosponsor>, <cosponsor name-id="W000804">Mr. Wittman</cosponsor>, <cosponsor name-id="G000558">Mr. Guthrie</cosponsor>, <cosponsor name-id="K000392">Mr. Kustoff</cosponsor>, <cosponsor name-id="D000594">Ms. De La Cruz</cosponsor>, and <cosponsor name-id="P000616">Mr. Phillips</cosponsor>) submitted the following concurrent resolution; which was referred to the <committee-name committee-id="HRU00">Committee on Rules</committee-name></action-desc></action><legis-type>CONCURRENT RESOLUTION</legis-type><official-title display="yes">Providing for a joint hearing of the Committees on the Budget of the House of Representatives and the Senate to receive a presentation from the Comptroller General of the United States regarding the audited financial statement of the executive branch.</official-title></form><resolution-body style="OLC" id="HA3BF52B84E6C4D8DB90EAD60CA6D485F"> 
<section id="H9496B06A8680427D8615EA939B7EFD87" section-type="section-one"><enum>1.</enum><header>Short title</header><text display-inline="no-display-inline">This resolution may be cited as the <quote><short-title>Fiscal State of the Nation Resolution</short-title></quote>.</text></section> <section display-inline="no-display-inline" id="H13C2BFAF2084472A8066EBD21B96B20B" section-type="subsequent-section"><enum>2.</enum><header>Annual joint hearing of Budget Committees to receive a presentation by the Comptroller General</header> <subsection id="H514097830F1F466787CC9135B2BDEC49"><enum>(a)</enum><header>In general</header><text display-inline="yes-display-inline">Not later than 45 days (excluding Saturdays, Sundays, and holidays) after the date on which the Secretary of the Treasury submits to Congress the audited financial statement required under paragraph (1) of section 331(e) of title 31, United States Code, on a date agreed upon by the chairs of the Committees on the Budget of the House of Representatives and the Senate (hereafter referred to as the <quote>Budget Committees</quote>) and the Comptroller General of the United States, the chairs shall conduct a joint hearing to receive a presentation from the Comptroller General reviewing the findings of the audit required under paragraph (2) of such section and providing, with respect to the information included by the Secretary in the report accompanying such audited financial statement, an analysis of the financial position and condition of the Federal Government, including financial measures (such as the net operating cost, income, budget deficits, or budget surpluses) and sustainability measures (such as the long-term fiscal projection or social insurance projection) described in such report.</text></subsection>
<subsection id="H0E08679A209643149ADDCB78C0BA0BB5"><enum>(b)</enum><header>Presentation of statement in accordance with GAO Strategies and Means</header><text>The Comptroller General of the United States shall ensure that the presentation at the joint hearing conducted under subsection (a) is made in accordance with the Strategies and Means of the Government Accountability Office, so that the presentation will provide professional, objective, fact-based, nonpartisan, nonideological, fair, and balanced information to the members attending the hearing.</text></subsection> <subsection id="HA5F3F824186F43CB92707917F7EB0FE5"><enum>(c)</enum><header>Rules applicable to hearing</header> <paragraph id="H0BE47A861C4F4B369E7751029B517581"><enum>(1)</enum><header>In general</header><text>The joint hearing conducted by the chairs of Budget Committees under subsection (a) shall be conducted in accordance with the Rules of the House of Representatives and the applicable Standing Rules of the Senate which apply to such a hearing, including the provisions requiring hearings conducted by committees to be open to the public, including to radio, television, and still photography coverage.</text></paragraph>
<paragraph id="HE69063C243144B92B9094115F6FB1BF8"><enum>(2)</enum><header>Permitting participation by Senators and Members not serving on Budget Committees</header><text display-inline="yes-display-inline">Notwithstanding any provision of the Rules of the House of Representatives or the Standing Rules of the Senate, any Senator and any Member of the House of Representatives (including a Delegate or Resident Commissioner to the Congress) may participate in the joint hearing in the same manner and to the same extent as a Senator or Member of the House of Representatives who is a member of either of the Budget Committees.</text></paragraph></subsection> <subsection id="HCD866F4D2A834786A295B2D6EFED3C09"><enum>(d)</enum><header>Effective date</header><text>The requirement under subsection (a) shall apply with respect to any audited financial statement submitted on or after the date of the enactment of this resolution.</text></subsection></section> 
</resolution-body></resolution>

