<?xml version="1.0"?>
<?xml-stylesheet type="text/xsl" href="billres.xsl"?>
<!DOCTYPE resolution PUBLIC "-//US Congress//DTDs/res.dtd//EN" "res.dtd">
<resolution resolution-stage="Introduced-in-House" dms-id="H0867836B236848BC83DBA857B848B110" public-private="public" resolution-type="house-concurrent" star-print="no-star-print" key="H"><metadata xmlns:dc="http://purl.org/dc/elements/1.1/">
<dublinCore>
<dc:title>118 HCON 34 IH: Expressing disapproval of the withdrawal by the Secretary of the Interior of approximately 225,504 acres of National Forest System lands in Cook, Lake, and Saint Louis Counties, Minnesota, from disposition under the United States mineral and geothermal leasing laws.</dc:title>
<dc:publisher>U.S. House of Representatives</dc:publisher>
<dc:date>2023-04-25</dc:date>
<dc:format>text/xml</dc:format>
<dc:language>EN</dc:language>
<dc:rights>Pursuant to Title 17 Section 105 of the United States Code, this file is not subject to copyright protection and is in the public domain.</dc:rights>
</dublinCore>
</metadata>
<form>
<distribution-code display="yes">IV</distribution-code><congress display="yes">118th CONGRESS</congress><session display="yes">1st Session</session><legis-num display="yes">H. CON. RES. 34</legis-num><current-chamber>IN THE HOUSE OF REPRESENTATIVES</current-chamber><action display="yes"><action-date date="20230425">April 25, 2023</action-date><action-desc><sponsor name-id="S001212">Mr. Stauber</sponsor> submitted the following concurrent resolution; which was referred to the <committee-name committee-id="HII00">Committee on Natural Resources</committee-name></action-desc></action><legis-type>CONCURRENT RESOLUTION</legis-type><official-title display="yes">Expressing disapproval of the withdrawal by the Secretary of the Interior of approximately 225,504 acres of National Forest System lands in Cook, Lake, and Saint Louis Counties, Minnesota, from disposition under the United States mineral and geothermal leasing laws.</official-title></form><preamble> 
<whereas><text>Whereas the Property Clause of the Constitution (article IV, section 3, clause 2) vests in Congress the power to make needful rules and regulations respecting the property belonging to the United States;</text></whereas> <whereas><text>Whereas section 204(c) of the Federal Land Policy and Management Act of 1976 (<external-xref legal-doc="usc" parsable-cite="usc/43/1714">43 U.S.C. 1714(c)</external-xref>) provides that a withdrawal by the Secretary of the Interior of 5,000 acres or more shall terminate and become ineffective <quote>if the Congress has adopted a concurrent resolution stating that such House does not approve the withdrawal</quote>; and</text></whereas> 
<whereas><text>Whereas, on January 31, 2023, the Secretary of the Interior issued Public Land Order No. 7917 (88 Fed. Reg. 6308) that withdrew approximately 225,504 acres of National Forest System land in Cook, Lake, and Saint Louis Counties, Minnesota, from disposition under the United States mineral and geothermal leasing laws: Now, therefore, be it</text></whereas></preamble><resolution-body style="traditional" id="H6129981ABF5149749036950F15C23749"> <section display-inline="yes-display-inline" section-type="undesignated-section" id="HC408DCB6561A4FFABC23836181F09E43"><text display-inline="yes-display-inline">That Congress disapproves of the withdrawal by the Secretary of the Interior of approximately 225,504 acres of National Forest System lands in Cook, Lake, and Saint Louis Counties, Minnesota, from disposition under the United States mineral and geothermal leasing laws.</text></section> 
</resolution-body></resolution>

