<?xml version="1.0"?>
<?xml-stylesheet type="text/xsl" href="billres.xsl"?>
<!DOCTYPE resolution PUBLIC "-//US Congress//DTDs/res.dtd//EN" "res.dtd">
<resolution resolution-stage="Introduced-in-House" dms-id="H44A98B2FE0D346E3B5B4428D9CD14454" public-private="public" resolution-type="house-concurrent" star-print="no-star-print" key="H">
<metadata xmlns:dc="http://purl.org/dc/elements/1.1/">
<dublinCore>
<dc:title>118 HCON 29 IH: Condemning the Russian Federation’s kidnapping of Ukrainian children.</dc:title>
<dc:publisher>U.S. House of Representatives</dc:publisher>
<dc:date>2023-03-28</dc:date>
<dc:format>text/xml</dc:format>
<dc:language>EN</dc:language>
<dc:rights>Pursuant to Title 17 Section 105 of the United States Code, this file is not subject to copyright protection and is in the public domain.</dc:rights>
</dublinCore>
</metadata>
<form>
<distribution-code display="yes">IV</distribution-code>
<congress display="yes">118th CONGRESS</congress>
<session display="yes">1st Session</session>
<legis-num display="yes">H. CON. RES. 29</legis-num>
<current-chamber>IN THE HOUSE OF REPRESENTATIVES</current-chamber>
<action display="yes">
<action-date date="20230328">March 28, 2023</action-date>
<action-desc><sponsor name-id="B001298">Mr. Bacon</sponsor> (for himself, <cosponsor name-id="M000194">Ms. Mace</cosponsor>, <cosponsor name-id="M001206">Mr. Morelle</cosponsor>, <cosponsor name-id="P000613">Mr. Panetta</cosponsor>, <cosponsor name-id="L000564">Mr. Lamborn</cosponsor>, <cosponsor name-id="L000578">Mr. LaMalfa</cosponsor>, <cosponsor name-id="R000606">Mr. Raskin</cosponsor>, <cosponsor name-id="D000399">Mr. Doggett</cosponsor>, and <cosponsor name-id="F000466">Mr. Fitzpatrick</cosponsor>) submitted the following concurrent resolution; which was referred to the <committee-name committee-id="HFA00">Committee on Foreign Affairs</committee-name></action-desc>
</action>
<legis-type>CONCURRENT RESOLUTION</legis-type>
<official-title display="yes">Condemning the Russian Federation’s kidnapping of Ukrainian children.</official-title>
</form>
<preamble>
<whereas><text>Whereas, on February 24, 2022, the Russian Federation invaded the sovereign State of Ukraine in violation of international law;</text></whereas> <whereas><text>Whereas Russian troops have since committed horrendous atrocities and human rights violations;</text></whereas>
<whereas><text>Whereas, as of March 2023, the Russian Government has kidnapped and removed tens of thousands of innocent children from their homes in Ukraine;</text></whereas> <whereas><text>Whereas the Russian Government continues to falsely claim that the parents and families of these exploited children are dead;</text></whereas>
<whereas><text>Whereas the Russian Government is actively transporting these kidnapped children to <quote>reeducation camps</quote> and remote areas like Murmansk, Kamchatka, and the North Korean border where they have created dozens of new <quote>child custody centers</quote>;</text></whereas> <whereas><text>Whereas, rather than a humanitarian project as Russia claims, these reeducation camps are designed to brainwash the young and malleable minds of children into supporting the horrors being committed in Ukraine and into supporting the empire of evil President Vladimir Putin seeks to construct by any means necessary;</text></whereas>
<whereas><text>Whereas this practice is in direct contradiction to any standard of reasonableness and civility;</text></whereas> <whereas><text>Whereas this practice was employed by dictator Adolf Hitler;</text></whereas>
<whereas><text>Whereas this practice was employed by dictator Joseph Stalin;</text></whereas> <whereas><text>Whereas this practice was employed by dictator Mao Zedong;</text></whereas>
<whereas><text>Whereas this practice was employed by dictator Pol Pot;</text></whereas> <whereas><text>Whereas this practice was employed by dictator Augusto Pinochet;</text></whereas>
<whereas><text>Whereas this practice is historically associated with sadistic tyrants and dictators who pose a threat to humanity, world peace, prosperity, and human rights; and</text></whereas> <whereas><text>Whereas children everywhere should be protected against all forms of neglect, cruelty, and exploitation: Now, therefore, be it</text></whereas></preamble>
<resolution-body style="traditional" id="H291B97F3712D420BAAA59DAE3FB2BC5D">
<section id="H241C577C5FCC48EBA1204AA9CBD5659D" section-type="undesignated-section" display-inline="yes-display-inline"><enum/><text display-inline="yes-display-inline">That Congress—</text> <paragraph id="H8FF5D360A0654279B5F8FB218F58A719"><enum>(1)</enum><text>condemns in the strongest possible terms the Russian Federation’s abduction of innocent children from their families in Ukraine and relocation to reeducation camps where they are indoctrinated, abused, and exploited;</text></paragraph>
<paragraph id="H3735C2C2AF2F452DB5A171E985488888"><enum>(2)</enum><text>rebukes every other nation that provides aid and support to the Russian Federation’s kidnapping enterprise; </text></paragraph> <paragraph id="H0516E55C99F342F6A09638EB8A1BF667"><enum>(3)</enum><text>condemns forced adoption of Ukrainian children by Russian citizens contrary to international intercountry adoption norms and the Hague Convention governing intercountry adoption; and</text></paragraph>
<paragraph id="H155A7242FC0746B598C9BB6CBCF1F179"><enum>(4)</enum><text>implores the Russian Federation to work with international human rights and children welfare organizations to ensure the return of Ukrainian children to their home country at the earliest available opportunity.</text></paragraph></section> </resolution-body> </resolution> 

