<?xml version="1.0"?>
<?xml-stylesheet type="text/xsl" href="billres.xsl"?>
<!DOCTYPE resolution PUBLIC "-//US Congress//DTDs/res.dtd//EN" "res.dtd">
<resolution resolution-stage="Enrolled-Bill" dms-id="HB1AD4681CF0D4AE5B3F7C4E770274CBE" public-private="public" resolution-type="house-concurrent" star-print="no-star-print" key="H" stage-count="1"> 
<metadata xmlns:dc="http://purl.org/dc/elements/1.1/">
<dublinCore>
<dc:title> HCON 35 ENR: Authorizing the use of Emancipation Hall in the Capitol Visitor Center for an event to celebrate a King Kamehameha Day Lei Draping Ceremony.</dc:title>
<dc:publisher>U.S. House of Representatives</dc:publisher>
<dc:date>2023-05-11</dc:date>
<dc:format>text/xml</dc:format>
<dc:language>EN</dc:language>
<dc:rights>Pursuant to Title 17 Section 105 of the United States Code, this file is not subject to copyright protection and is in the public domain.</dc:rights>
</dublinCore>
</metadata>
<form>
<distribution-code display="no">IV</distribution-code> 
<congress display="yes">One Hundred Eighteenth Congress of the United States of America</congress> 
<session display="yes">At the First Session</session><enrolled-dateline>Begun and held at the City of Washington on Tuesday, the third day of January, two thousand and twenty-three</enrolled-dateline> 
<legis-num display="yes">H. CON. RES. 35</legis-num> 
<current-chamber display="no"></current-chamber>
<action>
<action-date date="20230511">May 11, 2023</action-date>
<action-desc>Agreed to</action-desc>
</action> 
<legis-type>CONCURRENT RESOLUTION</legis-type> 
<official-title display="no">Authorizing the use of Emancipation Hall in the Capitol Visitor Center for an event to celebrate a King Kamehameha Day Lei Draping Ceremony.</official-title> 
</form> 
<resolution-body style="OLC" id="H0ADDD98B9DF740C7A3AE6F0640017B8B"> 
<section commented="no" display-inline="no-display-inline" id="HF5EAEFB767B2467FA56D6EF8F546F65C" section-type="section-one"><enum>1.</enum><header display-inline="yes-display-inline">Use of Emancipation Hall for Event to Celebrate a King Kamehameha Day Lei Draping Ceremony</header> 
<subsection commented="no" display-inline="no-display-inline" id="H71365F8E29514CA8A9FCA91965504CA4"><enum>(a)</enum><header display-inline="yes-display-inline">Authorization</header><text display-inline="yes-display-inline">Emancipation Hall in the Capitol Visitor Center is authorized to be used on June 11, 2023, for an event to celebrate a King Kamehameha Day Lei Draping Ceremony.</text></subsection> <subsection commented="no" display-inline="no-display-inline" id="H092F2950FE1845BCA5946F1D0C8B2976"><enum>(b)</enum><header display-inline="yes-display-inline">Preparations</header><text display-inline="yes-display-inline">Physical preparations for the conduct of the event described in subsection (a) shall be carried out in accordance with such conditions as may be prescribed by the Architect of the Capitol.</text></subsection></section> 
</resolution-body> 
<attestation><attestation-group><role>Clerk of the House of Representatives.</role></attestation-group><attestation-group><role>Secretary of the Senate.</role></attestation-group></attestation>
</resolution> 


