<?xml version="1.0"?>
<?xml-stylesheet type="text/xsl" href="billres.xsl"?>
<!DOCTYPE resolution PUBLIC "-//US Congress//DTDs/res.dtd//EN" "res.dtd">
<resolution dms-id="HB722CAF1F46B4CC8AE8260D8C895AFF3" public-private="public" resolution-stage="Enrolled-Bill" resolution-type="house-concurrent" star-print="no-star-print" key="H" stage-count="1"> 
<metadata xmlns:dc="http://purl.org/dc/elements/1.1/">
<dublinCore>
<dc:title> HCON 11 ENR: Providing for a joint session of Congress to receive a message from the President.</dc:title>
<dc:publisher>U.S. House of Representatives</dc:publisher>
<dc:date>2023-02-02</dc:date>
<dc:format>text/xml</dc:format>
<dc:language>EN</dc:language>
<dc:rights>Pursuant to Title 17 Section 105 of the United States Code, this file is not subject to copyright protection and is in the public domain.</dc:rights>
</dublinCore>
</metadata>
<form>
<distribution-code display="no">IV</distribution-code> 
<congress display="yes">One Hundred Eighteenth Congress of the United States of America</congress> 
<session display="yes">At the First Session</session><enrolled-dateline>Begun and held at the City of Washington on Tuesday, the third day of January, two thousand and twenty-three</enrolled-dateline> 
<legis-num>H. CON. RES. 11</legis-num> 
<current-chamber display="no"></current-chamber>
<action>
<action-date date="20230202">February 2, 2023</action-date>
<action-desc>Agreed to</action-desc>
</action> 
<legis-type>CONCURRENT RESOLUTION</legis-type> 
<official-title display="no">Providing for a joint session of Congress to receive a message from the President.</official-title> 
</form> 
<resolution-body style="traditional" id="H28B438B1264F426B86DA612CDF32653E"> 
<section display-inline="yes-display-inline" section-type="undesignated-section" id="H2444DD6600A64650A46D343AB3530E70"><text>That the two Houses of Congress assemble in the Hall of the House of Representatives on Tuesday, February 7, 2023, at 9 p.m., for the purpose of receiving such communication as the President of the United States shall be pleased to make to them.</text></section> </resolution-body> <attestation><attestation-group><role>Clerk of the House of Representatives.</role></attestation-group><attestation-group><role>Secretary of the Senate.</role></attestation-group></attestation> </resolution> 

