<?xml version="1.0"?>
<?xml-stylesheet type="text/xsl" href="billres.xsl"?>
<!DOCTYPE resolution PUBLIC "-//US Congress//DTDs/res.dtd//EN" "res.dtd">
<resolution resolution-stage="Referred-in-Senate" dms-id="H3B1244C928134AE488F52EEAC921AA47" public-private="public" resolution-type="house-concurrent" star-print="no-star-print" key="G" stage-count="1"><metadata xmlns:dc="http://purl.org/dc/elements/1.1/">
<dublinCore>
<dc:title>118 HCON 57 : Expressing the sense of Congress supporting the State of Israel.</dc:title>
<dc:publisher>U.S. House of Representatives</dc:publisher>
<dc:date>2023-07-19</dc:date>
<dc:format>text/xml</dc:format>
<dc:language>EN</dc:language>
<dc:rights>Pursuant to Title 17 Section 105 of the United States Code, this file is not subject to copyright protection and is in the public domain.</dc:rights>
</dublinCore>
</metadata>
<form>
<distribution-code display="yes">IIB</distribution-code><congress display="yes">118th CONGRESS</congress><session display="yes">1st Session</session><legis-num display="yes">H. CON. RES. 57</legis-num><current-chamber>IN THE SENATE OF THE UNITED STATES</current-chamber><action><action-date date="20230719">July 19, 2023</action-date><action-desc>Received; and referred to the <committee-name committee-id="SSFR00">Committee on Foreign Relations</committee-name></action-desc></action><legis-type>CONCURRENT RESOLUTION</legis-type><official-title display="yes">Expressing the sense of Congress supporting the State of Israel.</official-title></form><resolution-body style="traditional" id="H3082B591F20B466ABEABD0356CA493CA"><section display-inline="yes-display-inline" section-type="undesignated-section" id="H90D4CE9352A64431B12CC705036152D7"><enum/><text>That it is the sense of Congress that—</text><paragraph id="H93A88001FBDE4089A1561731374DE6CB"><enum>(1)</enum><text display-inline="yes-display-inline">the State of Israel is not a racist or apartheid state;</text></paragraph><paragraph id="H75A058F2086D4B05A3FAA7045273A90E"><enum>(2)</enum><text>Congress rejects all forms of antisemitism and xenophobia; and<pagebreak></pagebreak></text></paragraph><paragraph id="HD20C1148527246D891D28344237E4A79"><enum>(3)</enum><text>the United States will always be a staunch partner and supporter of Israel.</text></paragraph></section></resolution-body><attestation><attestation-group><attestation-date date="20230718" chamber="House">Passed the House of Representatives July 18, 2023.</attestation-date><attestor display="yes">Kevin F. McCumber,</attestor><role>Clerk.</role></attestation-group></attestation></resolution> 

