<?xml version="1.0"?>
<?xml-stylesheet type="text/xsl" href="billres.xsl"?>
<!DOCTYPE resolution PUBLIC "-//US Congress//DTDs/res.dtd//EN" "res.dtd">
<resolution resolution-stage="Introduced-in-House" dms-id="HEB1CE43C10354CD194D3DEE30C655364" public-private="public" resolution-type="house-concurrent" star-print="no-star-print" key="H"><metadata xmlns:dc="http://purl.org/dc/elements/1.1/">
<dublinCore>
<dc:title>118 HCON 26 IH: Expressing the sense of Congress relating to nuclear power being a necessary clean baseload energy source to achieve a reliable, secure, and green electric grid.</dc:title>
<dc:publisher>U.S. House of Representatives</dc:publisher>
<dc:date>2023-03-17</dc:date>
<dc:format>text/xml</dc:format>
<dc:language>EN</dc:language>
<dc:rights>Pursuant to Title 17 Section 105 of the United States Code, this file is not subject to copyright protection and is in the public domain.</dc:rights>
</dublinCore>
</metadata>
<form>
<distribution-code display="yes">IV</distribution-code><congress display="yes">118th CONGRESS</congress><session display="yes">1st Session</session><legis-num display="yes">H. CON. RES. 26</legis-num><current-chamber>IN THE HOUSE OF REPRESENTATIVES</current-chamber><action display="yes"><action-date date="20230317">March 17, 2023</action-date><action-desc><sponsor name-id="D000032">Mr. Donalds</sponsor> (for himself, <cosponsor name-id="F000454">Mr. Foster</cosponsor>, <cosponsor name-id="F000459">Mr. Fleischmann</cosponsor>, <cosponsor name-id="C000537">Mr. Clyburn</cosponsor>, <cosponsor name-id="N000189">Mr. Newhouse</cosponsor>, <cosponsor name-id="M000194">Ms. Mace</cosponsor>, <cosponsor name-id="D000530">Mr. Deluzio</cosponsor>, <cosponsor name-id="S000168">Ms. Salazar</cosponsor>, <cosponsor name-id="N000026">Mr. Nehls</cosponsor>, <cosponsor name-id="E000246">Mr. Edwards</cosponsor>, <cosponsor name-id="L000596">Mrs. Luna</cosponsor>, <cosponsor name-id="W000828">Mr. Williams of New York</cosponsor>, <cosponsor name-id="L000564">Mr. Lamborn</cosponsor>, and <cosponsor name-id="K000398">Mr. Kean of New Jersey</cosponsor>) submitted the following concurrent resolution; which was referred to the <committee-name committee-id="HIF00">Committee on Energy and Commerce</committee-name></action-desc></action><legis-type>CONCURRENT RESOLUTION</legis-type><official-title display="yes">Expressing the sense of Congress relating to nuclear power being a necessary clean baseload energy source to achieve a reliable, secure, and green electric grid.</official-title></form><resolution-body style="traditional" id="H11E2979A7C5F489EBA7E01787636ABBE"> 
<section display-inline="yes-display-inline" section-type="undesignated-section" id="H744E9521A3E64EAB80307DCB5ABEAC1D"><text display-inline="yes-display-inline">That it is the sense of Congress that in order to achieve geopolitical energy leadership, reduce carbon emissions, and secure American energy independence, Congress is committed to embracing and accepting nuclear power as a clean baseload energy source that is easily compatible with other intermittent energy sources and necessary to achieve a reliable, secure, and green electric grid.</text></section> </resolution-body></resolution>

