<?xml version="1.0"?>
<?xml-stylesheet type="text/xsl" href="billres.xsl"?>
<!DOCTYPE resolution PUBLIC "-//US Congress//DTDs/res.dtd//EN" "res.dtd">
<resolution resolution-stage="Reported-in-House" dms-id="HBF572B5F5B0642C0BA5A596F019D54EC" public-private="public" resolution-type="house-concurrent" star-print="no-star-print" key="H"><metadata xmlns:dc="http://purl.org/dc/elements/1.1/">
<dublinCore>
<dc:title>118 HCON 17 RH: Expressing the sense of Congress that the Federal Government should not impose any restrictions on the export of crude oil or other petroleum products.</dc:title>
<dc:publisher>U.S. House of Representatives</dc:publisher>
<dc:date>2023-03-23</dc:date>
<dc:format>text/xml</dc:format>
<dc:language>EN</dc:language>
<dc:rights>Pursuant to Title 17 Section 105 of the United States Code, this file is not subject to copyright protection and is in the public domain.</dc:rights>
</dublinCore>
</metadata>
<form>
<distribution-code display="yes">IV</distribution-code><calendar display="yes">House Calendar No. 9</calendar><congress display="yes">118th CONGRESS</congress><session display="yes">1st Session</session><legis-num display="yes">H. CON. RES. 17</legis-num><associated-doc role="report" display="yes">[Report No. 118–27]</associated-doc><current-chamber>IN THE HOUSE OF REPRESENTATIVES</current-chamber><action display="yes"><action-date date="20230217">February 17, 2023</action-date><action-desc><sponsor name-id="G000558">Mr. Guthrie</sponsor> submitted the following concurrent resolution; which was referred to the <committee-name committee-id="HIF00">Committee on Energy and Commerce</committee-name></action-desc></action><action display="yes"><action-date date="20230323">March 23, 2023</action-date><action-desc>Additional sponsors: <cosponsor name-id="D000615">Mr. Duncan</cosponsor>, <cosponsor name-id="J000302">Mr. Joyce of Pennsylvania</cosponsor>, <cosponsor name-id="B001306">Mr. Balderson</cosponsor>, <cosponsor name-id="P000609">Mr. Palmer</cosponsor>, <cosponsor name-id="P000048">Mr. Pfluger</cosponsor>, <cosponsor name-id="B001275">Mr. Bucshon</cosponsor>, <cosponsor name-id="C001114">Mr. Curtis</cosponsor>, <cosponsor name-id="C001120">Mr. Crenshaw</cosponsor>, and <cosponsor name-id="L000589">Mrs. Lesko</cosponsor></action-desc></action><action display="yes"><action-date date="20230323">March 23, 2023</action-date><action-desc>Reported with an amendment, referred to the House Calendar, and ordered to be printed</action-desc><action-instruction>Strike all after the resolving clause and insert the part printed in italic</action-instruction><action-instruction>For text of introduced resolution, see copy of resolution as introduced on February 17, 2023</action-instruction></action><legis-type>CONCURRENT RESOLUTION</legis-type><official-title display="yes">Expressing the sense of Congress that the Federal Government should not impose any restrictions on the export of crude oil or other petroleum products.</official-title></form><preamble changed="added"><whereas changed="added" reported-display-style="italic" committee-id="HIF00"><text>Whereas the United States has enjoyed a renaissance in energy production, with the expansion of domestic crude oil and other petroleum product production contributing to enhanced energy security and significant economic benefits to the national economy;</text></whereas><whereas changed="added" reported-display-style="italic"><text>Whereas, in 2015, Congress recognized the need to adapt to changing crude oil market conditions and repealed all restrictions on the export of crude oil on a bipartisan basis;</text></whereas><whereas changed="added" reported-display-style="italic" committee-id="HIF00"><text>Whereas section 101 of title I of division O of the Consolidated Appropriations Act, 2016 (<external-xref legal-doc="usc" parsable-cite="usc/42/6212a">42 U.S.C. 6212a</external-xref>) established the national policy on oil export restriction, prohibiting any official of the Federal Government from imposing or enforcing any restrictions on the export of crude oil with limited exceptions, including a savings clause maintaining the authority to prohibit exports under any provision of law that imposes sanctions on a foreign person or foreign government (including any provision of law that prohibits or restricts United States persons from engaging in a transaction with a sanctioned person or government), including a foreign government that is designated as a state sponsor of terrorism; </text></whereas><whereas changed="added" reported-display-style="italic" committee-id="HIF00"><text>Whereas lifting the restrictions on crude oil exports encouraged additional domestic energy production, created American jobs and economic development, and allowed the United States to emerge as the leading oil producer in the world;</text></whereas><whereas changed="added" reported-display-style="italic" committee-id="HIF00"><text>Whereas, in 2019, the United States became a net exporter of petroleum products for the first time since 1952, and the reliance of the United States on foreign imports of petroleum products has declined to historic lows; and</text></whereas><whereas changed="added" reported-display-style="italic" committee-id="HIF00"><text>Whereas free trade, open markets, and competition have contributed to the rise of the United States as a global energy superpower: Now, therefore, be it</text></whereas></preamble><resolution-body changed="added" style="traditional" committee-id="HIF00" reported-display-style="italic" id="H92160B4569D243918E3F459C4AC32446"><section display-inline="yes-display-inline" section-type="undesignated-section" id="H2029CF101B644ECC80DB8B73A4BC00BC"><enum/><text display-inline="yes-display-inline">That it is the sense of Congress that the Federal Government should not impose—</text><paragraph id="H885DFBCC5FC44D39B08748EB347D1589"><enum>(1)</enum><text>overly restrictive regulations on the exploration, production, or marketing of energy resources; or</text></paragraph><paragraph id="HD415E06B98B541A7B1F54B948D22F873"><enum>(2)</enum><text>any restrictions on the export of crude oil or other petroleum products under the Energy Policy and Conservation Act (<external-xref legal-doc="usc" parsable-cite="usc/42/6201">42 U.S.C. 6201 et seq.</external-xref>), except with respect to the export of crude oil or other petroleum products to a foreign person or foreign government subject to sanctions under any provision of United States law, including to a country the government of which is designated as a state sponsor of terrorism.</text></paragraph></section></resolution-body><endorsement><action-date date="20230323">March 23, 2023</action-date><action-desc>Reported with an amendment, referred to the House Calendar, and ordered to be printed</action-desc></endorsement></resolution> 

