<?xml version="1.0"?>
<?xml-stylesheet type="text/xsl" href="billres.xsl"?>
<!DOCTYPE resolution PUBLIC "-//US Congress//DTDs/res.dtd//EN" "res.dtd">
<resolution resolution-stage="Introduced-in-House" dms-id="HA9FD8CE0CE454016A98FDD6E187466DD" public-private="public" resolution-type="house-concurrent" star-print="no-star-print" key="H"><metadata xmlns:dc="http://purl.org/dc/elements/1.1/">
<dublinCore>
<dc:title>118 HCON 8 IH: Establishing the Task Force on the Legislative Process.</dc:title>
<dc:publisher>U.S. House of Representatives</dc:publisher>
<dc:date>2023-01-11</dc:date>
<dc:format>text/xml</dc:format>
<dc:language>EN</dc:language>
<dc:rights>Pursuant to Title 17 Section 105 of the United States Code, this file is not subject to copyright protection and is in the public domain.</dc:rights>
</dublinCore>
</metadata>
<form>
<distribution-code display="yes">IV</distribution-code><congress display="yes">118th CONGRESS</congress><session display="yes">1st Session</session><legis-num display="yes">H. CON. RES. 8</legis-num><current-chamber>IN THE HOUSE OF REPRESENTATIVES</current-chamber><action display="yes"><action-date date="20230111">January 11, 2023</action-date><action-desc><sponsor name-id="W000788">Ms. Williams of Georgia</sponsor> (for herself, <cosponsor name-id="T000480">Mr. Timmons</cosponsor>, and <cosponsor name-id="K000381">Mr. Kilmer</cosponsor>) submitted the following concurrent resolution; which was referred to the <committee-name committee-id="HRU00">Committee on Rules</committee-name></action-desc></action><legis-type>CONCURRENT RESOLUTION</legis-type><official-title display="yes">Establishing the Task Force on the Legislative Process.</official-title></form><resolution-body style="OLC" id="HB6D5F71F4ADE4FE0BEC72FF033718C77"><section id="H05102CFB50C447FCB1E81B263E561D44" section-type="section-one"><enum>1.</enum><header>Purpose</header><text display-inline="no-display-inline">The purpose of this concurrent resolution is to implement the 131st recommendation of the Select Committee on the Modernization of Congress, passed by the Select Committee during the 117th Congress, to create a Task Force on the Legislative Process that analyzes the range of legislative processes by which, if adopted by both Houses, each House would provide expedited consideration of legislation that was passed by the other House with wide and bipartisan support.</text></section><section id="H2CE173FD586540F099F2A09C25826B47"><enum>2.</enum><header>Establishment of Task Force</header><subsection id="H11AF8E10B4E14B63AD443FC6673DAEB4"><enum>(a)</enum><header>Establishment; purpose</header><text display-inline="yes-display-inline">There is hereby established the Task Force on the Legislative Process (hereafter referred to as the <quote>Task Force</quote>) whose purpose shall be to analyze the range of options for bicameral legislation expedition.</text></subsection><subsection id="H2457104B5F2D4C0DBBAAE1F5F5F1CF51"><enum>(b)</enum><header>Definition</header><text display-inline="yes-display-inline">In this concurrent resolution, the term <term>bicameral legislation expedition</term> means any legislative process by which each House of Congress jointly provides for expedited consideration of legislation which was passed by the other House by unanimous consent, by voice vote, or with the approval of not fewer than <fraction>2/3</fraction> of the members voting.</text></subsection></section><section id="H8EFDE70FB4DA472EACA2AA96AFD76EA7"><enum>3.</enum><header>Membership</header><subsection id="H715191030E09421F90BEBB8856BA0510"><enum>(a)</enum><header>Composition</header><text display-inline="yes-display-inline">The Task Force shall be composed of 12 members appointed as follows:</text><paragraph id="H9663D3840D444D2B90E549B54789DE4B"><enum>(1)</enum><text>The Speaker of the House of Representatives shall appoint 3 individuals who are Members of the House of Representatives, of whom at least one shall be a majority member of the Committee on Rules of the House.</text></paragraph><paragraph id="HA102AC34D0EC4A218D50755AC2277879"><enum>(2)</enum><text>The minority leader of the House shall appoint 3 individuals who are Members of the House of Representatives, of whom at least one shall be a minority member of the Committee on Rules of the House.</text></paragraph><paragraph id="HE9DC653C6FFF4B1CA34A1131F01DD9F0"><enum>(3)</enum><text>The majority leader of the Senate shall appoint 3 individuals who are Members of the Senate, of whom at least one shall be a majority member of the Committee on Rules and Administration of the Senate.</text></paragraph><paragraph id="H83CADCC7275048F5B984F970399AC701"><enum>(4)</enum><text display-inline="yes-display-inline">The minority leader of the Senate shall appoint 3 individuals who are Members of the Senate, of whom at least one shall be a minority member of the Committee on Rules and Administration of the Senate.</text></paragraph></subsection><subsection id="H3FDD6BA799C24D0E9E4D997446305FAD"><enum>(b)</enum><header>Co-Chairs</header><text>The Speaker, minority leader of the House, majority leader of the Senate, and minority leader of the Senate shall jointly select 2 of the members of the Task Force to serve as co-chairs of the Task Force.</text></subsection><subsection id="HC29BEDF2947A4EC48B327F30B03E76CE"><enum>(c)</enum><header>Vacancies</header><text>A vacancy in the membership of the Task Force shall be filled in the same manner as the original appointment.</text></subsection><subsection id="H6A14CF811A9843F9903AF3925796DB55"><enum>(d)</enum><header>Inclusion of Delegates and Resident Commissioner</header><text>For purposes of this section, a <quote>Member</quote> of the House of Representatives includes a Delegate or Resident Commissioner to the Congress.</text></subsection></section><section id="H20178096FC0D4163AF255EDCD6A2502D"><enum>4.</enum><header>Duties</header><subsection id="HE337F460B2584032A4B3F15A2C94330A"><enum>(a)</enum><header>Procedures</header><text>The Task Force shall establish a process to solicit information, input, and legislative proposals which are directly related to the purpose of the Task Force under section 2.</text></subsection><subsection id="H7E6D86F6342F475183EE4C2B8D3A54F6"><enum>(b)</enum><header>Report</header><paragraph id="H9833D289781F4DC0BB47C0D814B7CCE2"><enum>(1)</enum><header>Contents</header><text>The Task Force shall issue a report to the Speaker of the House, the minority leader of the House, the majority leader of the Senate, the minority leader of the Senate, the Committee on Rules of the House of Representatives, and the Committee on Rules and Administration of the Senate, and shall include in the report—</text><subparagraph id="H6E03DEDA0A4A43FF81F0EAD17A93C3F0"><enum>(A)</enum><text>an analysis of the range of options for bicameral legislation expedition; and</text></subparagraph><subparagraph id="H943941086AAF4CD2B6CFE40571475017"><enum>(B)</enum><text>any recommendations relating to bicameral legislation expedition which are approved by not fewer than 9 of its members.</text></subparagraph></paragraph><paragraph id="HE5571E635291434BA631CC8C7C34BC53"><enum>(2)</enum><header>Deadline</header><text display-inline="yes-display-inline">The Task Force shall issue the report required under paragraph (1) not later than one year after the date of the adoption of this concurrent resolution.</text></paragraph></subsection><subsection id="H667547B06D714B04BA1B3BBD2ECD8C3B"><enum>(c)</enum><header>Use of staff</header><text>The Task Force may use the services of staff of the House and Senate to assist it in carrying out its duties.</text></subsection></section><section id="HF2AF769C09E8471F8A1B1A6AB014ED76"><enum>5.</enum><header>Posting of proposals by Committees</header><text display-inline="no-display-inline">Upon receiving the report issued by the Task Force under section 4(b), the Committee on Rules of the House of Representatives and the Committee on Rules and Administration of the Senate shall each publicly post the report on a public page of its website.</text></section><section id="H221B78E3B7614C95B25FDBB5BE5270DB"><enum>6.</enum><header>Termination</header><subsection id="H8D46FC4302D841D4871F148501EFB516"><enum>(a)</enum><header>In general</header><text display-inline="yes-display-inline">The Task Force shall terminate upon issuing the report required under section 4(b).</text></subsection><subsection id="H16FF524BBFCC44C790F0877BB5A06884"><enum>(b)</enum><header>Disposition of records</header><text display-inline="yes-display-inline">Upon its termination, the records of the Task Force shall be transferred to, and shall become part of, the records of the Committee on Rules of the House of Representatives and the Committee on Rules and Administration of the Senate.</text></subsection></section></resolution-body></resolution> 

