<?xml version="1.0"?>
<?xml-stylesheet type="text/xsl" href="billres.xsl"?>
<!DOCTYPE resolution PUBLIC "-//US Congress//DTDs/res.dtd//EN" "res.dtd">
<resolution resolution-stage="Introduced-in-House" dms-id="H6E8E5DC44B3549258B724368FF5CB639" public-private="public" resolution-type="house-concurrent" star-print="no-star-print" key="H"><metadata xmlns:dc="http://purl.org/dc/elements/1.1/">
<dublinCore>
<dc:title>118 HCON 21 IH: Directing the President, pursuant to section 5(c) of the War Powers Resolution, to remove the United States Armed Forces from Syria.</dc:title>
<dc:publisher>U.S. House of Representatives</dc:publisher>
<dc:date>2023-03-01</dc:date>
<dc:format>text/xml</dc:format>
<dc:language>EN</dc:language>
<dc:rights>Pursuant to Title 17 Section 105 of the United States Code, this file is not subject to copyright protection and is in the public domain.</dc:rights>
</dublinCore>
</metadata>
<form>
<distribution-code display="yes">IV</distribution-code><congress display="yes">118th CONGRESS</congress><session display="yes">1st Session</session><legis-num display="yes">H. CON. RES. 21</legis-num><current-chamber>IN THE HOUSE OF REPRESENTATIVES</current-chamber><action display="yes"><action-date date="20230301">March 1, 2023</action-date><action-desc><sponsor name-id="G000578">Mr. Gaetz</sponsor> submitted the following concurrent resolution; which was referred to the <committee-name committee-id="HFA00">Committee on Foreign Affairs</committee-name></action-desc></action><legis-type>CONCURRENT RESOLUTION</legis-type><official-title display="yes">Directing the President, pursuant to section 5(c) of the War Powers Resolution, to remove the United States Armed Forces from Syria.</official-title></form><resolution-body style="traditional" id="HE6A2AE0A46834C3BAA35031D0D9AB3EB"> 
<section display-inline="yes-display-inline" section-type="undesignated-section" id="HB98FCF3B58CD45DD9AE211AF18A5B0A9"><text>That, pursuant to section 5(c) of the War Powers Resolution (<external-xref legal-doc="usc" parsable-cite="usc/50/1544">50 U.S.C. 1544(c)</external-xref>), Congress directs the President to remove the United States Armed Forces from Syria by not later than the date that is 180 days after the date of the adoption of this concurrent resolution.</text></section> </resolution-body></resolution>

