<?xml version="1.0"?>
<?xml-stylesheet type="text/xsl" href="billres.xsl"?>
<!DOCTYPE resolution PUBLIC "-//US Congress//DTDs/res.dtd//EN" "res.dtd">
<resolution resolution-stage="Introduced-in-House" dms-id="H9D8741E8AB3F40C0B0256EB6042452A6" public-private="public" resolution-type="house-concurrent" star-print="no-star-print" key="H">
<metadata xmlns:dc="http://purl.org/dc/elements/1.1/">
<dublinCore>
<dc:title>118 HCON 13 IH: Supporting the Local Radio Freedom Act.</dc:title>
<dc:publisher>U.S. House of Representatives</dc:publisher>
<dc:date>2023-02-06</dc:date>
<dc:format>text/xml</dc:format>
<dc:language>EN</dc:language>
<dc:rights>Pursuant to Title 17 Section 105 of the United States Code, this file is not subject to copyright protection and is in the public domain.</dc:rights>
</dublinCore>
</metadata>
<form>
<distribution-code display="yes">IV</distribution-code>
<congress display="yes">118th CONGRESS</congress>
<session display="yes">1st Session</session>
<legis-num display="yes">H. CON. RES. 13</legis-num>
<current-chamber>IN THE HOUSE OF REPRESENTATIVES</current-chamber>
<action display="yes">
<action-date date="20230206">February 6, 2023</action-date>
<action-desc><sponsor name-id="W000809">Mr. Womack</sponsor> (for himself, <cosponsor name-id="C001066">Ms. Castor of Florida</cosponsor>, <cosponsor name-id="A000369">Mr. Amodei</cosponsor>, <cosponsor name-id="A000375">Mr. Arrington</cosponsor>, <cosponsor name-id="B001298">Mr. Bacon</cosponsor>, <cosponsor name-id="B001306">Mr. Balderson</cosponsor>, <cosponsor name-id="B001282">Mr. Barr</cosponsor>, <cosponsor name-id="B001281">Mrs. Beatty</cosponsor>, <cosponsor name-id="B001257">Mr. Bilirakis</cosponsor>, <cosponsor name-id="B001295">Mr. Bost</cosponsor>, <cosponsor name-id="B001296">Mr. Boyle of Pennsylvania</cosponsor>, <cosponsor name-id="B001260">Mr. Buchanan</cosponsor>, <cosponsor name-id="B001275">Mr. Bucshon</cosponsor>, <cosponsor name-id="B001315">Ms. Budzinski</cosponsor>, <cosponsor name-id="C000059">Mr. Calvert</cosponsor>, <cosponsor name-id="C001126">Mr. Carey</cosponsor>, <cosponsor name-id="C001054">Mr. Carl</cosponsor>, <cosponsor name-id="C001072">Mr. Carson</cosponsor>, <cosponsor name-id="C001051">Mr. Carter of Texas</cosponsor>, <cosponsor name-id="C001116">Mr. Clyde</cosponsor>, <cosponsor name-id="C001053">Mr. Cole</cosponsor>, <cosponsor name-id="C001108">Mr. Comer</cosponsor>, <cosponsor name-id="C001059">Mr. Costa</cosponsor>, <cosponsor name-id="C001069">Mr. Courtney</cosponsor>, <cosponsor name-id="C001087">Mr. Crawford</cosponsor>, <cosponsor name-id="C001063">Mr. Cuellar</cosponsor>, <cosponsor name-id="D000629">Ms. Davids of Kansas</cosponsor>, <cosponsor name-id="D000626">Mr. Davidson</cosponsor>, <cosponsor name-id="D000594">Ms. De La Cruz</cosponsor>, <cosponsor name-id="D000624">Mrs. Dingell</cosponsor>, <cosponsor name-id="D000032">Mr. Donalds</cosponsor>, <cosponsor name-id="D000615">Mr. Duncan</cosponsor>, <cosponsor name-id="E000071">Mr. Ellzey</cosponsor>, <cosponsor name-id="E000294">Mr. Emmer</cosponsor>, <cosponsor name-id="E000296">Mr. Evans</cosponsor>, <cosponsor name-id="E000235">Mr. Ezell</cosponsor>, <cosponsor name-id="F000246">Mr. Fallon</cosponsor>, <cosponsor name-id="F000446">Mr. Feenstra</cosponsor>, <cosponsor name-id="F000475">Mr. Finstad</cosponsor>, <cosponsor name-id="F000466">Mr. Fitzpatrick</cosponsor>, <cosponsor name-id="F000474">Mr. Flood</cosponsor>, <cosponsor name-id="F000450">Ms. Foxx</cosponsor>, <cosponsor name-id="F000472">Mr. C. Scott Franklin of Florida</cosponsor>, <cosponsor name-id="F000478">Mr. Fry</cosponsor>, <cosponsor name-id="G000579">Mr. Gallagher</cosponsor>, <cosponsor name-id="G000061">Mr. Mike Garcia of California</cosponsor>, <cosponsor name-id="G000592">Mr. Golden of Maine</cosponsor>, <cosponsor name-id="G000581">Mr. Vicente Gonzalez of Texas</cosponsor>, <cosponsor name-id="G000377">Ms. Granger</cosponsor>, <cosponsor name-id="G000546">Mr. Graves of Missouri</cosponsor>, <cosponsor name-id="G000596">Ms. Greene of Georgia</cosponsor>, <cosponsor name-id="G000576">Mr. Grothman</cosponsor>, <cosponsor name-id="G000591">Mr. Guest</cosponsor>, <cosponsor name-id="H001096">Ms. Hageman</cosponsor>, <cosponsor name-id="H001072">Mr. Hill</cosponsor>, <cosponsor name-id="H001085">Ms. Houlahan</cosponsor>, <cosponsor name-id="H001067">Mr. Hudson</cosponsor>, <cosponsor name-id="H001058">Mr. Huizenga</cosponsor>, <cosponsor name-id="H001095">Mr. Hunt</cosponsor>, <cosponsor name-id="J000292">Mr. Johnson of Ohio</cosponsor>, <cosponsor name-id="J000299">Mr. Johnson of Louisiana</cosponsor>, <cosponsor name-id="J000302">Mr. Joyce of Pennsylvania</cosponsor>, <cosponsor name-id="K000009">Ms. Kaptur</cosponsor>, <cosponsor name-id="K000398">Mr. Kean of New Jersey</cosponsor>, <cosponsor name-id="K000375">Mr. Keating</cosponsor>, <cosponsor name-id="K000376">Mr. Kelly of Pennsylvania</cosponsor>, <cosponsor name-id="K000388">Mr. Kelly of Mississippi</cosponsor>, <cosponsor name-id="K000381">Mr. Kilmer</cosponsor>, <cosponsor name-id="K000394">Mr. Kim of New Jersey</cosponsor>, <cosponsor name-id="K000382">Ms. Kuster</cosponsor>, <cosponsor name-id="L000585">Mr. LaHood</cosponsor>, <cosponsor name-id="L000578">Mr. LaMalfa</cosponsor>, <cosponsor name-id="L000557">Mr. Larson of Connecticut</cosponsor>, <cosponsor name-id="L000566">Mr. Latta</cosponsor>, <cosponsor name-id="L000266">Mr. LaTurner</cosponsor>, <cosponsor name-id="L000595">Ms. Letlow</cosponsor>, <cosponsor name-id="L000562">Mr. Lynch</cosponsor>, <cosponsor name-id="M000194">Ms. Mace</cosponsor>, <cosponsor name-id="M001156">Mr. McHenry</cosponsor>, <cosponsor name-id="M001204">Mr. Meuser</cosponsor>, <cosponsor name-id="M001194">Mr. Moolenaar</cosponsor>, <cosponsor name-id="M001196">Mr. Moulton</cosponsor>, <cosponsor name-id="M001214">Mr. Mrvan</cosponsor>, <cosponsor name-id="M001210">Mr. Murphy</cosponsor>, <cosponsor name-id="N000026">Mr. Nehls</cosponsor>, <cosponsor name-id="N000189">Mr. Newhouse</cosponsor>, <cosponsor name-id="N000190">Mr. Norman</cosponsor>, <cosponsor name-id="P000615">Mr. Pence</cosponsor>, <cosponsor name-id="P000048">Mr. Pfluger</cosponsor>, <cosponsor name-id="P000616">Mr. Phillips</cosponsor>, <cosponsor name-id="P000599">Mr. Posey</cosponsor>, <cosponsor name-id="R000600">Mrs. Radewagen</cosponsor>, <cosponsor name-id="R000395">Mr. Rogers of Kentucky</cosponsor>, <cosponsor name-id="R000103">Mr. Rosendale</cosponsor>, <cosponsor name-id="S001177">Mr. Sablan</cosponsor>, <cosponsor name-id="S001190">Mr. Schneider</cosponsor>, <cosponsor name-id="S001157">Mr. David Scott of Georgia</cosponsor>, <cosponsor name-id="S000250">Mr. Sessions</cosponsor>, <cosponsor name-id="S001185">Ms. Sewell</cosponsor>, <cosponsor name-id="S001207">Ms. Sherrill</cosponsor>, <cosponsor name-id="S001148">Mr. Simpson</cosponsor>, <cosponsor name-id="S001172">Mr. Smith of Nebraska</cosponsor>, <cosponsor name-id="S001218">Ms. Stansbury</cosponsor>, <cosponsor name-id="S001212">Mr. Stauber</cosponsor>, <cosponsor name-id="T000478">Ms. Tenney</cosponsor>, <cosponsor name-id="T000165">Mr. Tiffany</cosponsor>, <cosponsor name-id="T000480">Mr. Timmons</cosponsor>, <cosponsor name-id="V000129">Mr. Valadao</cosponsor>, <cosponsor name-id="V000134">Ms. Van Duyne</cosponsor>, <cosponsor name-id="V000131">Mr. Veasey</cosponsor>, <cosponsor name-id="W000812">Mrs. Wagner</cosponsor>, <cosponsor name-id="W000798">Mr. Walberg</cosponsor>, <cosponsor name-id="W000814">Mr. Weber of Texas</cosponsor>, <cosponsor name-id="W000815">Mr. Wenstrup</cosponsor>, <cosponsor name-id="W000821">Mr. Westerman</cosponsor>, <cosponsor name-id="W000804">Mr. Wittman</cosponsor>, <cosponsor name-id="Z000018">Mr. Zinke</cosponsor>, <cosponsor name-id="S000522">Mr. Smith of New Jersey</cosponsor>, and <cosponsor name-id="J000304">Mr. Jackson of Texas</cosponsor>) submitted the following concurrent resolution; which was referred to the <committee-name committee-id="HJU00">Committee on the Judiciary</committee-name></action-desc>
</action>
<legis-type>CONCURRENT RESOLUTION</legis-type>
<official-title display="yes">Supporting the Local Radio Freedom Act.</official-title>
</form>
<preamble> 
<whereas><text>Whereas the United States enjoys broadcasting and sound recording industries that are the envy of the world, due to the symbiotic relationship that has existed among these industries for many decades;</text> </whereas> <whereas><text>Whereas, for nearly a century, Congress has rejected repeated calls by the recording industry to impose a performance fee on local radio stations for simply playing music on the radio and upsetting the mutually beneficial relationship between local radio and the recording industry;</text> </whereas> 
<whereas><text>Whereas local radio stations provide free publicity and promotion to the recording industry and performers of music in the form of radio air play, interviews with performers, introduction of new performers, concert promotions, and publicity that promotes the sale of music, concert tickets, ring tones, music videos and associated merchandise;</text> </whereas> <whereas><text>Whereas Congress found that <quote>the sale of many sound recordings and the careers of many performers benefited considerably from airplay and other promotional activities provided by both noncommercial and advertiser-supported, free over-the-air broadcasting</quote>;</text> </whereas> 
<whereas><text>Whereas local radio broadcasters provide tens of thousands of hours of essential local news and weather information during times of national emergencies and natural disasters, as well as public affairs programming, sports, and hundreds of millions of dollars of time for public service announcements and local fundraising efforts for worthy charitable causes, all of which are jeopardized if local radio stations are forced to divert revenues to pay for a new performance fee;</text> </whereas> <whereas><text>Whereas there are many thousands of local radio stations that will suffer severe economic hardship if any new performance fee is imposed, as will many other small businesses that play music including bars, restaurants, retail establishments, sports and other entertainment venues, shopping centers and transportation facilities; and</text> </whereas> 
<whereas><text>Whereas the hardship that would result from a new performance fee would hurt American businesses, and ultimately the American consumers who rely on local radio for news, weather, and entertainment; and such a performance fee is not justified when the current system has produced the most prolific and innovative broadcasting, music, and sound recording industries in the world: Now, therefore, be it</text> </whereas></preamble> <resolution-body style="traditional" id="HFBD9B72958AB42D7B10463E26C99E6F2"> <section display-inline="yes-display-inline" section-type="undesignated-section" id="H45B8A8B9562C46469F99D313E52660B9"><text>That Congress should not impose any new performance fee, tax, royalty, or other charge relating to the public performance of sound recordings on a local radio station for broadcasting sound recordings over the air, or on any business for such public performance of sound recordings.</text></section> 
</resolution-body>
</resolution> 


