<?xml version="1.0"?>
<?xml-stylesheet type="text/xsl" href="billres.xsl"?>
<!DOCTYPE resolution PUBLIC "-//US Congress//DTDs/res.dtd//EN" "res.dtd">
<resolution resolution-stage="Received-in-Senate" dms-id="H970D375873114BE280DF12063902CBC9" public-private="public" resolution-type="house-concurrent" star-print="no-star-print" key="G" stage-count="1"><metadata xmlns:dc="http://purl.org/dc/elements/1.1/">
<dublinCore>
<dc:title>118 HCON 15 : Authorizing the use of the Capitol Grounds for the National Peace Officers Memorial Service and the National Honor Guard and Pipe Band Exhibition.</dc:title>
<dc:publisher>U.S. House of Representatives</dc:publisher>
<dc:date>2023-03-28</dc:date>
<dc:format>text/xml</dc:format>
<dc:language>EN</dc:language>
<dc:rights>Pursuant to Title 17 Section 105 of the United States Code, this file is not subject to copyright protection and is in the public domain.</dc:rights>
</dublinCore>
</metadata>
<form>
<distribution-code display="yes">III</distribution-code><congress display="yes">118th CONGRESS</congress><session display="yes">1st Session</session><legis-num display="yes">H. CON. RES. 15</legis-num><current-chamber>IN THE SENATE OF THE UNITED STATES</current-chamber><action><action-date date="20230328">March 28, 2023</action-date><action-desc>Received</action-desc></action><legis-type>CONCURRENT RESOLUTION</legis-type><official-title display="yes">Authorizing the use of the Capitol Grounds for the National Peace Officers Memorial Service and the National Honor Guard and Pipe Band Exhibition.</official-title></form><resolution-body style="OLC" id="H132B431DBAF7459491C7B2B12F42EC02"><section id="H1F9A96096ABE4B4A9B5D956D64812920" section-type="section-one"><enum>1.</enum><header>Use of the Capitol Grounds for National Peace Officers Memorial Service</header><subsection id="HC321B4F75EEA4AC2B0BFDE805ACD291D"><enum>(a)</enum><header>In general</header><text>The Grand Lodge of the Fraternal Order of Police and its auxiliary shall be permitted to sponsor a public event, the 42d Annual National Peace<pagebreak></pagebreak> Officers Memorial Service (in this resolution referred to as the <quote>Memorial Service</quote>), on the Capitol Grounds, in order to honor the law enforcement officers who died in the line of duty during 2022.</text></subsection><subsection id="H2BBF77AB03A04E08B4A8BEBD76D55126"><enum>(b)</enum><header>Date of Memorial Service</header><text>The Memorial Service shall be held on May 15, 2023, or on such other date as the Speaker of the House of Representatives and the Committee on Rules and Administration of the Senate jointly designate, with preparation for the event to begin on May 10, 2023, and takedown completed on May 16, 2023.</text></subsection></section><section id="HF99995A7FDAB44AD88CB85930CB46D29"><enum>2.</enum><header>Use of the Capitol Grounds for National Honor Guard and Pipe Band Exhibition</header><subsection id="H33D35C2D495445249B5A60B7B663479B"><enum>(a)</enum><header>In general</header><text>The Grand Lodge of the Fraternal Order of Police and its auxiliary shall be permitted to sponsor a public event, the National Honor Guard and Pipe Band Exhibition (in this resolution referred to as the <quote>Exhibition</quote>), on the Capitol Grounds, in order to allow law enforcement representatives to exhibit their ability to demonstrate Honor Guard programs and provide for a bagpipe exhibition.</text></subsection><subsection id="H18A1DEAFEC03485F9606F812C850E5AE"><enum>(b)</enum><header>Date of Exhibition</header><text>The Exhibition shall be held on May 14, 2023, or on such other date as the Speaker of the House of Representatives and the Committee on Rules and Administration of the Senate jointly designate.</text></subsection></section><section id="H3B9B5EE7F50A4F0086261A39FCC2F158"><enum>3.</enum><header>Terms and conditions</header><subsection id="H56559604930E48EDB493CA6C288EB885"><enum>(a)</enum><header>In general</header><text>Under conditions to be prescribed by the Architect of the Capitol and the Capitol Police Board, the event shall be—</text><paragraph id="HAD68D94FA7DA40F8AB8BB48CE9E641BC"><enum>(1)</enum><text>free of admission charge and open to the public; and</text></paragraph><paragraph id="HFAF7C168B8A04FDCAA876A94E99417B8"><enum>(2)</enum><text>arranged not to interfere with the needs of Congress.</text></paragraph></subsection><subsection id="HB727544CE74E44DC8F6E95CDA215C53B"><enum>(b)</enum><header>Expenses and liabilities</header><text>The sponsors of the Memorial Service and Exhibition shall assume full responsibility for all expenses and liabilities incident to all activities associated with the events.</text></subsection></section><section id="H31428C0A66E64A60B76D8F5B8F76EE4C"><enum>4.</enum><header>Event preparations</header><text display-inline="no-display-inline">Subject to the approval of the Architect of the Capitol, the sponsors referred to in section 3(b) are authorized to erect upon the Capitol Grounds such stage, sound amplification devices, and other related structures and equipment, as may be required for the Memorial Service and Exhibition.</text></section><section id="H4A055DA0452E4AC384B65CC67C603C35"><enum>5.</enum><header>Enforcement of restrictions</header><text display-inline="no-display-inline">The Capitol Police Board shall provide for enforcement of the restrictions contained in section 5104(c) of title 40, United States Code, concerning sales, advertisements, displays, and solicitations on the Capitol Grounds, as well as other restrictions applicable to the Capitol Grounds, in connection with the events.</text></section></resolution-body><attestation><attestation-group><attestation-date date="20230327" chamber="House">Passed the House of Representatives March 27, 2023.</attestation-date><attestor display="yes">Cheryl L. Johnson,</attestor><role>Clerk.</role></attestation-group></attestation></resolution> 

