<?xml version="1.0"?>
<?xml-stylesheet type="text/xsl" href="billres.xsl"?>
<!DOCTYPE resolution PUBLIC "-//US Congress//DTDs/res.dtd//EN" "res.dtd">
<resolution resolution-stage="Introduced-in-House" dms-id="H2FC1F995A0634991BE86050223BFFA12" public-private="public" resolution-type="house-concurrent" star-print="no-star-print" key="H"><metadata xmlns:dc="http://purl.org/dc/elements/1.1/">
<dublinCore>
<dc:title>118 HCON 10 IH: Expressing the sense of Congress that the United States should resume normal diplomatic relations with Taiwan, negotiate a bilateral free trade agreement with Taiwan, and support Taiwan’s membership in international organizations.</dc:title>
<dc:publisher>U.S. House of Representatives</dc:publisher>
<dc:date>2023-01-25</dc:date>
<dc:format>text/xml</dc:format>
<dc:language>EN</dc:language>
<dc:rights>Pursuant to Title 17 Section 105 of the United States Code, this file is not subject to copyright protection and is in the public domain.</dc:rights>
</dublinCore>
</metadata>
<form>
<distribution-code display="yes">IV</distribution-code><congress display="yes">118th CONGRESS</congress><session display="yes">1st Session</session><legis-num display="yes">H. CON. RES. 10</legis-num><current-chamber>IN THE HOUSE OF REPRESENTATIVES</current-chamber><action display="yes"><action-date date="20230125">January 25, 2023</action-date><action-desc><sponsor name-id="T000165">Mr. Tiffany</sponsor> (for himself, <cosponsor name-id="P000605">Mr. Perry</cosponsor>, <cosponsor name-id="D000032">Mr. Donalds</cosponsor>, <cosponsor name-id="S001135">Mrs. Steel</cosponsor>, <cosponsor name-id="N000190">Mr. Norman</cosponsor>, <cosponsor name-id="O000175">Mr. Ogles</cosponsor>, <cosponsor name-id="L000578">Mr. LaMalfa</cosponsor>, <cosponsor name-id="O000086">Mr. Owens</cosponsor>, <cosponsor name-id="G000595">Mr. Good of Virginia</cosponsor>, <cosponsor name-id="W000814">Mr. Weber of Texas</cosponsor>, <cosponsor name-id="L000266">Mr. LaTurner</cosponsor>, <cosponsor name-id="M000317">Ms. Malliotakis</cosponsor>, <cosponsor name-id="D000616">Mr. DesJarlais</cosponsor>, <cosponsor name-id="G000589">Mr. Gooden of Texas</cosponsor>, <cosponsor name-id="C001103">Mr. Carter of Georgia</cosponsor>, <cosponsor name-id="M000194">Ms. Mace</cosponsor>, <cosponsor name-id="M001136">Mrs. McClain</cosponsor>, <cosponsor name-id="C001120">Mr. Crenshaw</cosponsor>, and <cosponsor name-id="M001177">Mr. McClintock</cosponsor>) submitted the following concurrent resolution; which was referred to the <committee-name committee-id="HFA00">Committee on Foreign Affairs</committee-name>, and in addition to the Committee on <committee-name committee-id="HWM00">Ways and Means</committee-name>, for a period to be subsequently determined by the Speaker, in each case for consideration of such provisions as fall within the jurisdiction of the committee concerned</action-desc></action><legis-type>CONCURRENT RESOLUTION</legis-type><official-title display="yes">Expressing the sense of Congress that the United States should resume normal diplomatic relations with Taiwan, negotiate a bilateral free trade agreement with Taiwan, and support Taiwan&#8217;s membership in international organizations.</official-title></form><preamble>
<whereas><text>Whereas the people of Taiwan have established a free, open, pluralistic, and democratic society;</text></whereas> <whereas><text>Whereas the people of Taiwan have conducted 7 democratic Presidential elections yielding 3 peaceful transfers of power, successive parliamentary elections, multiple nationwide referenda, and numerous local elections;</text></whereas>
<whereas><text>Whereas Taiwan and its outlying islands have never been under the jurisdiction or control of the Communist regime in Beijing, which continues to illegitimately claim sovereignty over Taiwan and its people;</text></whereas> <whereas><text>Whereas Communist China has weaponized the so-called <quote>One China Policy</quote> to block Taiwan’s membership and full participation in international organizations and events ranging from the United Nations and the World Health Organization to the Olympic Games;</text></whereas>
<whereas><text>Whereas the so-called <quote>One China Policy</quote> is obsolete, does not serve the people of Taiwan or the United States, and fails to reflect the obvious reality that Taiwan has been a sovereign and independent country for over 70 years;</text></whereas> <whereas><text>Whereas Taiwan maintains diplomatic, cultural, and economic links with several countries around the world, demonstrating its clear and indisputable independence from the People’s Republic of China;</text></whereas>
<whereas><text>Whereas Taiwan and the United States maintained normal diplomatic relations and a Mutual Defense Treaty until President Carter abruptly abandoned both without the approval of Congress in 1979;</text></whereas> <whereas><text>Whereas Congress responded by adopting the landmark, bipartisan Taiwan Relations Act, codifying in law the basis for continued friendly relations between the people of the United States and Taiwan;</text></whereas>
<whereas><text>Whereas former President Reagan strengthened ties with Taiwan by issuing the <quote>Six Assurances</quote>, noting that <quote>The United States has not altered its position regarding sovereignty over Taiwan</quote>, underscoring that Communist Chinese claims of sovereignty over Taiwan have never been accepted by the United States;</text></whereas> <whereas><text>Whereas former President Clinton declared <quote>that the issues between Beijing and Taiwan must be resolved peacefully and with the assent of the people of Taiwan</quote>;</text></whereas>
<whereas><text>Whereas President Trump approved the sale of defense articles to Taiwan and signed bipartisan legislation allowing for expanded high-level exchanges and cooperation between Taiwanese and American officials; and</text></whereas> <whereas><text>Whereas Taiwan remains a steadfast ally of the United States and a responsible and conscientious member of the international community: Now, therefore, be it</text></whereas></preamble><resolution-body style="traditional" id="H23AE263B824F4502B5A4C8D3309F521D"> 
<section display-inline="yes-display-inline" section-type="undesignated-section" id="H313C838A0BF3484D860E6122C291911A"><text>That—</text> <paragraph id="HA3521927C5924A72A826C437FB314196"><enum>(1)</enum><text>the United States commends the people of Taiwan for their commitment to democracy, civil liberties, and human rights; and</text></paragraph>
<paragraph id="H0899BAB461F14A42855F302E83D2E3E8"><enum>(2)</enum><text>it is the sense of Congress that—</text> <subparagraph id="H4588ADC9BAB74E4FB4988DF6F5E1BBA1"><enum>(A)</enum><text display-inline="yes-display-inline">the President should abandon the antiquated <quote>One China Policy</quote> in favor of a policy that recognizes the objective reality that Taiwan is an independent country not governed by or included within the territory of the People’s Republic of China;</text></subparagraph>
<subparagraph id="H482A4F20F0C44FB598A9A6663BA8EAF6"><enum>(B)</enum><text display-inline="yes-display-inline">the President should recognize the legitimacy of the democratically elected National Government in Taipei, normalize diplomatic relations between our two nations, appoint a United States ambassador to Taiwan, and receive a Taiwanese ambassador to the United States;</text></subparagraph> <subparagraph id="HDDC1E625C7E44299A074395B60ACAAB2"><enum>(C)</enum><text display-inline="yes-display-inline">the President should rescind arbitrary agency guidelines that restrict normal communication and interaction between United States and Taiwanese officials;</text></subparagraph>
<subparagraph id="H3D3C254158D041708058DF8A07C86F8D"><enum>(D)</enum><text display-inline="yes-display-inline">the United States Trade Representative should initiate formal negotiations with Taiwan on the establishment of a United States-Taiwan Free Trade Agreement; and</text></subparagraph> <subparagraph id="HD098A0240DA64F2C9A8F89335031D14B"><enum>(E)</enum><text>the President, the Permanent Representative of the United States to the United Nations, and other relevant United States officials should take steps to advocate for Taiwan’s full membership in the United Nations and other international organizations in which the United States is a member.</text></subparagraph></paragraph></section> 
</resolution-body></resolution>

