<?xml version="1.0"?>
<?xml-stylesheet type="text/xsl" href="billres.xsl"?>
<!DOCTYPE resolution PUBLIC "-//US Congress//DTDs/res.dtd//EN" "res.dtd">
<resolution resolution-stage="Introduced-in-House" dms-id="HCC6E6671684B43F2A21C9D160966B32D" public-private="public" resolution-type="house-concurrent" star-print="no-star-print" key="H"><metadata xmlns:dc="http://purl.org/dc/elements/1.1/">
<dublinCore>
<dc:title>118 HCON 3 IH: Expressing the sense of Congress condemning the recent attacks on pro-life facilities, groups, and churches.</dc:title>
<dc:publisher>U.S. House of Representatives</dc:publisher>
<dc:date>2023-01-09</dc:date>
<dc:format>text/xml</dc:format>
<dc:language>EN</dc:language>
<dc:rights>Pursuant to Title 17 Section 105 of the United States Code, this file is not subject to copyright protection and is in the public domain.</dc:rights>
</dublinCore>
</metadata>
<form>
<distribution-code display="yes">IV</distribution-code><congress display="yes">118th CONGRESS</congress><session display="yes">1st Session</session><legis-num display="yes">H. CON. RES. 3</legis-num><current-chamber>IN THE HOUSE OF REPRESENTATIVES</current-chamber><action display="yes"><action-date date="20230109">January 9, 2023</action-date><action-desc><sponsor name-id="J000299">Mr. Johnson of Louisiana</sponsor> (for himself, <cosponsor name-id="S001196">Ms. Stefanik</cosponsor>, <cosponsor name-id="B001297">Mr. Buck</cosponsor>, <cosponsor name-id="B001311">Mr. Bishop of North Carolina</cosponsor>, <cosponsor name-id="G000578">Mr. Gaetz</cosponsor>, <cosponsor name-id="F000471">Mr. Fitzgerald</cosponsor>, <cosponsor name-id="M001195">Mr. Mooney</cosponsor>, <cosponsor name-id="M001199">Mr. Mast</cosponsor>, <cosponsor name-id="C001054">Mr. Carl</cosponsor>, <cosponsor name-id="G000591">Mr. Guest</cosponsor>, <cosponsor name-id="G000576">Mr. Grothman</cosponsor>, <cosponsor name-id="H001067">Mr. Hudson</cosponsor>, <cosponsor name-id="W000815">Mr. Wenstrup</cosponsor>, <cosponsor name-id="J000301">Mr. Johnson of South Dakota</cosponsor>, <cosponsor name-id="F000469">Mr. Fulcher</cosponsor>, <cosponsor name-id="R000610">Mr. Reschenthaler</cosponsor>, <cosponsor name-id="H001086">Mrs. Harshbarger</cosponsor>, <cosponsor name-id="W000812">Mrs. Wagner</cosponsor>, <cosponsor name-id="L000566">Mr. Latta</cosponsor>, <cosponsor name-id="K000392">Mr. Kustoff</cosponsor>, <cosponsor name-id="M001212">Mr. Moore of Alabama</cosponsor>, <cosponsor name-id="S001212">Mr. Stauber</cosponsor>, <cosponsor name-id="C001116">Mr. Clyde</cosponsor>, <cosponsor name-id="M001211">Mrs. Miller of Illinois</cosponsor>, <cosponsor name-id="B001291">Mr. Babin</cosponsor>, <cosponsor name-id="C001120">Mr. Crenshaw</cosponsor>, <cosponsor name-id="C001103">Mr. Carter of Georgia</cosponsor>, <cosponsor name-id="M001210">Mr. Murphy</cosponsor>, <cosponsor name-id="M001184">Mr. Massie</cosponsor>, <cosponsor name-id="M001194">Mr. Moolenaar</cosponsor>, <cosponsor name-id="I000056">Mr. Issa</cosponsor>, <cosponsor name-id="T000478">Ms. Tenney</cosponsor>, <cosponsor name-id="K000376">Mr. Kelly of Pennsylvania</cosponsor>, <cosponsor name-id="M001177">Mr. McClintock</cosponsor>, <cosponsor name-id="F000465">Mr. Ferguson</cosponsor>, <cosponsor name-id="F000446">Mr. Feenstra</cosponsor>, <cosponsor name-id="B001299">Mr. Banks</cosponsor>, <cosponsor name-id="W000806">Mr. Webster of Florida</cosponsor>, <cosponsor name-id="F000246">Mr. Fallon</cosponsor>, <cosponsor name-id="T000165">Mr. Tiffany</cosponsor>, <cosponsor name-id="B001302">Mr. Biggs</cosponsor>, <cosponsor name-id="D000615">Mr. Duncan</cosponsor>, <cosponsor name-id="F000459">Mr. Fleischmann</cosponsor>, <cosponsor name-id="J000304">Mr. Jackson of Texas</cosponsor>, <cosponsor name-id="F000450">Ms. Foxx</cosponsor>, <cosponsor name-id="W000798">Mr. Walberg</cosponsor>, <cosponsor name-id="W000814">Mr. Weber of Texas</cosponsor>, <cosponsor name-id="S001189">Mr. Austin Scott of Georgia</cosponsor>, <cosponsor name-id="M000871">Mr. Mann</cosponsor>, <cosponsor name-id="A000055">Mr. Aderholt</cosponsor>, <cosponsor name-id="D000628">Mr. Dunn of Florida</cosponsor>, <cosponsor name-id="O000086">Mr. Owens</cosponsor>, <cosponsor name-id="S000522">Mr. Smith of New Jersey</cosponsor>, <cosponsor name-id="M001218">Mr. McCormick</cosponsor>, <cosponsor name-id="C001115">Mr. Cloud</cosponsor>, <cosponsor name-id="B001260">Mr. Buchanan</cosponsor>, <cosponsor name-id="B001306">Mr. Balderson</cosponsor>, <cosponsor name-id="G000558">Mr. Guthrie</cosponsor>, <cosponsor name-id="W000823">Mr. Waltz</cosponsor>, <cosponsor name-id="E000071">Mr. Ellzey</cosponsor>, <cosponsor name-id="G000595">Mr. Good of Virginia</cosponsor>, <cosponsor name-id="L000600">Mr. Langworthy</cosponsor>, <cosponsor name-id="L000266">Mr. LaTurner</cosponsor>, <cosponsor name-id="F000472">Mr. C. Scott Franklin of Florida</cosponsor>, <cosponsor name-id="F000478">Mr. Fry</cosponsor>, <cosponsor name-id="B001307">Mr. Baird</cosponsor>, <cosponsor name-id="L000595">Ms. Letlow</cosponsor>, <cosponsor name-id="H001052">Mr. Harris</cosponsor>, <cosponsor name-id="P000599">Mr. Posey</cosponsor>, <cosponsor name-id="M001136">Mrs. McClain</cosponsor>, <cosponsor name-id="H001093">Mrs. Houchin</cosponsor>, <cosponsor name-id="L000585">Mr. LaHood</cosponsor>, <cosponsor name-id="J000302">Mr. Joyce of Pennsylvania</cosponsor>, <cosponsor name-id="V000134">Ms. Van Duyne</cosponsor>, <cosponsor name-id="S000929">Mrs. Spartz</cosponsor>, <cosponsor name-id="W000795">Mr. Wilson of South Carolina</cosponsor>, <cosponsor name-id="M001156">Mr. McHenry</cosponsor>, <cosponsor name-id="M000194">Ms. Mace</cosponsor>, <cosponsor name-id="W000821">Mr. Westerman</cosponsor>, <cosponsor name-id="S001214">Mr. Steube</cosponsor>, <cosponsor name-id="H001072">Mr. Hill</cosponsor>, <cosponsor name-id="B000740">Mrs. Bice</cosponsor>, <cosponsor name-id="C001039">Mrs. Cammack</cosponsor>, <cosponsor name-id="R000612">Mr. Rose</cosponsor>, <cosponsor name-id="B001309">Mr. Burchett</cosponsor>, <cosponsor name-id="T000467">Mr. Thompson of Pennsylvania</cosponsor>, <cosponsor name-id="M001213">Mr. Moore of Utah</cosponsor>, <cosponsor name-id="M001204">Mr. Meuser</cosponsor>, <cosponsor name-id="A000375">Mr. Arrington</cosponsor>, <cosponsor name-id="G000589">Mr. Gooden of Texas</cosponsor>, <cosponsor name-id="M001205">Mrs. Miller of West Virginia</cosponsor>, <cosponsor name-id="S001195">Mr. Smith of Missouri</cosponsor>, <cosponsor name-id="B000825">Mrs. Boebert</cosponsor>, <cosponsor name-id="F000475">Mr. Finstad</cosponsor>, <cosponsor name-id="B001282">Mr. Barr</cosponsor>, <cosponsor name-id="G000596">Mrs. Greene of Georgia</cosponsor>, <cosponsor name-id="C001087">Mr. Crawford</cosponsor>, <cosponsor name-id="B001257">Mr. Bilirakis</cosponsor>, <cosponsor name-id="B001295">Mr. Bost</cosponsor>, <cosponsor name-id="T000480">Mr. Timmons</cosponsor>, <cosponsor name-id="M001224">Mr. Moran</cosponsor>, <cosponsor name-id="P000048">Mr. Pfluger</cosponsor>, <cosponsor name-id="B001301">Mr. Bergman</cosponsor>, <cosponsor name-id="E000298">Mr. Estes</cosponsor>, <cosponsor name-id="B001248">Mr. Burgess</cosponsor>, <cosponsor name-id="L000569">Mr. Luetkemeyer</cosponsor>, <cosponsor name-id="H001058">Mr. Huizenga</cosponsor>, <cosponsor name-id="Y000067">Mr. Yakym</cosponsor>, <cosponsor name-id="A000369">Mr. Amodei</cosponsor>, <cosponsor name-id="L000589">Mrs. Lesko</cosponsor>, <cosponsor name-id="H001077">Mr. Higgins of Louisiana</cosponsor>, <cosponsor name-id="H001096">Ms. Hageman</cosponsor>, and <cosponsor name-id="W000809">Mr. Womack</cosponsor>) submitted the following concurrent resolution; which was referred to the <committee-name committee-id="HJU00">Committee on the Judiciary</committee-name></action-desc></action><legis-type>CONCURRENT RESOLUTION</legis-type><official-title display="yes">Expressing the sense of Congress condemning the recent attacks on pro-life facilities, groups, and churches.</official-title></form><preamble><whereas><text>Whereas since the May 2, 2022, leak of the Supreme Court’s draft opinion in Dobbs v. Jackson Women’s Health Organization, individuals professing anti-life views have targeted, destroyed, or vandalized numerous pro-life facilities, groups, and even churches to further their radical cause;</text></whereas><whereas><text>Whereas, on June 24, 2022, the Supreme Court issued a final decision in Dobbs v. Jackson Women’s Health Organization, which upheld Mississippi’s pro-life law and overturned Roe v. Wade and Planned Parenthood of Southeastern Pennsylvania v. Casey;</text></whereas><whereas><text>Whereas, following the leak of the draft Dobbs decision, radical anti-life advocates initiated a pressure campaign designed to influence the Supreme Court’s opinion;</text></whereas><whereas><text>Whereas, following the leak and issuance of the Dobbs decision, radical anti-life advocates have defaced, vandalized, and caused destruction to over 100 pro-life facilities, groups, and churches;</text></whereas><whereas><text>Whereas, on May 3, 2022, individuals vandalized the Care Net Pregnancy Center in Frederick, Maryland, with pro-abortion graffiti, including the messages, <quote>not real clinic</quote>, <quote>end forced motherhood</quote>, and <quote>go to [Planned Parenthood] instead</quote>;</text></whereas><whereas><text>Whereas, on May 5, 2022, in Portland, Oregon, vandals smashed numerous windows and spray-painted graffiti on the Southeast Portland Pregnancy Resource Center;</text></whereas><whereas><text>Whereas, on May 7, 2022, activists vandalized a crisis pregnancy center in Denton, Texas, with the radical pro-abortion messages <quote>not a clinic</quote> and <quote>forced birth is murder</quote>;</text></whereas><whereas><text>Whereas, on May 7, 2022, in Fort Collins, Colorado, activists painted <quote>my body my choice</quote> on the doors of a Catholic parish;</text></whereas><whereas><text>Whereas, on May 8, 2022, Mother’s Day, individuals attempted to break into the Oregon Right to Life office in Keizer, Oregon, reportedly igniting and throwing 2 Molotov cocktails at the building;</text></whereas><whereas><text>Whereas, on May 8, 2022, vandals spray-painted pro-abortion messages such as <quote>Abortion is a right</quote>, <quote>Fake clinic</quote>, and <quote>Liars</quote> on the side of a pro-life pregnancy center in Manassas, Virginia;</text></whereas><whereas><text>Whereas, on May 8, 2022, a pro-life nonprofit center in Madison, Wisconsin, was set ablaze and vandalized with the words, <quote>If abortions aren’t safe, then you aren’t either</quote>;</text></whereas><whereas><text>Whereas, on May 13, 2022, activists left <quote>threatening messages</quote> on the front of the Alpha Pregnancy Center in Reisterstown, Maryland, including the messages, <quote>if abortions aren’t safe, neither are you</quote>, <quote>you’re anti choice not pro life</quote>, <quote>not a clinic</quote>, and were signed <quote>Jane’s revenge</quote>;</text></whereas><whereas><text>Whereas, on May 18, 2022, vandals targeted a <quote>women’s faith-based medical clinic</quote> in Auburn, Alabama, defacing the clinic’s sign and staff members’ vehicles;</text></whereas><whereas><text>Whereas, on May 25, 2022, in Lynnwood, Washington, anti-life activists smashed windows and vandalized the Next Step Pregnancy Center with the threat, <quote>if abortion isn’t safe, you aren’t either</quote>;</text></whereas><whereas><text>Whereas, on June 2, 2022, Jane’s Revenge claimed credit for an attack in which its members broke windows and scrawled messages including <quote>God loves abortion</quote> and <quote>fake clinic</quote> at Agape Pregnancy Resource Center in Des Moines, Iowa;</text></whereas><whereas><text>Whereas, on June 3, 2022, the Capitol Hill Crisis Pregnancy Center in Washington, DC, was the target of left-wing abortion extremists who threw red paint on the door, threw eggs at the window, and spray-painted the building with <quote>Jane Says Revenge</quote>;</text></whereas><whereas><text>Whereas, on June 6, 2022, in Asheville, North Carolina, vandals broke windows and left graffiti on the Mountain Area Pregnancy Services building, including the messages, <quote>If abortions aren’t safe, neither are you</quote>, <quote>no forced birth</quote>, and an anarchist symbol;</text></whereas><whereas><text>Whereas, on June 7, 2022, reports indicate that an <quote>abortion terrorist group Jane’s Revenge</quote> firebombed the CompassCare pro-life pregnancy center in Amherst, New York;</text></whereas><whereas><text>Whereas, on June 10, 2022, in Philadelphia, Pennsylvania, vandals smashed the windows and graffitied the walls of HOPE Pregnancy Center;</text></whereas><whereas><text>Whereas, on June 19, 2022, in Redford Township, Michigan, individuals smashed the windows of the Pregnancy Counseling Center;</text></whereas><whereas><text>Whereas, on June 22, 2022, in Jackson, Michigan, vandals graffitied and smashed the windows of the office of Jackson Right to Life;</text></whereas><whereas><text>Whereas, on June 25, 2022, in Lynchburg, Virginia, anti-life activists vandalized the Blue Ridge Pregnancy Center;</text></whereas><whereas><text>Whereas, on June 25, 2022, in Paso Robles, California, vandals broke the windows and spray-painted the walls of Tree of Life Pregnancy Support Center;</text></whereas><whereas><text>Whereas, on June 25, 2022, radical leftist rioters breached the Arizona State Capitol, forcing legislators to evacuate the building;</text></whereas><whereas><text>Whereas, on June 25, 2022, in Cortez, Colorado, Heart to Heart Pregnancy Center was defaced with pro-abortion graffiti;</text></whereas><whereas><text>Whereas, on June 25, 2022, in Longmont, Colorado, vandals graffitied and set fire to the Life Choices Free Pregnancy Services;</text></whereas><whereas><text>Whereas, on June 26, 2022, in Winter Haven, Florida, anti-life activists destroyed security cameras and spray-painted the LifeChoice Pregnancy Center with threatening messages, including <quote>Your time is up</quote>, <quote>We’re coming for U</quote>, and <quote>Jane’s revenge</quote>;</text></whereas><whereas><text>Whereas, on July 2, 2022, in Hialeah, Florida, individuals vandalized the Pregnancy Medical Clinics with spray-paint, writing <quote>If abortions aren’t safe neither are you</quote> on the walls;</text></whereas><whereas><text>Whereas, on July 7, 2022, activists vandalized 2 pro-life pregnancy centers in Worcester, Massachusetts, hours after the State’s Attorney General issued a consumer advisory warning residents about such centers;</text></whereas><whereas><text>Whereas, between July 8 and 9, 2022, in Bethesda, Maryland, individuals either vandalized or set fire to 3 churches, causing physical damage to the churches and their properties, where 1 church faces approximately $50,000 in damages because of the vandalism;</text></whereas><whereas><text>Whereas, on July 11, 2022, activists vandalized the pro-life Women’s New Life Clinic in Baton Rouge, Louisiana, by spray-painting anti-life messages and <quote>Jane’s Revenge</quote> on its exterior walls;</text></whereas><whereas><text>Whereas, on August 1, 2022, in St. Paul, Minnesota, vandals broke doors and graffitied a pregnancy center, leaving messages such as <quote>if abortions aren’t safe, neither are you</quote>;</text></whereas><whereas><text>Whereas, on August 1, 2022, a Douglas County Church in Kansas City was vandalized with messages such as <quote>protect choice</quote>;</text></whereas><whereas><text>Whereas, on August 1, 2022, in Lawrence, Kansas, two churches were vandalized with spray painted messages such as <quote>vote no</quote>, <quote>protect choice</quote>, and <quote>no forced birth</quote> on their properties;</text></whereas><whereas><text>Whereas, on August 9, 2022, in Pocatello, Idaho, the Compassion and Hope Pregnancy Center was vandalized with messages including, <quote>forced birth center</quote>, <quote>God is a woman</quote>, and <quote>beware</quote>;</text></whereas><whereas><text>Whereas, on August 15, 2022, in Cuyahoga Falls, Ohio, a woman was accused of assault after throwing eggs and a dead raccoon at the Northeast Ohio Women’s Center;</text></whereas><whereas><text>Whereas, on August 18, 2022, anti-life extremists vandalized a pregnancy center in western Massachusetts with messages including <quote>Jane’s Revenge</quote> and <quote>if abortion isn’t safe neither are you</quote>;</text></whereas><whereas><text>Whereas, on September 16, 2022, in Southfield, Michigan, vandals broke a window and left graffitied messages including, <quote>Jane was here</quote> and <quote>if abortions aren’t safe, neither are you</quote> on a pregnancy counseling center;</text></whereas><whereas><text>Whereas, on October 8, 2022, security camera footage showed anti-life activists spray-painting the sidewalk of the Church of the Resurrection in Lansing, Michigan, with <quote>abort the court</quote> and <quote>death to Christian nationalism</quote>;</text></whereas><whereas><text>Whereas the Biden Administration has failed to take action to respond to the radical attacks on pro-life facilities, groups, and churches, or to protect the rights of these organizations; and</text></whereas><whereas><text>Whereas these attacks on pro-life facilities, groups, and churches have included vandalism, arson, incendiary graffiti, and other damage: Now, therefore, be it</text></whereas></preamble><resolution-body style="traditional" id="H5EC17078E189461AB6C3FEB995F05D52"><section display-inline="yes-display-inline" section-type="undesignated-section" id="HF575D32A1A1B42B8832A5EFA342B5F54"><enum/><text>That Congress— </text><paragraph id="H1953C7DDF7A642D0B3091207982828D7"><enum>(1)</enum><text>condemns recent attacks of vandalism, violence, and destruction against pro-life facilities, groups, and churches;</text></paragraph><paragraph id="HD810539334B74BFCA17DDD3C9FA8FD9C"><enum>(2)</enum><text>recognizes the sanctity of life and the important role pro-life facilities, groups, and churches play in supporting pregnant women, infants, and families; and</text></paragraph><paragraph id="H781F94C6723543E0A8FA2A9F5591419F"><enum>(3)</enum><text>calls upon the Biden Administration to use all appropriate law enforcement authorities to uphold public safety and to protect the rights of pro-life facilities, groups, and churches.</text></paragraph></section></resolution-body></resolution> 

