<?xml version="1.0"?>
<?xml-stylesheet type="text/xsl" href="billres.xsl"?>
<!DOCTYPE resolution PUBLIC "-//US Congress//DTDs/res.dtd//EN" "res.dtd">
<resolution resolution-stage="Introduced-in-House" dms-id="H33168B79BF9E45FA995BB6EF81A0D09A" public-private="public" resolution-type="house-concurrent" star-print="no-star-print" key="H"><metadata xmlns:dc="http://purl.org/dc/elements/1.1/">
<dublinCore>
<dc:title>118 HCON 22 IH: Recognizing the significance of equal pay and the disparity between wages paid to men and women.</dc:title>
<dc:publisher>U.S. House of Representatives</dc:publisher>
<dc:date>2023-03-09</dc:date>
<dc:format>text/xml</dc:format>
<dc:language>EN</dc:language>
<dc:rights>Pursuant to Title 17 Section 105 of the United States Code, this file is not subject to copyright protection and is in the public domain.</dc:rights>
</dublinCore>
</metadata>
<form>
<distribution-code display="yes">IV</distribution-code><congress display="yes">118th CONGRESS</congress><session display="yes">1st Session</session><legis-num display="yes">H. CON. RES. 22</legis-num><current-chamber>IN THE HOUSE OF REPRESENTATIVES</current-chamber><action display="yes"><action-date date="20230309">March 9, 2023</action-date><action-desc><sponsor name-id="F000462">Ms. Lois Frankel of Florida</sponsor> (for herself, <cosponsor name-id="D000216">Ms. DeLauro</cosponsor>, <cosponsor name-id="L000273">Ms. Leger Fernandez</cosponsor>, <cosponsor name-id="W000788">Ms. Williams of Georgia</cosponsor>, <cosponsor name-id="A000370">Ms. Adams</cosponsor>, <cosponsor name-id="A000148">Mr. Auchincloss</cosponsor>, <cosponsor name-id="B001318">Ms. Balint</cosponsor>, <cosponsor name-id="B001300">Ms. Barragán</cosponsor>, <cosponsor name-id="B001281">Mrs. Beatty</cosponsor>, <cosponsor name-id="B001292">Mr. Beyer</cosponsor>, <cosponsor name-id="B000490">Mr. Bishop of Georgia</cosponsor>, <cosponsor name-id="B000574">Mr. Blumenauer</cosponsor>, <cosponsor name-id="B001303">Ms. Blunt Rochester</cosponsor>, <cosponsor name-id="B001278">Ms. Bonamici</cosponsor>, <cosponsor name-id="B001223">Mr. Bowman</cosponsor>, <cosponsor name-id="B001296">Mr. Boyle of Pennsylvania</cosponsor>, <cosponsor name-id="B001313">Ms. Brown</cosponsor>, <cosponsor name-id="B001285">Ms. Brownley</cosponsor>, <cosponsor name-id="B001315">Ms. Budzinski</cosponsor>, <cosponsor name-id="B001224">Ms. Bush</cosponsor>, <cosponsor name-id="C001134">Ms. Caraveo</cosponsor>, <cosponsor name-id="C001112">Mr. Carbajal</cosponsor>, <cosponsor name-id="C001097">Mr. Cárdenas</cosponsor>, <cosponsor name-id="C001072">Mr. Carson</cosponsor>, <cosponsor name-id="C001090">Mr. Cartwright</cosponsor>, <cosponsor name-id="C001055">Mr. Case</cosponsor>, <cosponsor name-id="C001066">Ms. Castor of Florida</cosponsor>, <cosponsor name-id="C001091">Mr. Castro of Texas</cosponsor>, <cosponsor name-id="C001127">Mrs. Cherfilus-McCormick</cosponsor>, <cosponsor name-id="C001080">Ms. Chu</cosponsor>, <cosponsor name-id="C001084">Mr. Cicilline</cosponsor>, <cosponsor name-id="C001067">Ms. Clarke of New York</cosponsor>, <cosponsor name-id="C001061">Mr. Cleaver</cosponsor>, <cosponsor name-id="C001068">Mr. Cohen</cosponsor>, <cosponsor name-id="C001078">Mr. Connolly</cosponsor>, <cosponsor name-id="C001119">Ms. Craig</cosponsor>, <cosponsor name-id="C001130">Ms. Crockett</cosponsor>, <cosponsor name-id="D000096">Mr. Davis of Illinois</cosponsor>, <cosponsor name-id="D000631">Ms. Dean of Pennsylvania</cosponsor>, <cosponsor name-id="D000197">Ms. DeGette</cosponsor>, <cosponsor name-id="D000617">Ms. DelBene</cosponsor>, <cosponsor name-id="D000530">Mr. Deluzio</cosponsor>, <cosponsor name-id="D000623">Mr. DeSaulnier</cosponsor>, <cosponsor name-id="D000624">Mrs. Dingell</cosponsor>, <cosponsor name-id="E000299">Ms. Escobar</cosponsor>, <cosponsor name-id="E000215">Ms. Eshoo</cosponsor>, <cosponsor name-id="E000297">Mr. Espaillat</cosponsor>, <cosponsor name-id="E000296">Mr. Evans</cosponsor>, <cosponsor name-id="F000468">Mrs. Fletcher</cosponsor>, <cosponsor name-id="F000454">Mr. Foster</cosponsor>, <cosponsor name-id="G000574">Mr. Gallego</cosponsor>, <cosponsor name-id="G000587">Ms. Garcia of Texas</cosponsor>, <cosponsor name-id="G000586">Mr. García of Illinois</cosponsor>, <cosponsor name-id="G000585">Mr. Gomez</cosponsor>, <cosponsor name-id="G000583">Mr. Gottheimer</cosponsor>, <cosponsor name-id="G000553">Mr. Green of Texas</cosponsor>, <cosponsor name-id="G000551">Mr. Grijalva</cosponsor>, <cosponsor name-id="H001081">Mrs. Hayes</cosponsor>, <cosponsor name-id="H001038">Mr. Higgins of New York</cosponsor>, <cosponsor name-id="H001066">Mr. Horsford</cosponsor>, <cosponsor name-id="H001094">Ms. Hoyle of Oregon</cosponsor>, <cosponsor name-id="J000032">Ms. Jackson Lee</cosponsor>, <cosponsor name-id="J000305">Ms. Jacobs</cosponsor>, <cosponsor name-id="J000298">Ms. Jayapal</cosponsor>, <cosponsor name-id="J000288">Mr. Johnson of Georgia</cosponsor>, <cosponsor name-id="K000400">Ms. Kamlager-Dove</cosponsor>, <cosponsor name-id="K000009">Ms. Kaptur</cosponsor>, <cosponsor name-id="K000375">Mr. Keating</cosponsor>, <cosponsor name-id="K000385">Ms. Kelly of Illinois</cosponsor>, <cosponsor name-id="K000389">Mr. Khanna</cosponsor>, <cosponsor name-id="K000381">Mr. Kilmer</cosponsor>, <cosponsor name-id="K000391">Mr. Krishnamoorthi</cosponsor>, <cosponsor name-id="K000382">Ms. Kuster</cosponsor>, <cosponsor name-id="L000590">Mrs. Lee of Nevada</cosponsor>, <cosponsor name-id="L000551">Ms. Lee of California</cosponsor>, <cosponsor name-id="L000582">Mr. Lieu</cosponsor>, <cosponsor name-id="L000397">Ms. Lofgren</cosponsor>, <cosponsor name-id="L000562">Mr. Lynch</cosponsor>, <cosponsor name-id="M001135">Ms. Manning</cosponsor>, <cosponsor name-id="M001163">Ms. Matsui</cosponsor>, <cosponsor name-id="M001208">Mrs. McBath</cosponsor>, <cosponsor name-id="M001143">Ms. McCollum</cosponsor>, <cosponsor name-id="M000312">Mr. McGovern</cosponsor>, <cosponsor name-id="M001137">Mr. Meeks</cosponsor>, <cosponsor name-id="M001188">Ms. Meng</cosponsor>, <cosponsor name-id="M001160">Ms. Moore of Wisconsin</cosponsor>, <cosponsor name-id="M001206">Mr. Morelle</cosponsor>, <cosponsor name-id="M001217">Mr. Moskowitz</cosponsor>, <cosponsor name-id="M001196">Mr. Moulton</cosponsor>, <cosponsor name-id="N000002">Mr. Nadler</cosponsor>, <cosponsor name-id="N000179">Mrs. Napolitano</cosponsor>, <cosponsor name-id="N000191">Mr. Neguse</cosponsor>, <cosponsor name-id="N000188">Mr. Norcross</cosponsor>, <cosponsor name-id="N000147">Ms. Norton</cosponsor>, <cosponsor name-id="O000173">Ms. Omar</cosponsor>, <cosponsor name-id="P000034">Mr. Pallone</cosponsor>, <cosponsor name-id="P000613">Mr. Panetta</cosponsor>, <cosponsor name-id="P000614">Mr. Pappas</cosponsor>, <cosponsor name-id="P000096">Mr. Pascrell</cosponsor>, <cosponsor name-id="P000604">Mr. Payne</cosponsor>, <cosponsor name-id="P000608">Mr. Peters</cosponsor>, <cosponsor name-id="P000620">Ms. Pettersen</cosponsor>, <cosponsor name-id="P000597">Ms. Pingree</cosponsor>, <cosponsor name-id="P000610">Ms. Plaskett</cosponsor>, <cosponsor name-id="P000607">Mr. Pocan</cosponsor>, <cosponsor name-id="P000618">Ms. Porter</cosponsor>, <cosponsor name-id="P000617">Ms. Pressley</cosponsor>, <cosponsor name-id="Q000023">Mr. Quigley</cosponsor>, <cosponsor name-id="R000617">Mrs. Ramirez</cosponsor>, <cosponsor name-id="R000606">Mr. Raskin</cosponsor>, <cosponsor name-id="R000305">Ms. Ross</cosponsor>, <cosponsor name-id="S001177">Mr. Sablan</cosponsor>, <cosponsor name-id="S001156">Ms. Sánchez</cosponsor>, <cosponsor name-id="S001168">Mr. Sarbanes</cosponsor>, <cosponsor name-id="S001205">Ms. Scanlon</cosponsor>, <cosponsor name-id="S001145">Ms. Schakowsky</cosponsor>, <cosponsor name-id="S001150">Mr. Schiff</cosponsor>, <cosponsor name-id="S001216">Ms. Schrier</cosponsor>, <cosponsor name-id="S001157">Mr. David Scott of Georgia</cosponsor>, <cosponsor name-id="S001185">Ms. Sewell</cosponsor>, <cosponsor name-id="S001207">Ms. Sherrill</cosponsor>, <cosponsor name-id="S000510">Mr. Smith of Washington</cosponsor>, <cosponsor name-id="S001200">Mr. Soto</cosponsor>, <cosponsor name-id="S001218">Ms. Stansbury</cosponsor>, <cosponsor name-id="S001211">Mr. Stanton</cosponsor>, <cosponsor name-id="S001215">Ms. Stevens</cosponsor>, <cosponsor name-id="S001159">Ms. Strickland</cosponsor>, <cosponsor name-id="S001193">Mr. Swalwell</cosponsor>, <cosponsor name-id="T000472">Mr. Takano</cosponsor>, <cosponsor name-id="T000468">Ms. Titus</cosponsor>, <cosponsor name-id="T000481">Ms. Tlaib</cosponsor>, <cosponsor name-id="T000487">Ms. Tokuda</cosponsor>, <cosponsor name-id="T000469">Mr. Tonko</cosponsor>, <cosponsor name-id="T000474">Mrs. Torres of California</cosponsor>, <cosponsor name-id="T000482">Mrs. Trahan</cosponsor>, <cosponsor name-id="T000483">Mr. Trone</cosponsor>, <cosponsor name-id="V000130">Mr. Vargas</cosponsor>, <cosponsor name-id="V000131">Mr. Veasey</cosponsor>, <cosponsor name-id="V000081">Ms. Velázquez</cosponsor>, <cosponsor name-id="W000797">Ms. Wasserman Schultz</cosponsor>, <cosponsor name-id="W000822">Mrs. Watson Coleman</cosponsor>, <cosponsor name-id="W000825">Ms. Wexton</cosponsor>, and <cosponsor name-id="W000808">Ms. Wilson of Florida</cosponsor>) submitted the following concurrent resolution; which was referred to the <committee-name committee-id="HED00">Committee on Education and the Workforce</committee-name></action-desc></action><legis-type>CONCURRENT RESOLUTION</legis-type><official-title display="yes">Recognizing the significance of equal pay and the disparity between wages paid to men and women.</official-title></form><preamble><whereas><text>Whereas section 6(d) of the Fair Labor Standards Act of 1938 (<external-xref legal-doc="usc" parsable-cite="usc/29/206">29 U.S.C. 206(d)</external-xref>) prohibits discrimination in compensation for equal work on the basis of sex;</text></whereas><whereas><text>Whereas title VII of the Civil Rights Act of 1964 (<external-xref legal-doc="usc" parsable-cite="usc/42/2000e">42 U.S.C. 2000e et seq.</external-xref>) prohibits discrimination in compensation because of race, color, religion, national origin, or sex;</text></whereas><whereas><text>Whereas, nearly six decades after the passage of the Equal Pay Act of 1963 (<external-xref legal-doc="usc" parsable-cite="usc/29/206">29 U.S.C. 206</external-xref> note), Census Bureau data show that women working full time, year round are paid an average of 84 cents for every dollar paid to men, while Asian-American women working full time, year round are paid 92 cents, White, non-Hispanic women working full time, year round are paid 80 cents, African-American women working full time, year round are paid 67 cents, Native Hawaiian and Pacific Islander women working full time, year round are paid 65 cents, American Indian and Alaska Native women working full time, year round are paid 57 cents, and Latinas working full time, year round are paid 57 cents for every dollar paid to White, non-Hispanic men;</text></whereas><whereas><text>Whereas March 14, 2023, is Equal Pay Day, marking the day that symbolizes how long into 2023 women must work to make what men were paid in 2022;</text></whereas><whereas><text>Whereas April 5, 2023, is Asian American, Native Hawaiian, and Pacific Islander Women’s Equal Pay Day; August 30, 2023, is Native Hawaiian Pacific Islander Women’s Equal Pay Day; July 27, 2023, is Black Women’s Equal Pay Day; November 30, 2023, is Native Women’s Equal Pay Day; and October 5, 2023, is Latinas’ Equal Pay Day;</text></whereas><whereas><text>Whereas, if current trends continue, Asian women are projected to close the gender pay gap for all workers, including part-time, full time, and seasonal workers, in 24 years, White women in 43 years, Black women in 121 years, and Latinas in 187 years;</text></whereas><whereas><text>Whereas the disparity in median annual earnings for women and men working full time, year round is $9,954, which can add up to nearly $400,000 over a career;</text></whereas><whereas><text>Whereas women’s median earnings are less than men’s at every level of academic achievement, with women with less than a high school diploma earning 78 percent of men’s earnings, and women with a professional degree earning 70 percent of men’s earnings at the same level of education;</text></whereas><whereas><text>Whereas women are often paid less than men with lower levels of education, with women with associate’s degrees paid less than men with a high school diploma, and women with master’s degrees paid less than men with bachelor’s degrees;</text></whereas><whereas><text>Whereas, in the United States, mothers are breadwinners in more than half of families with children under 18, and mothers working full time typically are paid 74 percent of what fathers are paid;</text></whereas><whereas><text>Whereas the gender wage gap collectively costs women employed full time in the United States more than $958,000,000,000 in annual lost wages, so that families have less money to spend on goods and services that help drive economic growth;</text></whereas><whereas><text>Whereas, if the annual gender wage gap were eliminated, on average, a working woman in the United States would have enough money for approximately 1 year of childcare, 8 additional months of rent, 6 additional months of mortgage and utilities payments, the full cost of tuition and fees for attending a 2-year college, more than 6 additional months of premiums for employer-based health insurance, more than 8 additional years of birth control, more than 62 weeks of food, or enough money to pay off student loan debt in just under 4 years;</text></whereas><whereas><text>Whereas women hold nearly two-thirds of the Nation’s $1,700,000,000,000 in outstanding student loan debt, totaling over $929,000,000,000, and are less likely to be able to pay off their student loan debt promptly due to wage disparities;</text></whereas><whereas><text>Whereas the wage gap impacts women’s ability to save for retirement and women’s total Social Security and pension benefits, and older women are more likely than men to live in poverty;</text></whereas><whereas><text>Whereas sex discrimination in education, hiring, and promotion has played a role in maintaining a workforce segregated by sex;</text></whereas><whereas><text>Whereas sex-based wage differentials—</text><paragraph id="H1B495A4F539A41D6A92AB200669115C1"><enum>(1)</enum><text>depress employee wages and living standards necessary for health and well-being;</text></paragraph><paragraph id="H9810827CE8FC4FB2870C724A02BC9CBE"><enum>(2)</enum><text>reduce family incomes and contribute to the higher poverty rates among women and their families; and</text></paragraph><paragraph id="H999FD6D347604B9594A1069ED9897A9D"><enum>(3)</enum><text>prevent the effective and maximum utilization of available labor resources;</text></paragraph></whereas><whereas><text>Whereas a wage gap exists in nearly every occupational field, but opening traditionally male-dominated jobs to women and reducing occupational segregation by sex increases earnings for women;</text></whereas><whereas><text>Whereas nearly two-thirds of workers paid the minimum wage or less are women, and the concentration of women in low-wage jobs is a significant contributor to the wage gap;</text></whereas><whereas><text>Whereas the gender wage gap between union women and men is about half the size of the wage gap between nonunion women and men, and women union members typically earn $214 more per week than women who are not represented by unions;</text></whereas><whereas><text>Whereas, as much as 38 percent of the wage gap is unexplained by observable factors such as variation in educational attainment, industry, and occupation, and may reflect discrimination;</text></whereas><whereas><text>Whereas two-thirds of private sector workers report that employers either prohibit or discourage them from discussing their pay, which can keep the existence of pay discrimination hidden and prevent remedying that discrimination;</text></whereas><whereas><text>Whereas the lack of family-friendly policies, such as access to affordable, quality childcare, paid family and medical leave, paid sick days, and fair and predictable work schedules, forces many caregivers to choose between providing for their families financially and ensuring their loved ones receive quality care, and contributes to the wage gap;</text></whereas><whereas><text>Whereas 1 in 3 women have been on the receiving end of sexual harassment during their careers, and an estimated 87 to 94 percent of those who experience sexual harassment never file a formal complaint;</text></whereas><whereas><text>Whereas workplace harassment forces many women to leave their occupation or industry, or pass up opportunities for advancement, and this contributes to the gender wage gap;</text></whereas><whereas><text>Whereas equal pay strengthens the economic security of families and enhances retirement savings;</text></whereas><whereas><text>Whereas, when women are paid fairly, families are stronger, businesses prosper, and American values and the economy are strengthened;</text></whereas><whereas><text>Whereas, if women in the United States received equal pay comparable with men, poverty for working women would be reduced by half, and the economy would add $5,120,000,000 annually, based on a 2017 analysis;</text></whereas><whereas><text>Whereas the economic fallout from the COVID–19 pandemic has had a disproportionate impact on women and women of color, with women losing the majority of jobs lost since March 2020;</text></whereas><whereas><text>Whereas, since women earn less on average than their male partners, 3 times more women than men have left the workforce to look after their children who are learning from home;</text></whereas><whereas><text>Whereas women and women of color are now experiencing the lowest rates of employment in decades; and</text></whereas><whereas><text>Whereas numerous national organizations have designated Wednesday, March 14, 2023, as <quote>Equal Pay Day</quote> to represent the additional time that women must work to compensate for the average 16-percent lower wages paid to women working full time, year round last year: Now, therefore, be it</text></whereas></preamble><resolution-body style="traditional" id="HA4B2747435CF4A10A7544FA76521B18C"><section id="HE8A257B067F54B39A9BB733197D9BA62" section-type="undesignated-section" display-inline="yes-display-inline"><enum/><text display-inline="yes-display-inline">That Congress—</text><paragraph id="HF435BC43CDEF4B32A67B3FF5870DF10D"><enum>(1)</enum><text>recognizes the disparity between wages paid to women and men and its impact on women, families, and the Nation; and</text></paragraph><paragraph id="H55213C6AA43B4229AB9A2002F84FA106"><enum>(2)</enum><text>reaffirms its commitment to supporting equal pay and to narrowing the gender wage gap.</text></paragraph></section></resolution-body></resolution> 

