<?xml version="1.0"?>
<?xml-stylesheet type="text/xsl" href="billres.xsl"?>
<!DOCTYPE resolution PUBLIC "-//US Congress//DTDs/res.dtd//EN" "res.dtd">
<resolution resolution-stage="Introduced-in-House" dms-id="H985700A807AA48DE807C178AC2FB1EA2" public-private="public" resolution-type="house-concurrent" star-print="no-star-print" key="H"><metadata xmlns:dc="http://purl.org/dc/elements/1.1/">
<dublinCore>
<dc:title>118 HCON 2 IH: Expressing support for the Nation’s law enforcement agencies and condemning any efforts to defund or dismantle law enforcement agencies.</dc:title>
<dc:publisher>U.S. House of Representatives</dc:publisher>
<dc:date>2023-01-09</dc:date>
<dc:format>text/xml</dc:format>
<dc:language>EN</dc:language>
<dc:rights>Pursuant to Title 17 Section 105 of the United States Code, this file is not subject to copyright protection and is in the public domain.</dc:rights>
</dublinCore>
</metadata>
<form>
<distribution-code display="yes">IV</distribution-code><congress display="yes">118th CONGRESS</congress><session display="yes">1st Session</session><legis-num display="yes">H. CON. RES. 2</legis-num><current-chamber>IN THE HOUSE OF REPRESENTATIVES</current-chamber><action display="yes"><action-date date="20230109">January 9, 2023</action-date><action-desc><sponsor name-id="B001297">Mr. Buck</sponsor> (for himself, <cosponsor name-id="R000610">Mr. Reschenthaler</cosponsor>, <cosponsor name-id="F000471">Mr. Fitzgerald</cosponsor>, <cosponsor name-id="W000815">Mr. Wenstrup</cosponsor>, and <cosponsor name-id="H001091">Mrs. Hinson</cosponsor>) submitted the following concurrent resolution; which was referred to the <committee-name committee-id="HJU00">Committee on the Judiciary</committee-name></action-desc></action><legis-type>CONCURRENT RESOLUTION</legis-type><official-title display="yes">Expressing support for the Nation’s law enforcement agencies and condemning any efforts to defund or dismantle law enforcement agencies.</official-title></form><preamble><whereas><text>Whereas law enforcement officers protect the American people from criminals who seek to perpetrate violence and harm innocent lives regardless of the political circumstances of the day;</text></whereas><whereas><text>Whereas the brave men and women of the law enforcement community continually summon the courage to fulfill their solemn oath to ensure the safety of our communities and provide peace of mind for our Nation’s citizens;</text></whereas><whereas><text>Whereas America’s law enforcement community also seeks to assist the communities they serve through a variety of nontraditional means, including nonarrest pathways that connect individuals with treatment and recovery programs to overcome addiction, and juvenile diversion programs to prevent minors from entering the criminal justice system;</text></whereas><whereas><text>Whereas supporting law enforcement officers with the equipment, training, and funding necessary to serve our communities and keep our streets safe has long been a bipartisan issue, dating back to President Clinton and then-Senator Biden joining their Republican colleagues to pass the Violent Crime Control and Law Enforcement Act of 1994;</text></whereas><whereas><text>Whereas law enforcement officers willingly face dangerous circumstances and the threat of serious bodily injury or death on a daily basis to ensure the safety of all Americans;</text></whereas><whereas><text>Whereas the National Law Enforcement Memorial and Museum’s 2021 Law Enforcement Officers Fatalities Report detailed that 458 law enforcement officers were killed in the line of duty in 2021, an increase of 55 percent from the previous year, including 62 officers who were killed in firearms-related incidents and 301 officers who were killed by COVID–19;</text></whereas><whereas><text>Whereas protests have been hijacked by violent extremists seeking to sow discord, damage property, loot businesses, and inflict harm against civilians and law enforcement officers;</text></whereas><whereas><text>Whereas law enforcement officers have been run over, shot, hit with objects, and stabbed attempting to maintain peace and the rule of law;</text></whereas><whereas><text>Whereas progressive politicians and interest groups have responded to this violence with calls to defund law enforcement agencies across the Nation;</text></whereas><whereas><text>Whereas defunding or otherwise handcuffing law enforcement officers will make officers less likely to intervene in dangerous situations and will result in law enforcement pulling back from the neighborhoods they are entrusted to protect;</text></whereas><whereas><text>Whereas violent crime increases when law enforcement is forced to withdraw from neighborhoods;</text></whereas><whereas><text>Whereas the vilification of the Nation’s law enforcement officers and the embracing of hateful rhetoric against these brave men and women only places them further in harm’s way;</text></whereas><whereas><text>Whereas these brave men and women must operate in an environment where their moral and legal authority is constantly being scrutinized, and they undertake the critical yet difficult task of addressing the actions of those affected by addiction, homelessness, and mental illness; and</text></whereas><whereas><text>Whereas efforts to defund police departments will cause irreparable and lasting damage to the Nation: Now, therefore, be it</text></whereas></preamble><resolution-body style="OLC" id="H0AB0A8838B7C448D9C96B91E2CC5D581"><section id="H173FA4E896694876A59DAEECB8CB2E2F" display-inline="yes-display-inline" section-type="undesignated-section"><text>That Congress—</text><paragraph id="HFCBDE9C257AD4D81B42DAAD921A2643A"><enum>(1)</enum><text>offers its sincere gratitude and appreciation to the Nation’s law enforcement officers who protect and serve our communities; </text></paragraph><paragraph id="H6E7845D6AD574AA2BC245259B5996D83"><enum>(2)</enum><text>recognizes the great sacrifice our law enforcement officers make to keep the Nation safe; and</text></paragraph><paragraph id="H3198A38F80414BA2B8660DAF7C744068"><enum>(3)</enum><text>rejects the misguided and dangerous efforts to defund and dismantle the Nation’s law enforcement agencies.</text></paragraph></section></resolution-body></resolution> 

