<?xml version="1.0"?>
<?xml-stylesheet type="text/xsl" href="billres.xsl"?>
<!DOCTYPE resolution PUBLIC "-//US Congress//DTDs/res.dtd//EN" "res.dtd">
<resolution resolution-stage="Introduced-in-House" dms-id="HF7EB0BEC34BB46BD8A5A08B3A07AC7C9" public-private="public" resolution-type="house-concurrent" star-print="no-star-print" key="H"><metadata xmlns:dc="http://purl.org/dc/elements/1.1/">
<dublinCore>
<dc:title>118 HCON 75 IH: Expressing the sense of Congress that a commemorative postage stamp should be issued in honor of the Buffalo Soldiers.</dc:title>
<dc:publisher>U.S. House of Representatives</dc:publisher>
<dc:date>2023-11-09</dc:date>
<dc:format>text/xml</dc:format>
<dc:language>EN</dc:language>
<dc:rights>Pursuant to Title 17 Section 105 of the United States Code, this file is not subject to copyright protection and is in the public domain.</dc:rights>
</dublinCore>
</metadata>
<form>
<distribution-code display="yes">IV</distribution-code><congress display="yes">118th CONGRESS</congress><session display="yes">1st Session</session><legis-num display="yes">H. CON. RES. 75</legis-num><current-chamber>IN THE HOUSE OF REPRESENTATIVES</current-chamber><action display="yes"><action-date date="20231109">November 9, 2023</action-date><action-desc><sponsor name-id="B001281">Mrs. Beatty</sponsor> (for herself, <cosponsor name-id="A000370">Ms. Adams</cosponsor>, <cosponsor name-id="B000490">Mr. Bishop of Georgia</cosponsor>, <cosponsor name-id="B001303">Ms. Blunt Rochester</cosponsor>, <cosponsor name-id="B001313">Ms. Brown</cosponsor>, <cosponsor name-id="C001066">Ms. Castor of Florida</cosponsor>, <cosponsor name-id="C001127">Mrs. Cherfilus-McCormick</cosponsor>, <cosponsor name-id="C001067">Ms. Clarke of New York</cosponsor>, <cosponsor name-id="C001061">Mr. Cleaver</cosponsor>, <cosponsor name-id="C000537">Mr. Clyburn</cosponsor>, <cosponsor name-id="C001068">Mr. Cohen</cosponsor>, <cosponsor name-id="W000822">Mrs. Watson Coleman</cosponsor>, <cosponsor name-id="C001059">Mr. Costa</cosponsor>, <cosponsor name-id="C001130">Ms. Crockett</cosponsor>, <cosponsor name-id="D000617">Ms. DelBene</cosponsor>, <cosponsor name-id="E000297">Mr. Espaillat</cosponsor>, <cosponsor name-id="E000296">Mr. Evans</cosponsor>, <cosponsor name-id="H001081">Mrs. Hayes</cosponsor>, <cosponsor name-id="H001038">Mr. Higgins of New York</cosponsor>, <cosponsor name-id="H001066">Mr. Horsford</cosponsor>, <cosponsor name-id="J000309">Mr. Jackson of Illinois</cosponsor>, <cosponsor name-id="J000032">Ms. Jackson Lee</cosponsor>, <cosponsor name-id="J000288">Mr. Johnson of Georgia</cosponsor>, <cosponsor name-id="K000385">Ms. Kelly of Illinois</cosponsor>, <cosponsor name-id="K000381">Mr. Kilmer</cosponsor>, <cosponsor name-id="L000551">Ms. Lee of California</cosponsor>, <cosponsor name-id="L000602">Ms. Lee of Pennsylvania</cosponsor>, <cosponsor name-id="L000562">Mr. Lynch</cosponsor>, <cosponsor name-id="M001208">Mrs. McBath</cosponsor>, <cosponsor name-id="M001227">Ms. McClellan</cosponsor>, <cosponsor name-id="M001137">Mr. Meeks</cosponsor>, <cosponsor name-id="M001160">Ms. Moore of Wisconsin</cosponsor>, <cosponsor name-id="N000147">Ms. Norton</cosponsor>, <cosponsor name-id="P000604">Mr. Payne</cosponsor>, <cosponsor name-id="P000617">Ms. Pressley</cosponsor>, <cosponsor name-id="S000185">Mr. Scott of Virginia</cosponsor>, <cosponsor name-id="S001185">Ms. Sewell</cosponsor>, <cosponsor name-id="S001200">Mr. Soto</cosponsor>, <cosponsor name-id="S001159">Ms. Strickland</cosponsor>, <cosponsor name-id="S001223">Mrs. Sykes</cosponsor>, <cosponsor name-id="T000486">Mr. Torres of New York</cosponsor>, <cosponsor name-id="V000131">Mr. Veasey</cosponsor>, <cosponsor name-id="W000788">Ms. Williams of Georgia</cosponsor>, and <cosponsor name-id="W000808">Ms. Wilson of Florida</cosponsor>) submitted the following concurrent resolution; which was referred to the <committee-name committee-id="HGO00">Committee on Oversight and Accountability</committee-name></action-desc></action><legis-type>CONCURRENT RESOLUTION</legis-type><official-title display="yes">Expressing the sense of Congress that a commemorative postage stamp should be issued in honor of the Buffalo Soldiers.</official-title></form><preamble> 
<whereas><text>Whereas, on July 28, 1866, Congress established six all-Black regiments, later consolidated to four, to help rebuild the country after the Civil War and to patrol the remote western frontier during the Indian wars;</text></whereas> <whereas><text>Whereas Colonel Charles Young was a Buffalo Soldier and the highest ranking African-American commanding officer in the United States Army from 1894 until his death in 1922;</text></whereas> 
<whereas><text>Whereas more than 200,000 African Americans served in World War I and more than 1 million served in World War II;</text></whereas> <whereas><text>Whereas the Buffalo Soldiers received their name because of the buffalo’s fierce bravery and fighting spirit;</text></whereas> 
<whereas><text>Whereas African-American troops accepted the name, Buffalo Soldiers, with pride and honor;</text></whereas> <whereas><text>Whereas the Buffalo Soldiers fought alongside White regiments in many conflicts and were instrumental in the exploration and settlement of western lands;</text></whereas> 
<whereas><text>Whereas, over the 82 years of the Buffalo Soldiers’ existence, 23 men received the Congressional Medal of Honor, the highest recognition awarded by the United States Government for military service;</text></whereas> <whereas><text>Whereas the Buffalo Soldiers ceased to exist in 1948 when President Harry Truman signed Executive Order 9981 mandating equal treatment and opportunity for African-American servicemen;</text></whereas> 
<whereas><text>Whereas the Buffalo Soldiers are a significant part of American military history;</text></whereas> <whereas><text>Whereas a stamp was issued in honor of the Buffalo Soldiers on April 22, 1994, and this stamp was placed on <quote>off sale</quote> in December 1995; and</text></whereas> 
<whereas><text>Whereas reissuing a postage stamp to honor the Buffalo Soldiers is fitting and proper: Now, therefore, be it</text></whereas></preamble><resolution-body style="OLC" id="H7810A2C50DE841D582E1A37E7B1A0798"> <section display-inline="yes-display-inline" id="H42CFB75E160A4963A59806A709EBAFA1" section-type="undesignated-section"><text>That it is the sense of Congress that—</text> 
<paragraph id="HBFA49469CA1A4B4FA164C9DE8D61B8F8"><enum>(1)</enum><text display-inline="yes-display-inline">a commemorative postage stamp should be issued in honor of the Buffalo Soldiers; and</text></paragraph> <paragraph id="H975275E230E54F4696A4E28EB943F4B1"><enum>(2)</enum><text display-inline="yes-display-inline">the Citizens’ Stamp Advisory Committee should recommend to the Postmaster General that such a stamp be issued.</text></paragraph></section> 
</resolution-body></resolution>

