<?xml version="1.0"?>
<?xml-stylesheet type="text/xsl" href="billres.xsl"?>
<!DOCTYPE resolution PUBLIC "-//US Congress//DTDs/res.dtd//EN" "res.dtd">
<resolution resolution-stage="Introduced-in-House" dms-id="H3E33E36F8BEE4F1AB0FC1129D8054ED2" public-private="public" resolution-type="house-concurrent" star-print="no-star-print" key="H"><metadata xmlns:dc="http://purl.org/dc/elements/1.1/">
<dublinCore>
<dc:title>118 HCON 33 IH: Freedom to Decide Act</dc:title>
<dc:publisher>U.S. House of Representatives</dc:publisher>
<dc:date>2023-04-13</dc:date>
<dc:format>text/xml</dc:format>
<dc:language>EN</dc:language>
<dc:rights>Pursuant to Title 17 Section 105 of the United States Code, this file is not subject to copyright protection and is in the public domain.</dc:rights>
</dublinCore>
</metadata>
<form>
<distribution-code display="yes">IV</distribution-code><congress display="yes">118th CONGRESS</congress><session display="yes">1st Session</session><legis-num display="yes">H. CON. RES. 33</legis-num><current-chamber>IN THE HOUSE OF REPRESENTATIVES</current-chamber><action display="yes"><action-date date="20230413">April 13, 2023</action-date><action-desc><sponsor name-id="G000583">Mr. Gottheimer</sponsor> (for himself, <cosponsor name-id="C001130">Ms. Crockett</cosponsor>, and <cosponsor name-id="C001119">Ms. Craig</cosponsor>) submitted the following concurrent resolution; which was referred to the <committee-name committee-id="HIF00">Committee on Energy and Commerce</committee-name>, and in addition to the Committee on <committee-name committee-id="HJU00">the Judiciary</committee-name>, for a period to be subsequently determined by the Speaker, in each case for consideration of such provisions as fall within the jurisdiction of the committee concerned</action-desc></action><legis-type>CONCURRENT RESOLUTION</legis-type><official-title display="yes">Expressing support for access to medication abortion in the United States.</official-title></form><preamble><whereas><text>Whereas all people have a fundamental right to make personal, private health care decisions about their own bodies, lives, and futures;</text></whereas><whereas><text>Whereas access to medication abortion is essential to protecting that fundamental right and does note violate Federal law, as confirmed by the December 23, 2022, Department of Justice’s Office of Legal Counsel Memorandum Opinion entitled <quote>Application of the Comstock Act to the Mailing of Prescription Drugs That Can Be Used for Abortions</quote>;</text></whereas><whereas><text>Whereas telehealth services for medication abortion are safe and dramatically improve accessibility of reproductive health care services; and</text></whereas><whereas><text>Whereas the drug mifepristone was appropriately approved under the Federal Food, Drug, and Cosmetic Act (<external-xref legal-doc="usc" parsable-cite="usc/21/301">21 U.S.C. 301 et seq.</external-xref>): Now, therefore, be it</text></whereas></preamble><resolution-body style="OLC" id="HC4840AABC7F340B1A09877AAB47E0208"><section id="H347845A86DA147BD91AFA67D87EBDDEC" section-type="section-one"><enum>1.</enum><header>Short title</header><text display-inline="no-display-inline">This resolution may be cited as the <quote><short-title>Freedom to Decide Act</short-title></quote>.</text></section><section id="H1FA7C1B6772D49FCBFD4146C923CCB29"><enum>2.</enum><header>Sense of Congress</header><text display-inline="no-display-inline">It is the sense of Congress to—</text><paragraph id="HB32CF9D9D70F48ECAD87FCEC5885D283"><enum>(1)</enum><text>affirm the existing authority to distribute medication abortion under Federal law, as confirmed by the December 23, 2022, Department of Justice’s Office of Legal Counsel Memorandum Opinion for the General Counsel of the United States Postal Service which states in part that <quote>Section 1461 of title 18 of the U.S. Code does not prohibit the mailing of certain drugs that can be used to perform abortions where the sender lacks the intent that the recipient of the drugs will use them unlawfully.</quote>; and</text></paragraph><paragraph id="H70F1554365F14DD38F56931DDE70D524"><enum>(2)</enum><text>condemn restrictions on access to and coverage of reproductive health care, including medication abortion like mifepristone.</text></paragraph></section></resolution-body></resolution> 

